{
	"__comment": "Разработано специально для Hard-Days.SU  ::  If you steal our models - you PIDOR!",
"textures": {
    "texture": "melees/1338811546"
},
"elements": [ 
{
    "from": [ 9.5, 9.375, 1.5 ],
    "to": [ 11, 9.75, 1.875 ],
    "faces": {
        "up":    { "uv": [ 9.0625, 0, 9.125, 0.25 ], "rotation": 270, "texture": "#texture" },
        "south": { "uv": [ 7.875, 6.6875, 8.125, 6.75 ], "texture": "#texture" }
    }
},
{
    "from": [ -15.25, 8.625, 0.75 ],
    "to": [ -13.75, 9, 1.5 ],
    "faces": {
        "up":    { "uv": [ 7.5625, 0, 7.6875, 0.25 ], "rotation": 270, "texture": "#texture" },
        "north": { "uv": [ 8.125, 6.6875, 8.375, 6.75 ], "texture": "#texture" },
        "west":  { "uv": [ 7.4375, 0, 7.5625, 0.0625 ], "texture": "#texture" }
    }
},
{
    "from": [ -15.25, 4.125, 0.75 ],
    "to": [ -13.75, 4.5, 1.125 ],
    "faces": {
        "down":  { "uv": [ 9.1875, 0, 9.25, 0.25 ], "rotation": 270, "texture": "#texture" },
        "north": { "uv": [ 9.125, 6.6875, 9.375, 6.75 ], "texture": "#texture" },
        "west":  { "uv": [ 8.25, 6.6875, 8.3125, 6.75 ], "texture": "#texture" }
    }
},
{
    "from": [ -12.25, 1.5, 2.25 ],
    "to": [ -11.5, 1.875, 2.625 ],
    "faces": {
        "down":  { "uv": [ 7.5625, 0.0625, 7.625, 0.1875 ], "rotation": 270, "texture": "#texture" },
        "up":    { "uv": [ 7.5625, 0.0625, 7.625, 0.1875 ], "rotation": 270, "texture": "#texture" },
        "south": { "uv": [ 8.4375, 6.6875, 8.5625, 6.75 ], "texture": "#texture" },
        "west":  { "uv": [ 8.25, 6.6875, 8.3125, 6.75 ], "texture": "#texture" },
        "east":  { "uv": [ 8.25, 6.6875, 8.3125, 6.75 ], "texture": "#texture" }
    }
},
{
    "from": [ -14.875, 4.125, 0.375 ],
    "to": [ -13.375, 4.875, 0.75 ],
    "faces": {
        "down":  { "uv": [ 9.25, 0, 9.3125, 0.25 ], "rotation": 270, "texture": "#texture" },
        "up":    { "uv": [ 9.3125, 0, 9.375, 0.25 ], "rotation": 270, "texture": "#texture" },
        "north": { "uv": [ 12.125, 0, 12.375, 0.125 ], "texture": "#texture" },
        "west":  { "uv": [ 9.125, 0, 9.1875, 0.125 ], "texture": "#texture" },
        "east":  { "uv": [ 12.125, 0, 12.1875, 0.125 ], "texture": "#texture" }
    }
},
{
    "from": [ 22.25, 8.25, 0.75 ],
    "to": [ 24.5, 8.625, 1.125 ],
    "faces": {
        "down":  { "uv": [ 1.5, 0.375, 1.5625, 0.75 ], "rotation": 270, "texture": "#texture" },
        "north": { "uv": [ 11.1875, 6.5625, 11.5625, 6.625 ], "texture": "#texture" }
    }
},
{
    "from": [ 0.875, 9.375, 0.75 ],
    "to": [ 2.75, 9.75, 1.125 ],
    "faces": {
        "up":    { "uv": [ 5.6875, 0, 5.75, 0.3125 ], "rotation": 270, "texture": "#texture" },
        "north": { "uv": [ 0.75, 6.6875, 1.0625, 6.75 ], "texture": "#texture" }
    }
},
{
    "from": [ 14.375, 8.25, 0.75 ],
    "to": [ 15.875, 8.625, 1.125 ],
    "faces": {
        "down":  { "uv": [ 1.5, 0.375, 1.5625, 0.625 ], "rotation": 270, "texture": "#texture" },
        "north": { "uv": [ 11.1875, 6.5625, 11.4375, 6.625 ], "texture": "#texture" }
    }
},
{
    "from": [ 2, 8.25, 1.5 ],
    "to": [ 5.375, 8.625, 1.875 ],
    "faces": {
        "down":  { "uv": [ 1.75, 0, 1.8125, 0.5625 ], "rotation": 270, "texture": "#texture" },
        "south": { "uv": [ 13.875, 6.5625, 14.4375, 6.625 ], "texture": "#texture" }
    }
},
{
    "from": [ -2.875, 9.375, 1.125 ],
    "to": [ -0.625, 9.75, 1.5 ],
    "faces": {
        "up":    { "uv": [ 4.1875, 0, 4.25, 0.375 ], "rotation": 270, "texture": "#texture" }
    }
},
{
    "from": [ -3.625, 8.25, 1.125 ],
    "to": [ -1.75, 8.625, 1.5 ],
    "faces": {
        "down":  { "uv": [ 1.5, 0.375, 1.5625, 0.6875 ], "rotation": 270, "texture": "#texture" }
    }
},
{
    "from": [ 21.125, 8.25, 1.5 ],
    "to": [ 22.625, 8.625, 1.875 ],
    "faces": {
        "down":  { "uv": [ 1.5, 0.375, 1.5625, 0.625 ], "rotation": 270, "texture": "#texture" },
        "south": { "uv": [ 11.1875, 6.5625, 11.4375, 6.625 ], "texture": "#texture" }
    }
},
{
    "from": [ -14.5, 4.125, 1.125 ],
    "to": [ -13, 4.5, 1.875 ],
    "faces": {
        "south": { "uv": [ 9.375, 6.6875, 9.625, 6.75 ], "texture": "#texture" },
        "east":  { "uv": [ 8.4375, 6.6875, 8.5625, 6.75 ], "texture": "#texture" }
    }
},
{
    "from": [ -13.75, 2.625, 0.75 ],
    "to": [ -13.375, 3, 1.125 ],
    "faces": {
        "down":  { "uv": [ 8.125, 6.6875, 8.1875, 6.75 ], "rotation": 270, "texture": "#texture" },
        "north": { "uv": [ 8.125, 6.6875, 8.1875, 6.75 ], "texture": "#texture" },
        "south": { "uv": [ 8.125, 6.6875, 8.1875, 6.75 ], "texture": "#texture" },
        "west":  { "uv": [ 8.125, 6.6875, 8.1875, 6.75 ], "texture": "#texture" },
        "east":  { "uv": [ 8.125, 6.6875, 8.1875, 6.75 ], "texture": "#texture" }
    }
},
{
    "from": [ -14.125, 3.375, 0.375 ],
    "to": [ -12.625, 3.75, 0.75 ],
    "faces": {
        "down":  { "uv": [ 9.375, 0, 9.4375, 0.25 ], "rotation": 270, "texture": "#texture" },
        "up":    { "uv": [ 9.375, 0, 9.4375, 0.25 ], "rotation": 270, "texture": "#texture" },
        "north": { "uv": [ 9.625, 6.6875, 9.875, 6.75 ], "texture": "#texture" },
        "west":  { "uv": [ 8.25, 6.6875, 8.3125, 6.75 ], "texture": "#texture" },
        "east":  { "uv": [ 9.625, 6.6875, 9.6875, 6.75 ], "texture": "#texture" }
    }
},
{
    "from": [ 27.875, 8.625, 1.125 ],
    "to": [ 29.375, 9, 1.5 ],
    "faces": {
        "down":  { "uv": [ 9.4375, 0, 9.5, 0.25 ], "rotation": 270, "texture": "#texture" },
        "east":  { "uv": [ 7.6875, 6.6875, 7.75, 6.75 ], "texture": "#texture" }
    }
},
{
    "from": [ 23.75, 9, 1.875 ],
    "to": [ 25.625, 9.375, 2.25 ],
    "faces": {
        "up":    { "uv": [ 5.8125, 0, 5.875, 0.3125 ], "rotation": 270, "texture": "#texture" },
        "south": { "uv": [ 1.6875, 6.6875, 2, 6.75 ], "texture": "#texture" }
    }
},
{
    "from": [ -10.375, 9, 1.875 ],
    "to": [ -8.5, 9.375, 2.25 ],
    "faces": {
        "up":    { "uv": [ 5.875, 0, 5.9375, 0.3125 ], "rotation": 270, "texture": "#texture" },
        "south": { "uv": [ 2.3125, 6.6875, 2.625, 6.75 ], "texture": "#texture" }
    }
},
{
    "from": [ 11, 8.25, 1.125 ],
    "to": [ 15.125, 8.625, 1.5 ],
    "faces": {
        "down":  { "uv": [ 1.75, 0, 1.8125, 0.6875 ], "rotation": 270, "texture": "#texture" }
    }
},
{
    "from": [ -8.125, 9.375, 0.75 ],
    "to": [ -7, 9.75, 1.125 ],
    "faces": {
        "up":    { "uv": [ 2.25, 0.375, 2.3125, 0.5625 ], "rotation": 270, "texture": "#texture" },
        "north": { "uv": [ 5.3125, 6.625, 5.5, 6.6875 ], "texture": "#texture" }
    }
},
{
    "from": [ -15.625, 5.25, 0.75 ],
    "to": [ -13.75, 5.625, 1.5 ],
    "faces": {
        "up":    { "uv": [ 5.4375, 0, 5.5625, 0.3125 ], "rotation": 270, "texture": "#texture" },
        "north": { "uv": [ 2.625, 6.6875, 2.9375, 6.75 ], "texture": "#texture" },
        "west":  { "uv": [ 8.4375, 6.6875, 8.5625, 6.75 ], "texture": "#texture" },
        "east":  { "uv": [ 5.4375, 0.25, 5.5625, 0.3125 ], "texture": "#texture" }
    }
},
{
    "from": [ -5.125, 9.375, 0.75 ],
    "to": [ -2.5, 9.75, 1.125 ],
    "faces": {
        "up":    { "uv": [ 2.625, 0, 2.6875, 0.4375 ], "rotation": 270, "texture": "#texture" },
        "north": { "uv": [ 7.5, 6.625, 7.9375, 6.6875 ], "texture": "#texture" }
    }
},
{
    "from": [ -13, 2.625, 0.75 ],
    "to": [ -11.5, 3, 1.125 ],
    "faces": {
        "up":    { "uv": [ 9.5, 0, 9.5625, 0.25 ], "rotation": 270, "texture": "#texture" },
        "north": { "uv": [ 9.875, 6.6875, 10.125, 6.75 ], "texture": "#texture" },
        "south": { "uv": [ 10.125, 6.6875, 10.375, 6.75 ], "texture": "#texture" },
        "west":  { "uv": [ 8.3125, 6.6875, 8.375, 6.75 ], "texture": "#texture" },
        "east":  { "uv": [ 0.8125, 6.6875, 0.875, 6.75 ], "texture": "#texture" }
    }
},
{
    "from": [ -14.5, 3.75, 0 ],
    "to": [ -13.75, 4.125, 0.375 ],
    "faces": {
        "down":  { "uv": [ 9.125, 0.0625, 9.1875, 0.1875 ], "rotation": 270, "texture": "#texture" },
        "up":    { "uv": [ 9.125, 0.0625, 9.1875, 0.1875 ], "rotation": 270, "texture": "#texture" },
        "north": { "uv": [ 8.6875, 6.6875, 8.8125, 6.75 ], "texture": "#texture" },
        "west":  { "uv": [ 8.25, 6.6875, 8.3125, 6.75 ], "texture": "#texture" },
        "east":  { "uv": [ 8.6875, 6.6875, 8.75, 6.75 ], "texture": "#texture" }
    }
},
{
    "from": [ 11.375, 9, 1.875 ],
    "to": [ 18.125, 9.375, 2.25 ],
    "faces": {
        "up":    { "uv": [ 1, 0, 1.0625, 1.125 ], "rotation": 270, "texture": "#texture" },
        "south": { "uv": [ 4.8125, 6.5625, 5.9375, 6.625 ], "texture": "#texture" }
    }
},
{
    "from": [ -14.5, 9, 1.5 ],
    "to": [ -12.25, 9.375, 1.875 ],
    "faces": {
        "up":    { "uv": [ 0.0625, 0, 0.125, 0.375 ], "rotation": 270, "texture": "#texture" },
        "south": { "uv": [ 4.1875, 6.3125, 4.5625, 6.375 ], "texture": "#texture" },
        "west":  { "uv": [ 8.25, 6.6875, 8.3125, 6.75 ], "texture": "#texture" }
    }
},
{
    "from": [ 17, 9.375, 1.5 ],
    "to": [ 19.25, 9.75, 1.875 ],
    "faces": {
        "up":    { "uv": [ 4.25, 0, 4.3125, 0.375 ], "rotation": 270, "texture": "#texture" },
        "south": { "uv": [ 10.9375, 6.625, 11.3125, 6.6875 ], "texture": "#texture" }
    }
},
{
    "from": [ 20, 9.375, 1.125 ],
    "to": [ 21.875, 9.75, 1.5 ],
    "faces": {
        "up":    { "uv": [ 5.9375, 0, 6, 0.3125 ], "rotation": 270, "texture": "#texture" }
    }
},
{
    "from": [ 30.5, 10.125, 0.75 ],
    "to": [ 31.625, 10.5, 1.875 ],
    "faces": {
        "down":  { "uv": [ 10.8125, 0, 11, 0.1875 ], "rotation": 270, "texture": "#texture" },
        "up":    { "uv": [ 11, 0, 11.1875, 0.1875 ], "rotation": 270, "texture": "#texture" },
        "north": { "uv": [ 8.0625, 6.25, 8.25, 6.3125 ], "texture": "#texture" },
        "south": { "uv": [ 1.1875, 6.6875, 1.375, 6.75 ], "texture": "#texture" },
        "west":  { "uv": [ 11.1875, 6.5625, 11.375, 6.625 ], "texture": "#texture" },
        "east":  { "uv": [ 11, 0.125, 11.1875, 0.1875 ], "texture": "#texture" }
    }
},
{
    "from": [ -11.875, 1.125, 1.875 ],
    "to": [ -10.75, 1.5, 2.25 ],
    "faces": {
        "down":  { "uv": [ 11.1875, 0, 11.25, 0.1875 ], "rotation": 270, "texture": "#texture" },
        "south": { "uv": [ 2.5, 6.75, 2.6875, 6.8125 ], "texture": "#texture" },
        "west":  { "uv": [ 8.6875, 6.6875, 8.75, 6.75 ], "texture": "#texture" },
        "east":  { "uv": [ 8.625, 6.6875, 8.6875, 6.75 ], "texture": "#texture" }
    }
},
{
    "from": [ 5.375, 8.25, 0.75 ],
    "to": [ 7.25, 8.625, 1.125 ],
    "faces": {
        "down":  { "uv": [ 1.5, 0.375, 1.5625, 0.6875 ], "rotation": 270, "texture": "#texture" },
        "north": { "uv": [ 11.1875, 6.5625, 11.5, 6.625 ], "texture": "#texture" }
    }
},
{
    "from": [ 22.625, 9, 1.875 ],
    "to": [ 23.75, 9.375, 2.25 ],
    "faces": {
        "up":    { "uv": [ 11.25, 0, 11.3125, 0.1875 ], "rotation": 270, "texture": "#texture" },
        "south": { "uv": [ 2.6875, 6.75, 2.875, 6.8125 ], "texture": "#texture" }
    }
},
{
    "from": [ -15.25, 7.125, 1.875 ],
    "to": [ -14.5, 7.875, 2.25 ],
    "faces": {
        "south": { "uv": [ 5.4375, 0.125, 5.5625, 0.25 ], "texture": "#texture" },
        "west":  { "uv": [ 7.5625, 0.0625, 7.625, 0.1875 ], "texture": "#texture" },
        "east":  { "uv": [ 7.5625, 0.0625, 7.625, 0.1875 ], "texture": "#texture" }
    }
},
{
    "from": [ -13, 2.25, 0 ],
    "to": [ -12.25, 2.625, 0.375 ],
    "faces": {
        "down":  { "uv": [ 3.625, 0.0625, 3.6875, 0.1875 ], "rotation": 270, "texture": "#texture" },
        "up":    { "uv": [ 3.625, 0.0625, 3.6875, 0.1875 ], "rotation": 270, "texture": "#texture" },
        "north": { "uv": [ 11.6875, 6.625, 11.8125, 6.6875 ], "texture": "#texture" },
        "west":  { "uv": [ 8.25, 6.6875, 8.3125, 6.75 ], "texture": "#texture" },
        "east":  { "uv": [ 11.6875, 6.625, 11.75, 6.6875 ], "texture": "#texture" }
    }
},
{
    "from": [ -14.125, 3.375, 2.25 ],
    "to": [ -13.375, 3.75, 2.625 ],
    "faces": {
        "down":  { "uv": [ 13.75, 0, 13.8125, 0.125 ], "rotation": 270, "texture": "#texture" },
        "up":    { "uv": [ 13.75, 0, 13.8125, 0.125 ], "rotation": 270, "texture": "#texture" },
        "south": { "uv": [ 8.125, 6.6875, 8.25, 6.75 ], "texture": "#texture" },
        "west":  { "uv": [ 8.125, 6.6875, 8.1875, 6.75 ], "texture": "#texture" },
        "east":  { "uv": [ 8.1875, 6.6875, 8.25, 6.75 ], "texture": "#texture" }
    }
},
{
    "from": [ 21.875, 9.375, 1.125 ],
    "to": [ 23, 9.75, 1.5 ],
    "faces": {
        "up":    { "uv": [ 11.3125, 0, 11.375, 0.1875 ], "rotation": 270, "texture": "#texture" }
    }
},
{
    "from": [ 29, 9.375, 1.875 ],
    "to": [ 29.75, 9.75, 2.25 ],
    "faces": {
        "down":  { "uv": [ 7.625, 0, 7.6875, 0.125 ], "rotation": 270, "texture": "#texture" },
        "up":    { "uv": [ 7.625, 0, 7.6875, 0.125 ], "rotation": 270, "texture": "#texture" },
        "south": { "uv": [ 2.8125, 6.6875, 2.9375, 6.75 ], "texture": "#texture" },
        "west":  { "uv": [ 8.3125, 6.6875, 8.375, 6.75 ], "texture": "#texture" },
        "east":  { "uv": [ 8.25, 6.6875, 8.3125, 6.75 ], "texture": "#texture" }
    }
},
{
    "from": [ -15.25, 4.875, 0.375 ],
    "to": [ -13.75, 5.25, 0.75 ],
    "faces": {
        "down":  { "uv": [ 9.5625, 0, 9.625, 0.25 ], "rotation": 270, "texture": "#texture" },
        "up":    { "uv": [ 9.5625, 0, 9.625, 0.25 ], "rotation": 270, "texture": "#texture" },
        "north": { "uv": [ 10.375, 6.6875, 10.625, 6.75 ], "texture": "#texture" },
        "west":  { "uv": [ 8.3125, 6.6875, 8.375, 6.75 ], "texture": "#texture" },
        "east":  { "uv": [ 8.1875, 6.6875, 8.25, 6.75 ], "texture": "#texture" }
    }
},
{
    "from": [ -15.25, 4.875, 1.875 ],
    "to": [ -13.75, 5.25, 2.25 ],
    "faces": {
        "down":  { "uv": [ 9.625, 0, 9.6875, 0.25 ], "rotation": 270, "texture": "#texture" },
        "up":    { "uv": [ 9.625, 0, 9.6875, 0.25 ], "rotation": 270, "texture": "#texture" },
        "south": { "uv": [ 10.875, 6.6875, 11.125, 6.75 ], "texture": "#texture" },
        "west":  { "uv": [ 11.5625, 6.5625, 11.625, 6.625 ], "texture": "#texture" },
        "east":  { "uv": [ 12.25, 0, 12.3125, 0.0625 ], "texture": "#texture" }
    }
},
{
    "from": [ 18.125, 9, 1.875 ],
    "to": [ 20.75, 9.375, 2.25 ],
    "faces": {
        "up":    { "uv": [ 2.6875, 0, 2.75, 0.4375 ], "rotation": 270, "texture": "#texture" },
        "south": { "uv": [ 8.375, 6.625, 8.8125, 6.6875 ], "texture": "#texture" }
    }
},
{
    "from": [ -13, 2.625, 1.875 ],
    "to": [ -11.875, 3, 2.25 ],
    "faces": {
        "up":    { "uv": [ 11.375, 0, 11.4375, 0.1875 ], "rotation": 270, "texture": "#texture" },
        "south": { "uv": [ 2.875, 6.75, 3.0625, 6.8125 ], "texture": "#texture" },
        "west":  { "uv": [ 7.6875, 6.6875, 7.75, 6.75 ], "texture": "#texture" },
        "east":  { "uv": [ 12.1875, 0, 12.25, 0.0625 ], "texture": "#texture" }
    }
},
{
    "from": [ -13.375, 3, 0.75 ],
    "to": [ -12.25, 3.75, 1.125 ],
    "faces": {
        "down":  { "uv": [ 11.4375, 0, 11.5, 0.1875 ], "rotation": 270, "texture": "#texture" },
        "up":    { "uv": [ 11.5, 0, 11.5625, 0.1875 ], "rotation": 270, "texture": "#texture" },
        "north": { "uv": [ 13.125, 0, 13.3125, 0.125 ], "texture": "#texture" },
        "east":  { "uv": [ 13.125, 0, 13.1875, 0.125 ], "texture": "#texture" }
    }
},
{
    "from": [ -10.75, 9.375, 1.125 ],
    "to": [ -8.5, 9.75, 1.5 ],
    "faces": {
        "up":    { "uv": [ 4.3125, 0, 4.375, 0.375 ], "rotation": 270, "texture": "#texture" }
    }
},
{
    "from": [ 2, 8.25, 1.125 ],
    "to": [ 6.125, 8.625, 1.5 ],
    "faces": {
        "down":  { "uv": [ 1.75, 0, 1.8125, 0.6875 ], "rotation": 270, "texture": "#texture" }
    }
},
{
    "from": [ 5.75, 9.375, 1.5 ],
    "to": [ 9.5, 9.75, 1.875 ],
    "faces": {
        "up":    { "uv": [ 2.125, 0, 2.1875, 0.625 ], "rotation": 270, "texture": "#texture" },
        "south": { "uv": [ 4, 6.625, 4.625, 6.6875 ], "texture": "#texture" }
    }
},
{
    "from": [ -12.25, 1.875, 0.75 ],
    "to": [ -11.125, 2.25, 1.125 ],
    "faces": {
        "up":    { "uv": [ 1.5, 0.375, 1.5625, 0.5625 ], "rotation": 270, "texture": "#texture" },
        "south": { "uv": [ 11.1875, 6.5625, 11.375, 6.625 ], "texture": "#texture" },
        "east":  { "uv": [ 8.25, 6.6875, 8.3125, 6.75 ], "texture": "#texture" }
    }
},
{
    "from": [ -11.125, 0.375, 1.875 ],
    "to": [ -9.625, 0.75, 2.625 ],
    "faces": {
        "down":  { "uv": [ 8.0625, 0, 8.1875, 0.25 ], "rotation": 270, "texture": "#texture" },
        "up":    { "uv": [ 8.1875, 0, 8.3125, 0.25 ], "rotation": 270, "texture": "#texture" },
        "north": { "uv": [ 11.125, 6.6875, 11.375, 6.75 ], "texture": "#texture" },
        "south": { "uv": [ 11.375, 6.6875, 11.625, 6.75 ], "texture": "#texture" },
        "west":  { "uv": [ 8.0625, 0, 8.1875, 0.0625 ], "texture": "#texture" },
        "east":  { "uv": [ 8.1875, 0.1875, 8.3125, 0.25 ], "texture": "#texture" }
    }
},
{
    "from": [ -10.75, 0, 1.875 ],
    "to": [ -10.375, 0.375, 2.625 ],
    "faces": {
        "down":  { "uv": [ 3.5, 0, 3.625, 0.0625 ], "rotation": 270, "texture": "#texture" },
        "north": { "uv": [ 11.6875, 6.625, 11.75, 6.6875 ], "texture": "#texture" },
        "south": { "uv": [ 7.75, 6.625, 7.8125, 6.6875 ], "texture": "#texture" },
        "west":  { "uv": [ 3.5, 0, 3.625, 0.0625 ], "texture": "#texture" },
        "east":  { "uv": [ 3.375, 0, 3.5, 0.0625 ], "texture": "#texture" }
    }
},
{
    "from": [ 28.25, 9, 1.5 ],
    "to": [ 29.75, 9.375, 1.875 ],
    "faces": {
        "down":  { "uv": [ 9.6875, 0, 9.75, 0.25 ], "rotation": 270, "texture": "#texture" },
        "south": { "uv": [ 11.625, 6.6875, 11.875, 6.75 ], "texture": "#texture" },
        "east":  { "uv": [ 12.125, 0, 12.1875, 0.0625 ], "texture": "#texture" }
    }
},
{
    "from": [ -9.25, 8.625, 0.375 ],
    "to": [ 0.125, 9, 0.75 ],
    "faces": {
        "down":  { "uv": [ 0.625, 0.0625, 0.6875, 1.625 ], "rotation": 270, "texture": "#texture" },
        "north": { "uv": [ 8.9375, 6.5, 10.5, 6.5625 ], "texture": "#texture" }
    }
},
{
    "from": [ 11.75, 9, 0.375 ],
    "to": [ 17.75, 9.375, 0.75 ],
    "faces": {
        "up":    { "uv": [ 1.1875, 0, 1.25, 1 ], "rotation": 270, "texture": "#texture" },
        "north": { "uv": [ 7, 6.5625, 8, 6.625 ], "texture": "#texture" }
    }
},
{
    "from": [ -11.875, 1.125, 0 ],
    "to": [ -11.5, 1.5, 0.375 ],
    "faces": {
        "down":  { "uv": [ 7.75, 6.625, 7.8125, 6.6875 ], "rotation": 270, "texture": "#texture" },
        "north": { "uv": [ 7.75, 6.625, 7.8125, 6.6875 ], "texture": "#texture" },
        "west":  { "uv": [ 7.75, 6.625, 7.8125, 6.6875 ], "texture": "#texture" },
        "east":  { "uv": [ 7.75, 6.625, 7.8125, 6.6875 ], "texture": "#texture" }
    }
},
{
    "from": [ -15.25, 5.25, 1.875 ],
    "to": [ -14.125, 5.625, 2.25 ],
    "faces": {
        "up":    { "uv": [ 9.25, 0, 9.3125, 0.1875 ], "rotation": 270, "texture": "#texture" },
        "south": { "uv": [ 12.1875, 0.0625, 12.375, 0.125 ], "texture": "#texture" },
        "west":  { "uv": [ 8.25, 6.6875, 8.3125, 6.75 ], "texture": "#texture" },
        "east":  { "uv": [ 8.25, 6.6875, 8.3125, 6.75 ], "texture": "#texture" }
    }
},
{
    "from": [ 19.25, 9.375, 1.5 ],
    "to": [ 20.375, 9.75, 1.875 ],
    "faces": {
        "up":    { "uv": [ 11.5625, 0, 11.625, 0.1875 ], "rotation": 270, "texture": "#texture" },
        "south": { "uv": [ 3.0625, 6.75, 3.25, 6.8125 ], "texture": "#texture" }
    }
},
{
    "from": [ -12.625, 1.125, 1.5 ],
    "to": [ -11.125, 1.5, 1.875 ],
    "faces": {
        "down":  { "uv": [ 9.75, 0, 9.8125, 0.25 ], "rotation": 270, "texture": "#texture" },
        "north": { "uv": [ 11.875, 6.6875, 12.125, 6.75 ], "texture": "#texture" },
        "south": { "uv": [ 12.125, 6.6875, 12.375, 6.75 ], "texture": "#texture" },
        "west":  { "uv": [ 9.125, 6.6875, 9.1875, 6.75 ], "texture": "#texture" }
    }
},
{
    "from": [ -14.5, 3.75, 0.375 ],
    "to": [ -13, 4.125, 0.75 ],
    "faces": {
        "down":  { "uv": [ 9.8125, 0, 9.875, 0.25 ], "rotation": 270, "texture": "#texture" },
        "up":    { "uv": [ 9.8125, 0, 9.875, 0.25 ], "rotation": 270, "texture": "#texture" },
        "north": { "uv": [ 12.375, 6.6875, 12.625, 6.75 ], "texture": "#texture" },
        "west":  { "uv": [ 8.25, 6.6875, 8.3125, 6.75 ], "texture": "#texture" },
        "east":  { "uv": [ 8.25, 6.6875, 8.3125, 6.75 ], "texture": "#texture" }
    }
},
{
    "from": [ -15.625, 7.875, 1.125 ],
    "to": [ -14.5, 8.25, 1.5 ],
    "faces": {
        "up":    { "uv": [ 1.5, 0.375, 1.5625, 0.5625 ], "rotation": 270, "texture": "#texture" },
        "west":  { "uv": [ 8.25, 6.6875, 8.3125, 6.75 ], "texture": "#texture" }
    }
},
{
    "from": [ 5.375, 9.375, 1.125 ],
    "to": [ 6.5, 9.75, 1.5 ],
    "faces": {
        "up":    { "uv": [ 11.625, 0, 11.6875, 0.1875 ], "rotation": 270, "texture": "#texture" }
    }
},
{
    "from": [ -12.625, 1.125, 0.75 ],
    "to": [ -10.375, 1.5, 1.125 ],
    "faces": {
        "down":  { "uv": [ 4.375, 0, 4.4375, 0.375 ], "rotation": 270, "texture": "#texture" },
        "up":    { "uv": [ 4.375, 0, 4.4375, 0.375 ], "rotation": 270, "texture": "#texture" },
        "north": { "uv": [ 11.3125, 6.625, 11.6875, 6.6875 ], "texture": "#texture" },
        "south": { "uv": [ 11.6875, 6.625, 12.0625, 6.6875 ], "texture": "#texture" },
        "west":  { "uv": [ 11.6875, 6.625, 11.75, 6.6875 ], "texture": "#texture" },
        "east":  { "uv": [ 8.3125, 6.6875, 8.375, 6.75 ], "texture": "#texture" }
    }
},
{
    "from": [ -12.625, 9, 1.875 ],
    "to": [ -10.375, 9.375, 2.25 ],
    "faces": {
        "up":    { "uv": [ 4.4375, 0, 4.5, 0.375 ], "rotation": 270, "texture": "#texture" },
        "south": { "uv": [ 12.0625, 6.625, 12.4375, 6.6875 ], "texture": "#texture" }
    }
},
{
    "from": [ -14.5, 7.875, 1.125 ],
    "to": [ -13.375, 8.25, 1.5 ],
    "faces": {
        "down":  { "uv": [ 4.5, 0.0625, 4.5625, 0.25 ], "rotation": 270, "texture": "#texture" },
        "east":  { "uv": [ 8.25, 6.6875, 8.3125, 6.75 ], "texture": "#texture" }
    }
},
{
    "from": [ -13.75, 3, 0.375 ],
    "to": [ -12.25, 3.375, 0.75 ],
    "faces": {
        "down":  { "uv": [ 9.875, 0, 9.9375, 0.25 ], "rotation": 270, "texture": "#texture" },
        "up":    { "uv": [ 9.875, 0, 9.9375, 0.25 ], "rotation": 270, "texture": "#texture" },
        "north": { "uv": [ 12.625, 6.6875, 12.875, 6.75 ], "texture": "#texture" },
        "west":  { "uv": [ 8.25, 6.6875, 8.3125, 6.75 ], "texture": "#texture" },
        "east":  { "uv": [ 8.25, 6.6875, 8.3125, 6.75 ], "texture": "#texture" }
    }
},
{
    "from": [ 24.5, 8.25, 0.75 ],
    "to": [ 27.125, 8.625, 1.125 ],
    "faces": {
        "down":  { "uv": [ 1.75, 0, 1.8125, 0.4375 ], "rotation": 270, "texture": "#texture" },
        "north": { "uv": [ 13.875, 6.5625, 14.3125, 6.625 ], "texture": "#texture" }
    }
},
{
    "from": [ -2.5, 9, 0.375 ],
    "to": [ 1.625, 9.375, 0.75 ],
    "faces": {
        "up":    { "uv": [ 2, 0, 2.0625, 0.6875 ], "rotation": 270, "texture": "#texture" },
        "north": { "uv": [ 2.625, 6.625, 3.3125, 6.6875 ], "texture": "#texture" }
    }
},
{
    "from": [ -14.5, 3.375, 0.75 ],
    "to": [ -13.375, 3.75, 1.125 ],
    "faces": {
        "down":  { "uv": [ 11.6875, 0, 11.75, 0.1875 ], "rotation": 270, "texture": "#texture" },
        "north": { "uv": [ 3.25, 6.75, 3.4375, 6.8125 ], "texture": "#texture" },
        "west":  { "uv": [ 8.25, 6.6875, 8.3125, 6.75 ], "texture": "#texture" }
    }
},
{
    "from": [ -11.5, 0.75, 0 ],
    "to": [ -10, 1.125, 0.75 ],
    "faces": {
        "down":  { "uv": [ 8.3125, 0, 8.4375, 0.25 ], "rotation": 270, "texture": "#texture" },
        "up":    { "uv": [ 8.4375, 0, 8.5625, 0.25 ], "rotation": 270, "texture": "#texture" },
        "north": { "uv": [ 12.875, 6.6875, 13.125, 6.75 ], "texture": "#texture" },
        "south": { "uv": [ 13.125, 6.6875, 13.375, 6.75 ], "texture": "#texture" },
        "west":  { "uv": [ 5.4375, 0.25, 5.5625, 0.3125 ], "texture": "#texture" },
        "east":  { "uv": [ 8.4375, 0.1875, 8.5625, 0.25 ], "texture": "#texture" }
    }
},
{
    "from": [ -13.75, 9, 1.875 ],
    "to": [ -12.625, 9.375, 2.25 ],
    "faces": {
        "up":    { "uv": [ 0.0625, 0.125, 0.125, 0.3125 ], "rotation": 270, "texture": "#texture" },
        "south": { "uv": [ 4.3125, 6.3125, 4.5, 6.375 ], "texture": "#texture" },
        "west":  { "uv": [ 8.25, 6.6875, 8.3125, 6.75 ], "texture": "#texture" }
    }
},
{
    "from": [ 15.5, 8.625, 1.875 ],
    "to": [ 17, 9, 2.25 ],
    "faces": {
        "down":  { "uv": [ 9.9375, 0, 10, 0.25 ], "rotation": 270, "texture": "#texture" },
        "south": { "uv": [ 13.375, 6.6875, 13.625, 6.75 ], "texture": "#texture" }
    }
},
{
    "from": [ -12.625, 1.875, 2.25 ],
    "to": [ -11.875, 2.25, 2.625 ],
    "faces": {
        "down":  { "uv": [ 7.625, 0.0625, 7.6875, 0.1875 ], "rotation": 270, "texture": "#texture" },
        "up":    { "uv": [ 7.625, 0.0625, 7.6875, 0.1875 ], "rotation": 270, "texture": "#texture" },
        "south": { "uv": [ 7.5625, 0.125, 7.6875, 0.1875 ], "texture": "#texture" },
        "west":  { "uv": [ 8.25, 6.6875, 8.3125, 6.75 ], "texture": "#texture" },
        "east":  { "uv": [ 8.1875, 6.6875, 8.25, 6.75 ], "texture": "#texture" }
    }
},
{
    "from": [ -13.75, 3, 2.25 ],
    "to": [ -13, 3.375, 2.625 ],
    "faces": {
        "down":  { "uv": [ 12.1875, 0, 12.25, 0.125 ], "rotation": 270, "texture": "#texture" },
        "up":    { "uv": [ 12.1875, 0, 12.25, 0.125 ], "rotation": 270, "texture": "#texture" },
        "south": { "uv": [ 2.75, 6.75, 2.875, 6.8125 ], "texture": "#texture" },
        "west":  { "uv": [ 12.1875, 0, 12.25, 0.0625 ], "texture": "#texture" },
        "east":  { "uv": [ 8.25, 6.6875, 8.3125, 6.75 ], "texture": "#texture" }
    }
},
{
    "from": [ -12.25, 1.5, 0 ],
    "to": [ -11.5, 1.875, 0.75 ],
    "faces": {
        "down":  { "uv": [ 13.5, 0, 13.625, 0.125 ], "rotation": 270, "texture": "#texture" },
        "up":    { "uv": [ 13.625, 0, 13.75, 0.125 ], "rotation": 270, "texture": "#texture" },
        "north": { "uv": [ 8.9375, 6.6875, 9.0625, 6.75 ], "texture": "#texture" },
        "west":  { "uv": [ 13.5, 0, 13.625, 0.0625 ], "texture": "#texture" },
        "east":  { "uv": [ 8.4375, 6.6875, 8.5625, 6.75 ], "texture": "#texture" }
    }
},
{
    "from": [ -14.125, 3, 0.75 ],
    "to": [ -13.375, 3.375, 1.125 ],
    "faces": {
        "down":  { "uv": [ 7.5625, 0.0625, 7.625, 0.1875 ], "rotation": 270, "texture": "#texture" },
        "north": { "uv": [ 8.4375, 6.6875, 8.5625, 6.75 ], "texture": "#texture" },
        "west":  { "uv": [ 8.25, 6.6875, 8.3125, 6.75 ], "texture": "#texture" }
    }
},
{
    "from": [ 18.5, 8.25, 1.5 ],
    "to": [ 21.125, 8.625, 1.875 ],
    "faces": {
        "down":  { "uv": [ 1.75, 0, 1.8125, 0.4375 ], "rotation": 270, "texture": "#texture" },
        "south": { "uv": [ 13.875, 6.5625, 14.3125, 6.625 ], "texture": "#texture" }
    }
},
{
    "from": [ -12.625, 1.875, 0.375 ],
    "to": [ -11.125, 2.25, 0.75 ],
    "faces": {
        "down":  { "uv": [ 1.5, 0.375, 1.5625, 0.625 ], "rotation": 270, "texture": "#texture" },
        "up":    { "uv": [ 1.5, 0.375, 1.5625, 0.625 ], "rotation": 270, "texture": "#texture" },
        "north": { "uv": [ 11.1875, 6.5625, 11.4375, 6.625 ], "texture": "#texture" },
        "west":  { "uv": [ 8.25, 6.6875, 8.3125, 6.75 ], "texture": "#texture" },
        "east":  { "uv": [ 8.25, 6.6875, 8.3125, 6.75 ], "texture": "#texture" }
    }
},
{
    "from": [ -16, 5.625, 0.75 ],
    "to": [ -14.125, 7.125, 1.875 ],
    "faces": {
        "down":  { "uv": [ 4.6875, 0, 4.875, 0.3125 ], "rotation": 270, "texture": "#texture" },
        "up":    { "uv": [ 4.875, 0, 5.0625, 0.3125 ], "rotation": 270, "texture": "#texture" },
        "north": { "uv": [ 6.4375, 0, 6.75, 0.25 ], "texture": "#texture" },
        "south": { "uv": [ 6.75, 0, 7.0625, 0.25 ], "texture": "#texture" },
        "west":  { "uv": [ 7.0625, 0, 7.25, 0.25 ], "texture": "#texture" },
        "east":  { "uv": [ 7.25, 0, 7.4375, 0.25 ], "texture": "#texture" }
    }
},
{
    "from": [ -12.25, 1.5, 1.875 ],
    "to": [ -10.75, 1.875, 2.25 ],
    "faces": {
        "down":  { "uv": [ 10, 0, 10.0625, 0.25 ], "rotation": 270, "texture": "#texture" },
        "up":    { "uv": [ 10, 0, 10.0625, 0.25 ], "rotation": 270, "texture": "#texture" },
        "south": { "uv": [ 13.625, 6.6875, 13.875, 6.75 ], "texture": "#texture" },
        "west":  { "uv": [ 11.6875, 6.625, 11.75, 6.6875 ], "texture": "#texture" },
        "east":  { "uv": [ 8.25, 6.6875, 8.3125, 6.75 ], "texture": "#texture" }
    }
},
{
    "from": [ -14.875, 3.75, 0.75 ],
    "to": [ -12.625, 4.125, 1.875 ],
    "faces": {
        "down":  { "uv": [ 2.9375, 0, 3.125, 0.375 ], "rotation": 270, "texture": "#texture" },
        "up":    { "uv": [ 3.125, 0, 3.3125, 0.375 ], "rotation": 270, "texture": "#texture" },
        "north": { "uv": [ 12.4375, 6.625, 12.8125, 6.6875 ], "texture": "#texture" },
        "south": { "uv": [ 12.8125, 6.625, 13.1875, 6.6875 ], "texture": "#texture" },
        "west":  { "uv": [ 11.0625, 6.4375, 11.25, 6.5 ], "texture": "#texture" },
        "east":  { "uv": [ 3.125, 0.3125, 3.3125, 0.375 ], "texture": "#texture" }
    }
},
{
    "from": [ -15.625, 4.875, 1.5 ],
    "to": [ -14.125, 5.25, 1.875 ],
    "faces": {
        "down":  { "uv": [ 10.0625, 0, 10.125, 0.25 ], "rotation": 270, "texture": "#texture" },
        "south": { "uv": [ 13.875, 6.6875, 14.125, 6.75 ], "texture": "#texture" },
        "west":  { "uv": [ 8.25, 6.6875, 8.3125, 6.75 ], "texture": "#texture" }
    }
},
{
    "from": [ 17.75, 9, 0.375 ],
    "to": [ 24.125, 9.375, 0.75 ],
    "faces": {
        "up":    { "uv": [ 1.125, 0, 1.1875, 1.0625 ], "rotation": 270, "texture": "#texture" },
        "north": { "uv": [ 5.9375, 6.5625, 7, 6.625 ], "texture": "#texture" }
    }
},
{
    "from": [ -15.625, 5.625, 1.875 ],
    "to": [ -14.5, 6, 2.25 ],
    "faces": {
        "down":  { "uv": [ 0.4375, 0.9375, 0.5, 1.125 ], "rotation": 270, "texture": "#texture" },
        "south": { "uv": [ 1.125, 6.6875, 1.3125, 6.75 ], "texture": "#texture" },
        "west":  { "uv": [ 8.625, 6.6875, 8.6875, 6.75 ], "texture": "#texture" },
        "east":  { "uv": [ 8.25, 6.6875, 8.3125, 6.75 ], "texture": "#texture" }
    }
},
{
    "from": [ -14.5, 3.375, 1.125 ],
    "to": [ -12.25, 3.75, 1.875 ],
    "faces": {
        "down":  { "uv": [ 3.6875, 0, 3.8125, 0.375 ], "rotation": 270, "texture": "#texture" },
        "up":    { "uv": [ 3.8125, 0, 3.9375, 0.375 ], "rotation": 270, "texture": "#texture" },
        "south": { "uv": [ 13.1875, 6.625, 13.5625, 6.6875 ], "texture": "#texture" },
        "west":  { "uv": [ 8.4375, 6.6875, 8.5625, 6.75 ], "texture": "#texture" },
        "east":  { "uv": [ 3.8125, 0.3125, 3.9375, 0.375 ], "texture": "#texture" }
    }
},
{
    "from": [ -13, 2.25, 1.875 ],
    "to": [ -11.5, 2.625, 2.25 ],
    "faces": {
        "down":  { "uv": [ 10.125, 0, 10.1875, 0.25 ], "rotation": 270, "texture": "#texture" },
        "up":    { "uv": [ 10.125, 0, 10.1875, 0.25 ], "rotation": 270, "texture": "#texture" },
        "south": { "uv": [ 14.125, 6.6875, 14.375, 6.75 ], "texture": "#texture" },
        "west":  { "uv": [ 8.8125, 6.6875, 8.875, 6.75 ], "texture": "#texture" },
        "east":  { "uv": [ 12.25, 0, 12.3125, 0.0625 ], "texture": "#texture" }
    }
},
{
    "from": [ -13, 2.25, 2.25 ],
    "to": [ -12.25, 2.625, 2.625 ],
    "faces": {
        "down":  { "uv": [ 9.6875, 0.125, 9.75, 0.25 ], "rotation": 270, "texture": "#texture" },
        "up":    { "uv": [ 9.6875, 0.125, 9.75, 0.25 ], "rotation": 270, "texture": "#texture" },
        "south": { "uv": [ 11.75, 6.6875, 11.875, 6.75 ], "texture": "#texture" },
        "west":  { "uv": [ 8.25, 6.6875, 8.3125, 6.75 ], "texture": "#texture" },
        "east":  { "uv": [ 12.125, 0, 12.1875, 0.0625 ], "texture": "#texture" }
    }
},
{
    "from": [ -7.375, 9, 1.875 ],
    "to": [ -5.875, 9.375, 2.25 ],
    "faces": {
        "up":    { "uv": [ 10.1875, 0, 10.25, 0.25 ], "rotation": 270, "texture": "#texture" },
        "south": { "uv": [ 14.375, 6.6875, 14.625, 6.75 ], "texture": "#texture" }
    }
},
{
    "from": [ -15.25, 4.5, 0.75 ],
    "to": [ -13, 4.875, 1.875 ],
    "faces": {
        "up":    { "uv": [ 3.5, 0, 3.6875, 0.375 ], "rotation": 270, "texture": "#texture" },
        "north": { "uv": [ 13.5625, 6.625, 13.9375, 6.6875 ], "texture": "#texture" },
        "south": { "uv": [ 13.9375, 6.625, 14.3125, 6.6875 ], "texture": "#texture" },
        "west":  { "uv": [ 3.3125, 0, 3.5, 0.0625 ], "texture": "#texture" },
        "east":  { "uv": [ 3.5, 0.3125, 3.6875, 0.375 ], "texture": "#texture" }
    }
},
{
    "from": [ 17, 8.625, 1.875 ],
    "to": [ 28.625, 9, 2.25 ],
    "faces": {
        "down":  { "uv": [ 0.4375, 0, 0.5, 1.9375 ], "rotation": 270, "texture": "#texture" },
        "south": { "uv": [ 1.9375, 6.5, 3.875, 6.5625 ], "texture": "#texture" },
        "east":  { "uv": [ 12.125, 0, 12.1875, 0.0625 ], "texture": "#texture" }
    }
},
{
    "from": [ -4, 9, 0.375 ],
    "to": [ -2.5, 9.375, 0.75 ],
    "faces": {
        "up":    { "uv": [ 10.25, 0, 10.3125, 0.25 ], "rotation": 270, "texture": "#texture" },
        "north": { "uv": [ 14.625, 6.6875, 14.875, 6.75 ], "texture": "#texture" }
    }
},
{
    "from": [ 22.625, 8.25, 1.5 ],
    "to": [ 28.625, 8.625, 1.875 ],
    "faces": {
        "down":  { "uv": [ 1.25, 0, 1.3125, 1 ], "rotation": 270, "texture": "#texture" },
        "south": { "uv": [ 8, 6.5625, 9, 6.625 ], "texture": "#texture" },
        "east":  { "uv": [ 7.8125, 6.6875, 7.875, 6.75 ], "texture": "#texture" }
    }
},
{
    "from": [ -15.625, 7.875, 1.5 ],
    "to": [ -13.375, 8.25, 1.875 ],
    "faces": {
        "down":  { "uv": [ 4.5, 0, 4.5625, 0.375 ], "rotation": 270, "texture": "#texture" },
        "up":    { "uv": [ 4.5, 0, 4.5625, 0.375 ], "rotation": 270, "texture": "#texture" },
        "south": { "uv": [ 14.3125, 6.625, 14.6875, 6.6875 ], "texture": "#texture" },
        "west":  { "uv": [ 8.25, 6.6875, 8.3125, 6.75 ], "texture": "#texture" },
        "east":  { "uv": [ 8.25, 6.6875, 8.3125, 6.75 ], "texture": "#texture" }
    }
},
{
    "from": [ -14.125, 4.125, 1.875 ],
    "to": [ -13.375, 4.5, 2.25 ],
    "faces": {
        "south": { "uv": [ 9.3125, 6.625, 9.4375, 6.6875 ], "texture": "#texture" },
        "east":  { "uv": [ 8.625, 6.6875, 8.6875, 6.75 ], "texture": "#texture" }
    }
},
{
    "from": [ 19.25, 8.25, 1.125 ],
    "to": [ 20.375, 8.625, 1.5 ],
    "faces": {
        "down":  { "uv": [ 1.5, 0.375, 1.5625, 0.5625 ], "rotation": 270, "texture": "#texture" }
    }
},
{
    "from": [ -13.75, 3, 1.875 ],
    "to": [ -12.25, 3.375, 2.25 ],
    "faces": {
        "down":  { "uv": [ 10.3125, 0, 10.375, 0.25 ], "rotation": 270, "texture": "#texture" },
        "up":    { "uv": [ 10.3125, 0, 10.375, 0.25 ], "rotation": 270, "texture": "#texture" },
        "south": { "uv": [ 14.875, 6.6875, 15.125, 6.75 ], "texture": "#texture" },
        "west":  { "uv": [ 8.25, 6.6875, 8.3125, 6.75 ], "texture": "#texture" },
        "east":  { "uv": [ 8.6875, 6.6875, 8.75, 6.75 ], "texture": "#texture" }
    }
},
{
    "from": [ -13.375, 2.625, 2.25 ],
    "to": [ -12.625, 3, 2.625 ],
    "faces": {
        "down":  { "uv": [ 2.25, 0.4375, 2.3125, 0.5625 ], "rotation": 270, "texture": "#texture" },
        "up":    { "uv": [ 2.25, 0.4375, 2.3125, 0.5625 ], "rotation": 270, "texture": "#texture" },
        "north": { "uv": [ 5.3125, 6.625, 5.4375, 6.6875 ], "texture": "#texture" },
        "south": { "uv": [ 5.3125, 6.625, 5.4375, 6.6875 ], "texture": "#texture" },
        "west":  { "uv": [ 9.125, 6.6875, 9.1875, 6.75 ], "texture": "#texture" },
        "east":  { "uv": [ 9.125, 6.6875, 9.1875, 6.75 ], "texture": "#texture" }
    }
},
{
    "from": [ -2.5, 9.375, 1.5 ],
    "to": [ 5.75, 9.75, 1.875 ],
    "faces": {
        "up":    { "uv": [ 0.75, 0, 0.8125, 1.375 ], "rotation": 270, "texture": "#texture" },
        "south": { "uv": [ 12.1875, 6.5, 13.5625, 6.5625 ], "texture": "#texture" }
    }
},
{
    "from": [ 28.25, 8.625, 0.75 ],
    "to": [ 29.375, 9, 1.125 ],
    "faces": {
        "down":  { "uv": [ 11.75, 0, 11.8125, 0.1875 ], "rotation": 270, "texture": "#texture" },
        "north": { "uv": [ 3.4375, 6.75, 3.625, 6.8125 ], "texture": "#texture" },
        "east":  { "uv": [ 3.75, 6.5625, 3.8125, 6.625 ], "texture": "#texture" }
    }
},
{
    "from": [ -15.625, 4.875, 0.75 ],
    "to": [ -13.375, 5.25, 1.5 ],
    "faces": {
        "down":  { "uv": [ 3.9375, 0, 4.0625, 0.375 ], "rotation": 270, "texture": "#texture" },
        "up":    { "uv": [ 4.0625, 0, 4.1875, 0.375 ], "rotation": 270, "texture": "#texture" },
        "north": { "uv": [ 14.6875, 6.625, 15.0625, 6.6875 ], "texture": "#texture" },
        "west":  { "uv": [ 8.4375, 6.6875, 8.5625, 6.75 ], "texture": "#texture" },
        "east":  { "uv": [ 8.4375, 6.6875, 8.5625, 6.75 ], "texture": "#texture" }
    }
},
{
    "from": [ -5.5, 8.25, 1.125 ],
    "to": [ -3.625, 8.625, 1.5 ],
    "faces": {
        "down":  { "uv": [ 1.5, 0.375, 1.5625, 0.6875 ], "rotation": 270, "texture": "#texture" }
    }
},
{
    "from": [ 26.75, 9, 0.375 ],
    "to": [ 29.375, 9.375, 0.75 ],
    "faces": {
        "down":  { "uv": [ 2.75, 0, 2.8125, 0.4375 ], "rotation": 270, "texture": "#texture" },
        "up":    { "uv": [ 2.75, 0, 2.8125, 0.4375 ], "rotation": 270, "texture": "#texture" },
        "north": { "uv": [ 8.8125, 6.625, 9.25, 6.6875 ], "texture": "#texture" },
        "east":  { "uv": [ 8.25, 6.6875, 8.3125, 6.75 ], "texture": "#texture" }
    }
},
{
    "from": [ -13, 2.625, 0.375 ],
    "to": [ -11.875, 3, 0.75 ],
    "faces": {
        "up":    { "uv": [ 11.8125, 0, 11.875, 0.1875 ], "rotation": 270, "texture": "#texture" },
        "north": { "uv": [ 3.625, 6.75, 3.8125, 6.8125 ], "texture": "#texture" },
        "west":  { "uv": [ 8.3125, 6.6875, 8.375, 6.75 ], "texture": "#texture" },
        "east":  { "uv": [ 0.875, 6.6875, 0.9375, 6.75 ], "texture": "#texture" }
    }
},
{
    "from": [ -15.625, 6.75, 0.375 ],
    "to": [ -14.5, 7.125, 0.75 ],
    "faces": {
        "up":    { "uv": [ 1.5, 0.375, 1.5625, 0.5625 ], "rotation": 270, "texture": "#texture" },
        "north": { "uv": [ 11.1875, 6.5625, 11.375, 6.625 ], "texture": "#texture" },
        "west":  { "uv": [ 8.25, 6.6875, 8.3125, 6.75 ], "texture": "#texture" },
        "east":  { "uv": [ 8.25, 6.6875, 8.3125, 6.75 ], "texture": "#texture" }
    }
},
{
    "from": [ -12.625, 1.875, 0 ],
    "to": [ -11.875, 2.25, 0.375 ],
    "faces": {
        "down":  { "uv": [ 13.1875, 0, 13.25, 0.125 ], "rotation": 270, "texture": "#texture" },
        "up":    { "uv": [ 13.1875, 0, 13.25, 0.125 ], "rotation": 270, "texture": "#texture" },
        "north": { "uv": [ 3.3125, 0, 3.4375, 0.0625 ], "texture": "#texture" },
        "west":  { "uv": [ 7.75, 6.625, 7.8125, 6.6875 ], "texture": "#texture" },
        "east":  { "uv": [ 8.25, 6.6875, 8.3125, 6.75 ], "texture": "#texture" }
    }
},
{
    "from": [ -2.875, 8.25, 0.75 ],
    "to": [ 5.375, 8.625, 1.125 ],
    "faces": {
        "down":  { "uv": [ 0.625, 0.0625, 0.6875, 1.4375 ], "rotation": 270, "texture": "#texture" },
        "north": { "uv": [ 8.9375, 6.5, 10.3125, 6.5625 ], "texture": "#texture" }
    }
},
{
    "from": [ 23, 9.375, 1.125 ],
    "to": [ 25.25, 9.75, 1.5 ],
    "faces": {
        "up":    { "uv": [ 4.5625, 0, 4.625, 0.375 ], "rotation": 270, "texture": "#texture" }
    }
},
{
    "from": [ -14.125, 3.375, 0 ],
    "to": [ -13.375, 3.75, 0.375 ],
    "faces": {
        "down":  { "uv": [ 0.5625, 1.125, 0.625, 1.25 ], "rotation": 270, "texture": "#texture" },
        "up":    { "uv": [ 0.5625, 1.125, 0.625, 1.25 ], "rotation": 270, "texture": "#texture" },
        "north": { "uv": [ 4.8125, 6.625, 4.9375, 6.6875 ], "texture": "#texture" },
        "west":  { "uv": [ 8.375, 6.6875, 8.4375, 6.75 ], "texture": "#texture" },
        "east":  { "uv": [ 8.1875, 6.6875, 8.25, 6.75 ], "texture": "#texture" }
    }
},
{
    "from": [ -11.125, 0.375, 0 ],
    "to": [ -9.625, 0.75, 0.75 ],
    "faces": {
        "down":  { "uv": [ 8.5625, 0, 8.6875, 0.25 ], "rotation": 270, "texture": "#texture" },
        "up":    { "uv": [ 8.6875, 0, 8.8125, 0.25 ], "rotation": 270, "texture": "#texture" },
        "north": { "uv": [ 15.125, 6.6875, 15.375, 6.75 ], "texture": "#texture" },
        "south": { "uv": [ 15.375, 6.6875, 15.625, 6.75 ], "texture": "#texture" },
        "west":  { "uv": [ 8.5625, 0, 8.6875, 0.0625 ], "texture": "#texture" },
        "east":  { "uv": [ 8.4375, 0.1875, 8.5625, 0.25 ], "texture": "#texture" }
    }
},
{
    "from": [ 27.125, 8.25, 0.75 ],
    "to": [ 28.625, 8.625, 1.125 ],
    "faces": {
        "down":  { "uv": [ 10.375, 0, 10.4375, 0.25 ], "rotation": 270, "texture": "#texture" },
        "north": { "uv": [ 0.25, 6.75, 0.5, 6.8125 ], "texture": "#texture" },
        "east":  { "uv": [ 2.25, 6.6875, 2.3125, 6.75 ], "texture": "#texture" }
    }
},
{
    "from": [ 8.375, 9, 1.875 ],
    "to": [ 11.375, 9.375, 2.25 ],
    "faces": {
        "up":    { "uv": [ 2.375, 0, 2.4375, 0.5 ], "rotation": 270, "texture": "#texture" },
        "south": { "uv": [ 6.5, 6.625, 7, 6.6875 ], "texture": "#texture" }
    }
},
{
    "from": [ -15.625, 7.125, 0.75 ],
    "to": [ -14.125, 7.875, 1.875 ],
    "faces": {
        "north": { "uv": [ 12.375, 0, 12.625, 0.125 ], "texture": "#texture" },
        "south": { "uv": [ 6.4375, 0.125, 6.6875, 0.25 ], "texture": "#texture" },
        "west":  { "uv": [ 10.8125, 0.0625, 11, 0.1875 ], "texture": "#texture" },
        "east":  { "uv": [ 13.3125, 0, 13.5, 0.125 ], "texture": "#texture" }
    }
},
{
    "from": [ 2.75, 9.375, 0.75 ],
    "to": [ 5.75, 9.75, 1.125 ],
    "faces": {
        "up":    { "uv": [ 2.4375, 0, 2.5, 0.5 ], "rotation": 270, "texture": "#texture" },
        "north": { "uv": [ 7, 6.625, 7.5, 6.6875 ], "texture": "#texture" }
    }
},
{
    "from": [ -8.125, 9, 0.375 ],
    "to": [ -4, 9.375, 0.75 ],
    "faces": {
        "up":    { "uv": [ 2.0625, 0, 2.125, 0.6875 ], "rotation": 270, "texture": "#texture" },
        "north": { "uv": [ 3.3125, 6.625, 4, 6.6875 ], "texture": "#texture" }
    }
},
{
    "from": [ -14.875, 8.25, 0.375 ],
    "to": [ -13.375, 8.625, 0.75 ],
    "faces": {
        "down":  { "uv": [ 0, 4.25, 0.0625, 4.5 ], "rotation": 270, "texture": "#texture" },
        "up":    { "uv": [ 0, 4.25, 0.0625, 4.5 ], "rotation": 270, "texture": "#texture" },
        "north": { "uv": [ 5, 6.1875, 5.25, 6.25 ], "texture": "#texture" },
        "west":  { "uv": [ 8.6875, 6.6875, 8.75, 6.75 ], "texture": "#texture" },
        "east":  { "uv": [ 8.25, 6.6875, 8.3125, 6.75 ], "texture": "#texture" }
    }
},
{
    "from": [ -14.125, 4.875, 1.5 ],
    "to": [ -13.375, 5.25, 1.875 ],
    "faces": {
        "up":    { "uv": [ 12.1875, 0, 12.25, 0.125 ], "rotation": 270, "texture": "#texture" },
        "south": { "uv": [ 2.75, 6.75, 2.875, 6.8125 ], "texture": "#texture" },
        "east":  { "uv": [ 8.25, 6.6875, 8.3125, 6.75 ], "texture": "#texture" }
    }
},
{
    "from": [ 15.875, 8.25, 1.5 ],
    "to": [ 17.375, 8.625, 1.875 ],
    "faces": {
        "down":  { "uv": [ 1.5, 0.375, 1.5625, 0.625 ], "rotation": 270, "texture": "#texture" },
        "south": { "uv": [ 11.1875, 6.5625, 11.4375, 6.625 ], "texture": "#texture" }
    }
},
{
    "from": [ -4.375, 8.25, 0.75 ],
    "to": [ -2.875, 8.625, 1.125 ],
    "faces": {
        "down":  { "uv": [ 1.5, 0.375, 1.5625, 0.625 ], "rotation": 270, "texture": "#texture" },
        "north": { "uv": [ 11.1875, 6.5625, 11.4375, 6.625 ], "texture": "#texture" }
    }
},
{
    "from": [ -15.25, 8.625, 1.5 ],
    "to": [ -9.25, 9, 1.875 ],
    "faces": {
        "up":    { "uv": [ 1.3125, 0, 1.375, 1 ], "rotation": 270, "texture": "#texture" },
        "south": { "uv": [ 9, 6.5625, 10, 6.625 ], "texture": "#texture" },
        "west":  { "uv": [ 8.8125, 6.6875, 8.875, 6.75 ], "texture": "#texture" }
    }
},
{
    "from": [ -15.25, 8.25, 1.5 ],
    "to": [ -13.75, 8.625, 1.875 ],
    "faces": {
        "south": { "uv": [ 11.1875, 6.5625, 11.4375, 6.625 ], "texture": "#texture" },
        "west":  { "uv": [ 8.25, 6.6875, 8.3125, 6.75 ], "texture": "#texture" }
    }
},
{
    "from": [ -13, 1.875, 1.5 ],
    "to": [ -11.125, 2.25, 1.875 ],
    "faces": {
        "down":  { "uv": [ 6, 0, 6.0625, 0.3125 ], "rotation": 270, "texture": "#texture" },
        "up":    { "uv": [ 6, 0, 6.0625, 0.3125 ], "rotation": 270, "texture": "#texture" },
        "north": { "uv": [ 2.9375, 6.6875, 3.25, 6.75 ], "texture": "#texture" },
        "south": { "uv": [ 3.25, 6.6875, 3.5625, 6.75 ], "texture": "#texture" },
        "west":  { "uv": [ 8.25, 6.6875, 8.3125, 6.75 ], "texture": "#texture" },
        "east":  { "uv": [ 8.6875, 6.6875, 8.75, 6.75 ], "texture": "#texture" }
    }
},
{
    "from": [ -13.375, 2.25, 1.5 ],
    "to": [ -11.5, 2.625, 1.875 ],
    "faces": {
        "down":  { "uv": [ 6.0625, 0, 6.125, 0.3125 ], "rotation": 270, "texture": "#texture" },
        "up":    { "uv": [ 6.0625, 0, 6.125, 0.3125 ], "rotation": 270, "texture": "#texture" },
        "north": { "uv": [ 3.5625, 6.6875, 3.875, 6.75 ], "texture": "#texture" },
        "south": { "uv": [ 3.875, 6.6875, 4.1875, 6.75 ], "texture": "#texture" },
        "west":  { "uv": [ 8.25, 6.6875, 8.3125, 6.75 ], "texture": "#texture" },
        "east":  { "uv": [ 8.25, 6.6875, 8.3125, 6.75 ], "texture": "#texture" }
    }
},
{
    "from": [ 2.75, 8.625, 1.875 ],
    "to": [ 5.375, 9, 2.25 ],
    "faces": {
        "down":  { "uv": [ 2.8125, 0, 2.875, 0.4375 ], "rotation": 270, "texture": "#texture" },
        "south": { "uv": [ 9.6875, 6.625, 10.125, 6.6875 ], "texture": "#texture" }
    }
},
{
    "from": [ 8.375, 8.625, 1.875 ],
    "to": [ 15.5, 9, 2.25 ],
    "faces": {
        "down":  { "uv": [ 0.9375, 0, 1, 1.1875 ], "rotation": 270, "texture": "#texture" },
        "south": { "uv": [ 2.5, 6.5625, 3.6875, 6.625 ], "texture": "#texture" }
    }
},
{
    "from": [ 24.125, 8.625, 1.5 ],
    "to": [ 29.375, 9, 1.875 ],
    "faces": {
        "down":  { "uv": [ 1.8125, 0, 1.875, 0.875 ], "rotation": 270, "texture": "#texture" },
        "south": { "uv": [ 0.875, 6.625, 1.75, 6.6875 ], "texture": "#texture" },
        "east":  { "uv": [ 7.8125, 6.6875, 7.875, 6.75 ], "texture": "#texture" }
    }
},
{
    "from": [ -13.75, 9, 0.375 ],
    "to": [ -8.125, 9.375, 0.75 ],
    "faces": {
        "up":    { "uv": [ 1.5625, 0, 1.625, 0.9375 ], "rotation": 270, "texture": "#texture" },
        "north": { "uv": [ 11.9375, 6.5625, 12.875, 6.625 ], "texture": "#texture" },
        "west":  { "uv": [ 8.25, 6.6875, 8.3125, 6.75 ], "texture": "#texture" }
    }
},
{
    "from": [ -13.75, 9.375, 1.125 ],
    "to": [ -10.75, 9.75, 1.5 ],
    "faces": {
        "up":    { "uv": [ 2.5, 0, 2.5625, 0.5 ], "rotation": 270, "texture": "#texture" },
        "west":  { "uv": [ 8.25, 6.6875, 8.3125, 6.75 ], "texture": "#texture" }
    }
},
{
    "from": [ -15.625, 5.25, 1.5 ],
    "to": [ -14.5, 5.625, 1.875 ],
    "faces": {
        "south": { "uv": [ 11.1875, 6.5625, 11.375, 6.625 ], "texture": "#texture" },
        "west":  { "uv": [ 8.25, 6.6875, 8.3125, 6.75 ], "texture": "#texture" }
    }
},
{
    "from": [ 29, 9.75, 0.75 ],
    "to": [ 30.875, 10.125, 1.875 ],
    "faces": {
        "down":  { "uv": [ 5.0625, 0, 5.25, 0.3125 ], "rotation": 270, "texture": "#texture" },
        "up":    { "uv": [ 5.25, 0, 5.4375, 0.3125 ], "rotation": 270, "texture": "#texture" },
        "north": { "uv": [ 4.1875, 6.6875, 4.5, 6.75 ], "texture": "#texture" },
        "south": { "uv": [ 4.5, 6.6875, 4.8125, 6.75 ], "texture": "#texture" },
        "west":  { "uv": [ 9.25, 6.625, 9.4375, 6.6875 ], "texture": "#texture" },
        "east":  { "uv": [ 5.25, 0.25, 5.4375, 0.3125 ], "texture": "#texture" }
    }
},
{
    "from": [ -15.625, 7.875, 0.75 ],
    "to": [ -13.375, 8.25, 1.125 ],
    "faces": {
        "down":  { "uv": [ 1.5, 0.375, 1.5625, 0.75 ], "rotation": 270, "texture": "#texture" },
        "up":    { "uv": [ 1.5, 0.375, 1.5625, 0.75 ], "rotation": 270, "texture": "#texture" },
        "north": { "uv": [ 11.1875, 6.5625, 11.5625, 6.625 ], "texture": "#texture" },
        "west":  { "uv": [ 8.25, 6.6875, 8.3125, 6.75 ], "texture": "#texture" },
        "east":  { "uv": [ 8.25, 6.6875, 8.3125, 6.75 ], "texture": "#texture" }
    }
},
{
    "from": [ -14.875, 4.125, 1.875 ],
    "to": [ -14.125, 4.5, 2.625 ],
    "faces": {
        "down":  { "uv": [ 7.6875, 0, 7.8125, 0.125 ], "rotation": 270, "texture": "#texture" },
        "up":    { "uv": [ 7.8125, 0, 7.9375, 0.125 ], "rotation": 270, "texture": "#texture" },
        "south": { "uv": [ 9.375, 6.6875, 9.5, 6.75 ], "texture": "#texture" },
        "west":  { "uv": [ 7.6875, 0, 7.8125, 0.0625 ], "texture": "#texture" },
        "east":  { "uv": [ 8.4375, 6.6875, 8.5625, 6.75 ], "texture": "#texture" }
    }
},
{
    "from": [ -13.75, 4.125, 0.75 ],
    "to": [ -13, 4.5, 1.125 ],
    "faces": {
        "north": { "uv": [ 7.6875, 6.5, 7.8125, 6.5625 ], "texture": "#texture" },
        "east":  { "uv": [ 8.1875, 6.6875, 8.25, 6.75 ], "texture": "#texture" }
    }
},
{
    "from": [ -15.25, 4.125, 1.125 ],
    "to": [ -14.5, 4.5, 1.875 ],
    "faces": {
        "down":  { "uv": [ 5.4375, 0.125, 5.5625, 0.25 ], "rotation": 270, "texture": "#texture" },
        "south": { "uv": [ 8.4375, 6.6875, 8.5625, 6.75 ], "texture": "#texture" },
        "west":  { "uv": [ 8.4375, 6.6875, 8.5625, 6.75 ], "texture": "#texture" }
    }
},
{
    "from": [ 17.375, 8.25, 1.5 ],
    "to": [ 18.5, 8.625, 1.875 ],
    "faces": {
        "down":  { "uv": [ 1.5, 0.375, 1.5625, 0.5625 ], "rotation": 270, "texture": "#texture" },
        "south": { "uv": [ 11.1875, 6.5625, 11.375, 6.625 ], "texture": "#texture" }
    }
},
{
    "from": [ -13.75, 3, 0 ],
    "to": [ -13, 3.375, 0.375 ],
    "faces": {
        "down":  { "uv": [ 13.8125, 0, 13.875, 0.125 ], "rotation": 270, "texture": "#texture" },
        "up":    { "uv": [ 13.8125, 0, 13.875, 0.125 ], "rotation": 270, "texture": "#texture" },
        "north": { "uv": [ 4.5625, 6.75, 4.6875, 6.8125 ], "texture": "#texture" },
        "west":  { "uv": [ 10.6875, 6.625, 10.75, 6.6875 ], "texture": "#texture" },
        "east":  { "uv": [ 8.25, 6.6875, 8.3125, 6.75 ], "texture": "#texture" }
    }
},
{
    "from": [ -1.75, 8.25, 1.125 ],
    "to": [ 2, 8.625, 1.5 ],
    "faces": {
        "down":  { "uv": [ 1.75, 0, 1.8125, 0.625 ], "rotation": 270, "texture": "#texture" }
    }
},
{
    "from": [ -13, 1.875, 0.75 ],
    "to": [ -12.25, 2.25, 1.125 ],
    "faces": {
        "down":  { "uv": [ 13.1875, 0, 13.25, 0.125 ], "rotation": 270, "texture": "#texture" },
        "north": { "uv": [ 3.3125, 0, 3.4375, 0.0625 ], "texture": "#texture" },
        "south": { "uv": [ 3.5625, 0, 3.6875, 0.0625 ], "texture": "#texture" },
        "west":  { "uv": [ 7.75, 6.625, 7.8125, 6.6875 ], "texture": "#texture" }
    }
},
{
    "from": [ -15.25, 8.25, 1.125 ],
    "to": [ -5.5, 8.625, 1.5 ],
    "faces": {
        "down":  { "uv": [ 0.625, 0, 0.6875, 1.625 ], "rotation": 270, "texture": "#texture" },
        "west":  { "uv": [ 12.25, 0, 12.3125, 0.0625 ], "texture": "#texture" }
    }
},
{
    "from": [ -16, 6, 0.375 ],
    "to": [ -14.5, 6.75, 0.75 ],
    "faces": {
        "down":  { "uv": [ 1.5, 0.375, 1.5625, 0.625 ], "rotation": 270, "texture": "#texture" },
        "up":    { "uv": [ 10.4375, 0, 10.5, 0.25 ], "rotation": 270, "texture": "#texture" },
        "north": { "uv": [ 12.625, 0, 12.875, 0.125 ], "texture": "#texture" },
        "west":  { "uv": [ 7.5625, 0.0625, 7.625, 0.1875 ], "texture": "#texture" },
        "east":  { "uv": [ 5.75, 0.1875, 5.8125, 0.3125 ], "texture": "#texture" }
    }
},
{
    "from": [ 20.75, 9, 1.875 ],
    "to": [ 22.625, 9.375, 2.25 ],
    "faces": {
        "up":    { "uv": [ 6.125, 0, 6.1875, 0.3125 ], "rotation": 270, "texture": "#texture" },
        "south": { "uv": [ 4.8125, 6.6875, 5.125, 6.75 ], "texture": "#texture" }
    }
},
{
    "from": [ 6.125, 8.25, 1.125 ],
    "to": [ 11, 8.625, 1.5 ],
    "faces": {
        "down":  { "uv": [ 1.75, 0, 1.8125, 0.8125 ], "rotation": 270, "texture": "#texture" }
    }
},
{
    "from": [ 25.625, 9, 1.875 ],
    "to": [ 29.375, 9.375, 2.25 ],
    "faces": {
        "down":  { "uv": [ 2.1875, 0, 2.25, 0.625 ], "rotation": 270, "texture": "#texture" },
        "up":    { "uv": [ 2.1875, 0, 2.25, 0.625 ], "rotation": 270, "texture": "#texture" },
        "south": { "uv": [ 4.625, 6.625, 5.25, 6.6875 ], "texture": "#texture" },
        "east":  { "uv": [ 8.625, 6.6875, 8.6875, 6.75 ], "texture": "#texture" }
    }
},
{
    "from": [ -7, 9.375, 0.75 ],
    "to": [ -5.125, 9.75, 1.125 ],
    "faces": {
        "up":    { "uv": [ 6.1875, 0, 6.25, 0.3125 ], "rotation": 270, "texture": "#texture" },
        "north": { "uv": [ 5.125, 6.6875, 5.4375, 6.75 ], "texture": "#texture" }
    }
},
{
    "from": [ 24.125, 9, 0.375 ],
    "to": [ 26.75, 9.375, 0.75 ],
    "faces": {
        "up":    { "uv": [ 2.875, 0, 2.9375, 0.4375 ], "rotation": 270, "texture": "#texture" },
        "north": { "uv": [ 10.125, 6.625, 10.5625, 6.6875 ], "texture": "#texture" }
    }
},
{
    "from": [ -15.25, 5.25, 0.375 ],
    "to": [ -14.125, 5.625, 0.75 ],
    "faces": {
        "up":    { "uv": [ 11.875, 0, 11.9375, 0.1875 ], "rotation": 270, "texture": "#texture" },
        "north": { "uv": [ 3.8125, 6.75, 4, 6.8125 ], "texture": "#texture" },
        "west":  { "uv": [ 12.25, 0, 12.3125, 0.0625 ], "texture": "#texture" },
        "east":  { "uv": [ 8.25, 6.6875, 8.3125, 6.75 ], "texture": "#texture" }
    }
},
{
    "from": [ -6.25, 9.375, 1.5 ],
    "to": [ -2.5, 9.75, 1.875 ],
    "faces": {
        "up":    { "uv": [ 2.25, 0, 2.3125, 0.625 ], "rotation": 270, "texture": "#texture" },
        "south": { "uv": [ 5.875, 6.625, 6.5, 6.6875 ], "texture": "#texture" }
    }
},
{
    "from": [ -11.5, 0.75, 1.875 ],
    "to": [ -10, 1.125, 2.625 ],
    "faces": {
        "down":  { "uv": [ 8.8125, 0, 8.9375, 0.25 ], "rotation": 270, "texture": "#texture" },
        "up":    { "uv": [ 8.9375, 0, 9.0625, 0.25 ], "rotation": 270, "texture": "#texture" },
        "north": { "uv": [ 0.5, 6.75, 0.75, 6.8125 ], "texture": "#texture" },
        "south": { "uv": [ 0.75, 6.75, 1, 6.8125 ], "texture": "#texture" },
        "west":  { "uv": [ 8.5, 6.6875, 8.625, 6.75 ], "texture": "#texture" },
        "east":  { "uv": [ 8.4375, 0.1875, 8.5625, 0.25 ], "texture": "#texture" }
    }
},
{
    "from": [ -11.875, 1.125, 2.25 ],
    "to": [ -11.5, 1.5, 2.625 ],
    "faces": {
        "down":  { "uv": [ 8.125, 6.6875, 8.1875, 6.75 ], "rotation": 270, "texture": "#texture" },
        "south": { "uv": [ 8.125, 6.6875, 8.1875, 6.75 ], "texture": "#texture" },
        "west":  { "uv": [ 8.125, 6.6875, 8.1875, 6.75 ], "texture": "#texture" },
        "east":  { "uv": [ 8.125, 6.6875, 8.1875, 6.75 ], "texture": "#texture" }
    }
},
{
    "from": [ -16, 6, 1.875 ],
    "to": [ -14.5, 6.75, 2.25 ],
    "faces": {
        "down":  { "uv": [ 1.5, 0, 1.5625, 0.25 ], "rotation": 270, "texture": "#texture" },
        "up":    { "uv": [ 6.5, 0, 6.5625, 0.25 ], "rotation": 270, "texture": "#texture" },
        "south": { "uv": [ 12.875, 0, 13.125, 0.125 ], "texture": "#texture" },
        "west":  { "uv": [ 7.5625, 0.0625, 7.625, 0.1875 ], "texture": "#texture" },
        "east":  { "uv": [ 7.5625, 0.0625, 7.625, 0.1875 ], "texture": "#texture" }
    }
},
{
    "from": [ 20.375, 9.375, 1.5 ],
    "to": [ 30.125, 9.75, 1.875 ],
    "faces": {
        "down":  { "uv": [ 0.6875, 0, 0.75, 1.625 ], "rotation": 270, "texture": "#texture" },
        "up":    { "uv": [ 0.6875, 0, 0.75, 1.625 ], "rotation": 270, "texture": "#texture" },
        "south": { "uv": [ 10.5625, 6.5, 12.1875, 6.5625 ], "texture": "#texture" },
        "east":  { "uv": [ 8.25, 6.6875, 8.3125, 6.75 ], "texture": "#texture" }
    }
},
{
    "from": [ -8.5, 9.375, 1.125 ],
    "to": [ -2.875, 9.75, 1.5 ],
    "faces": {
        "up":    { "uv": [ 1.625, 0, 1.6875, 0.9375 ], "rotation": 270, "texture": "#texture" }
    }
},
{
    "from": [ -2.5, 9.375, 0.75 ],
    "to": [ -1.375, 9.75, 1.125 ],
    "faces": {
        "up":    { "uv": [ 11.9375, 0, 12, 0.1875 ], "rotation": 270, "texture": "#texture" },
        "north": { "uv": [ 4, 6.75, 4.1875, 6.8125 ], "texture": "#texture" }
    }
},
{
    "from": [ -1.375, 9.375, 0.75 ],
    "to": [ 0.875, 9.75, 1.125 ],
    "faces": {
        "up":    { "uv": [ 4.625, 0, 4.6875, 0.375 ], "rotation": 270, "texture": "#texture" },
        "north": { "uv": [ 0.375, 6.6875, 0.75, 6.75 ], "texture": "#texture" }
    }
},
{
    "from": [ -12.625, 1.5, 0.75 ],
    "to": [ -10.75, 1.875, 1.125 ],
    "faces": {
        "up":    { "uv": [ 6.25, 0, 6.3125, 0.3125 ], "rotation": 270, "texture": "#texture" },
        "north": { "uv": [ 5.4375, 6.6875, 5.75, 6.75 ], "texture": "#texture" },
        "south": { "uv": [ 5.75, 6.6875, 6.0625, 6.75 ], "texture": "#texture" },
        "west":  { "uv": [ 8.25, 6.6875, 8.3125, 6.75 ], "texture": "#texture" },
        "east":  { "uv": [ 12.25, 0, 12.3125, 0.0625 ], "texture": "#texture" }
    }
},
{
    "from": [ -14.5, 9, 0.75 ],
    "to": [ 10.625, 9.375, 1.125 ],
    "faces": {
        "up":    { "uv": [ 0.0625, 0, 0.125, 4.1875 ], "rotation": 270, "texture": "#texture" },
        "north": { "uv": [ 4.1875, 6.25, 8.375, 6.3125 ], "texture": "#texture" },
        "west":  { "uv": [ 8.25, 6.6875, 8.3125, 6.75 ], "texture": "#texture" }
    }
},
{
    "from": [ -14.875, 8.25, 1.875 ],
    "to": [ -13.375, 8.625, 2.25 ],
    "faces": {
        "down":  { "uv": [ 1.5, 0.375, 1.5625, 0.625 ], "rotation": 270, "texture": "#texture" },
        "up":    { "uv": [ 1.5, 0.375, 1.5625, 0.625 ], "rotation": 270, "texture": "#texture" },
        "south": { "uv": [ 11.1875, 6.5625, 11.4375, 6.625 ], "texture": "#texture" },
        "west":  { "uv": [ 8.25, 6.6875, 8.3125, 6.75 ], "texture": "#texture" },
        "east":  { "uv": [ 8.25, 6.6875, 8.3125, 6.75 ], "texture": "#texture" }
    }
},
{
    "from": [ -0.625, 9.375, 1.125 ],
    "to": [ 5.375, 9.75, 1.5 ],
    "faces": {
        "up":    { "uv": [ 1.375, 0, 1.4375, 1 ], "rotation": 270, "texture": "#texture" }
    }
},
{
    "from": [ -10.75, 0, 0 ],
    "to": [ -10.375, 0.375, 0.75 ],
    "faces": {
        "down":  { "uv": [ 8.6875, 6.625, 8.8125, 6.6875 ], "rotation": 270, "texture": "#texture" },
        "north": { "uv": [ 8.125, 6.6875, 8.1875, 6.75 ], "texture": "#texture" },
        "south": { "uv": [ 9.125, 6.6875, 9.1875, 6.75 ], "texture": "#texture" },
        "west":  { "uv": [ 8.6875, 6.625, 8.8125, 6.6875 ], "texture": "#texture" },
        "east":  { "uv": [ 7.9375, 6.625, 8.0625, 6.6875 ], "texture": "#texture" }
    }
},
{
    "from": [ -11.5, 1.5, 0.375 ],
    "to": [ -10.75, 1.875, 0.75 ],
    "faces": {
        "up":    { "uv": [ 7.5625, 0.0625, 7.625, 0.1875 ], "rotation": 270, "texture": "#texture" },
        "north": { "uv": [ 8.4375, 6.6875, 8.5625, 6.75 ], "texture": "#texture" },
        "east":  { "uv": [ 8.25, 6.6875, 8.3125, 6.75 ], "texture": "#texture" }
    }
},
{
    "from": [ -8.5, 9, 1.875 ],
    "to": [ -7.375, 9.375, 2.25 ],
    "faces": {
        "up":    { "uv": [ 12, 0, 12.0625, 0.1875 ], "rotation": 270, "texture": "#texture" },
        "south": { "uv": [ 4.1875, 6.75, 4.375, 6.8125 ], "texture": "#texture" }
    }
},
{
    "from": [ 20.375, 8.25, 1.125 ],
    "to": [ 28.625, 8.625, 1.5 ],
    "faces": {
        "down":  { "uv": [ 0.8125, 0, 0.875, 1.375 ], "rotation": 270, "texture": "#texture" },
        "east":  { "uv": [ 4.5, 6.5625, 4.5625, 6.625 ], "texture": "#texture" }
    }
},
{
    "from": [ 23, 9, 1.125 ],
    "to": [ 29.75, 9.375, 1.5 ],
    "faces": {
        "down":  { "uv": [ 1.0625, 0, 1.125, 1.125 ], "rotation": 270, "texture": "#texture" },
        "east":  { "uv": [ 8.6875, 6.6875, 8.75, 6.75 ], "texture": "#texture" }
    }
},
{
    "from": [ 5.375, 8.625, 1.875 ],
    "to": [ 8.375, 9, 2.25 ],
    "faces": {
        "down":  { "uv": [ 2.5625, 0, 2.625, 0.5 ], "rotation": 270, "texture": "#texture" },
        "south": { "uv": [ 8.5625, 6.375, 9.0625, 6.4375 ], "texture": "#texture" }
    }
},
{
    "from": [ -11.875, 1.125, 0.375 ],
    "to": [ -10.75, 1.5, 0.75 ],
    "faces": {
        "down":  { "uv": [ 12.0625, 0, 12.125, 0.1875 ], "rotation": 270, "texture": "#texture" },
        "north": { "uv": [ 4.375, 6.75, 4.5625, 6.8125 ], "texture": "#texture" },
        "west":  { "uv": [ 8.625, 6.6875, 8.6875, 6.75 ], "texture": "#texture" },
        "east":  { "uv": [ 11.6875, 6.625, 11.75, 6.6875 ], "texture": "#texture" }
    }
},
{
    "from": [ -15.625, 6.75, 1.875 ],
    "to": [ -14.5, 7.125, 2.25 ],
    "faces": {
        "up":    { "uv": [ 5.75, 0, 5.8125, 0.1875 ], "rotation": 270, "texture": "#texture" },
        "south": { "uv": [ 1.375, 6.6875, 1.5625, 6.75 ], "texture": "#texture" },
        "west":  { "uv": [ 8.8125, 6.6875, 8.875, 6.75 ], "texture": "#texture" },
        "east":  { "uv": [ 8.25, 6.6875, 8.3125, 6.75 ], "texture": "#texture" }
    }
},
{
    "from": [ -15.25, 7.875, 0.375 ],
    "to": [ -14.125, 8.25, 0.75 ],
    "faces": {
        "down":  { "uv": [ 1.5, 0.375, 1.5625, 0.5625 ], "rotation": 270, "texture": "#texture" },
        "up":    { "uv": [ 1.5, 0.375, 1.5625, 0.5625 ], "rotation": 270, "texture": "#texture" },
        "north": { "uv": [ 11.1875, 6.5625, 11.375, 6.625 ], "texture": "#texture" },
        "west":  { "uv": [ 8.25, 6.6875, 8.3125, 6.75 ], "texture": "#texture" },
        "east":  { "uv": [ 8.25, 6.6875, 8.3125, 6.75 ], "texture": "#texture" }
    }
},
{
    "from": [ -11.125, 1.125, 1.5 ],
    "to": [ -10.375, 1.5, 1.875 ],
    "faces": {
        "down":  { "uv": [ 5.8125, 0.0625, 5.875, 0.1875 ], "rotation": 270, "texture": "#texture" },
        "up":    { "uv": [ 5.8125, 0.0625, 5.875, 0.1875 ], "rotation": 270, "texture": "#texture" },
        "north": { "uv": [ 9.375, 6.6875, 9.5, 6.75 ], "texture": "#texture" },
        "south": { "uv": [ 7.6875, 0, 7.8125, 0.0625 ], "texture": "#texture" },
        "east":  { "uv": [ 12.25, 0, 12.3125, 0.0625 ], "texture": "#texture" }
    }
},
{
    "from": [ -14.875, 4.5, 1.875 ],
    "to": [ -13.375, 4.875, 2.25 ],
    "faces": {
        "up":    { "uv": [ 10.5, 0, 10.5625, 0.25 ], "rotation": 270, "texture": "#texture" },
        "south": { "uv": [ 1, 6.75, 1.25, 6.8125 ], "texture": "#texture" },
        "west":  { "uv": [ 8.1875, 6.6875, 8.25, 6.75 ], "texture": "#texture" },
        "east":  { "uv": [ 11.5625, 6.5625, 11.625, 6.625 ], "texture": "#texture" }
    }
},
{
    "from": [ 15.125, 8.25, 1.125 ],
    "to": [ 19.25, 8.625, 1.5 ],
    "faces": {
        "down":  { "uv": [ 1.75, 0, 1.8125, 0.6875 ], "rotation": 270, "texture": "#texture" }
    }
},
{
    "from": [ -13, 2.25, 0.375 ],
    "to": [ -11.5, 2.625, 0.75 ],
    "faces": {
        "down":  { "uv": [ 10.5625, 0, 10.625, 0.25 ], "rotation": 270, "texture": "#texture" },
        "up":    { "uv": [ 10.5625, 0, 10.625, 0.25 ], "rotation": 270, "texture": "#texture" },
        "north": { "uv": [ 1.25, 6.75, 1.5, 6.8125 ], "texture": "#texture" },
        "west":  { "uv": [ 8.6875, 6.6875, 8.75, 6.75 ], "texture": "#texture" },
        "east":  { "uv": [ 11.5625, 6.5625, 11.625, 6.625 ], "texture": "#texture" }
    }
},
{
    "from": [ -14.5, 8.625, 0.375 ],
    "to": [ -9.25, 9, 0.75 ],
    "faces": {
        "down":  { "uv": [ 1.875, 0, 1.9375, 0.875 ], "rotation": 270, "texture": "#texture" },
        "up":    { "uv": [ 1.875, 0, 1.9375, 0.875 ], "rotation": 270, "texture": "#texture" },
        "north": { "uv": [ 1.75, 6.625, 2.625, 6.6875 ], "texture": "#texture" },
        "west":  { "uv": [ 8.6875, 6.6875, 8.75, 6.75 ], "texture": "#texture" }
    }
},
{
    "from": [ -14.5, 9, 1.125 ],
    "to": [ -11.125, 9.375, 1.5 ],
    "faces": {
        "up":    { "uv": [ 2.3125, 0, 2.375, 0.5625 ], "rotation": 270, "texture": "#texture" },
        "west":  { "uv": [ 8.25, 6.6875, 8.3125, 6.75 ], "texture": "#texture" }
    }
},
{
    "from": [ -14.5, 3.75, 2.25 ],
    "to": [ -13.75, 4.125, 2.625 ],
    "faces": {
        "down":  { "uv": [ 7.5625, 0.0625, 7.625, 0.1875 ], "rotation": 270, "texture": "#texture" },
        "up":    { "uv": [ 7.5625, 0.0625, 7.625, 0.1875 ], "rotation": 270, "texture": "#texture" },
        "south": { "uv": [ 8.4375, 6.6875, 8.5625, 6.75 ], "texture": "#texture" },
        "west":  { "uv": [ 8.25, 6.6875, 8.3125, 6.75 ], "texture": "#texture" },
        "east":  { "uv": [ 8.25, 6.6875, 8.3125, 6.75 ], "texture": "#texture" }
    }
},
{
    "from": [ 7.25, 8.25, 0.75 ],
    "to": [ 14.375, 8.625, 1.125 ],
    "faces": {
        "down":  { "uv": [ 0.625, 0.0625, 0.6875, 1.25 ], "rotation": 270, "texture": "#texture" },
        "north": { "uv": [ 8.9375, 6.5, 10.125, 6.5625 ], "texture": "#texture" }
    }
},
{
    "from": [ 11, 9.375, 1.5 ],
    "to": [ 17, 9.75, 1.875 ],
    "faces": {
        "up":    { "uv": [ 1.4375, 0, 1.5, 1 ], "rotation": 270, "texture": "#texture" },
        "south": { "uv": [ 10, 6.5625, 11, 6.625 ], "texture": "#texture" }
    }
},
{
    "from": [ 15.875, 8.25, 0.75 ],
    "to": [ 22.25, 8.625, 1.125 ],
    "faces": {
        "down":  { "uv": [ 0.625, 0.0625, 0.6875, 1.125 ], "rotation": 270, "texture": "#texture" },
        "north": { "uv": [ 8.9375, 6.5, 10, 6.5625 ], "texture": "#texture" }
    }
},
{
    "from": [ -13.75, 9.375, 1.5 ],
    "to": [ -6.25, 9.75, 1.875 ],
    "faces": {
        "up":    { "uv": [ 0.875, 0, 0.9375, 1.25 ], "rotation": 270, "texture": "#texture" },
        "south": { "uv": [ 1.25, 6.5625, 2.5, 6.625 ], "texture": "#texture" },
        "west":  { "uv": [ 8.25, 6.6875, 8.3125, 6.75 ], "texture": "#texture" }
    }
},
{
    "from": [ 29, 9.375, 0.375 ],
    "to": [ 29.75, 9.75, 0.75 ],
    "faces": {
        "down":  { "uv": [ 9.75, 0, 9.8125, 0.125 ], "rotation": 270, "texture": "#texture" },
        "up":    { "uv": [ 9.75, 0, 9.8125, 0.125 ], "rotation": 270, "texture": "#texture" },
        "north": { "uv": [ 12, 6.6875, 12.125, 6.75 ], "texture": "#texture" },
        "west":  { "uv": [ 9.125, 6.6875, 9.1875, 6.75 ], "texture": "#texture" },
        "east":  { "uv": [ 8.25, 6.6875, 8.3125, 6.75 ], "texture": "#texture" }
    }
},
{
    "from": [ 6.5, 9.375, 1.125 ],
    "to": [ 20, 9.75, 1.5 ],
    "faces": {
        "up":    { "uv": [ 0.375, 0, 0.4375, 2.25 ], "rotation": 270, "texture": "#texture" }
    }
},
{
    "from": [ 25.25, 9.375, 1.125 ],
    "to": [ 30.125, 9.75, 1.5 ],
    "faces": {
        "down":  { "uv": [ 1.9375, 0, 2, 0.8125 ], "rotation": 270, "texture": "#texture" },
        "up":    { "uv": [ 1.9375, 0, 2, 0.8125 ], "rotation": 270, "texture": "#texture" },
        "east":  { "uv": [ 8.25, 6.6875, 8.3125, 6.75 ], "texture": "#texture" }
    }
},
{
    "from": [ -13.75, 8.25, 1.5 ],
    "to": [ 2, 8.625, 1.875 ],
    "faces": {
        "down":  { "uv": [ 0.25, 0, 0.3125, 2.625 ], "rotation": 270, "texture": "#texture" },
        "south": { "uv": [ 5.75, 6.4375, 8.375, 6.5 ], "texture": "#texture" }
    }
},
{
    "from": [ -14.875, 4.125, 0 ],
    "to": [ -14.125, 4.5, 0.375 ],
    "faces": {
        "down":  { "uv": [ 0.4375, 1.5, 0.5, 1.625 ], "rotation": 270, "texture": "#texture" },
        "up":    { "uv": [ 0.4375, 1.5, 0.5, 1.625 ], "rotation": 270, "texture": "#texture" },
        "north": { "uv": [ 8.9375, 6.6875, 9.0625, 6.75 ], "texture": "#texture" },
        "west":  { "uv": [ 8.6875, 6.6875, 8.75, 6.75 ], "texture": "#texture" },
        "east":  { "uv": [ 8.25, 6.6875, 8.3125, 6.75 ], "texture": "#texture" }
    }
},
{
    "from": [ -14.5, 8.625, 1.875 ],
    "to": [ 2.75, 9, 2.25 ],
    "faces": {
        "down":  { "uv": [ 0.1875, 0, 0.25, 2.875 ], "rotation": 270, "texture": "#texture" },
        "up":    { "uv": [ 0.1875, 0, 0.25, 2.875 ], "rotation": 270, "texture": "#texture" },
        "south": { "uv": [ 2.875, 6.4375, 5.75, 6.5 ], "texture": "#texture" },
        "west":  { "uv": [ 8.25, 6.6875, 8.3125, 6.75 ], "texture": "#texture" }
    }
},
{
    "from": [ 1.625, 9, 0.375 ],
    "to": [ 11.75, 9.375, 0.75 ],
    "faces": {
        "up":    { "uv": [ 0.5, 0, 0.5625, 1.6875 ], "rotation": 270, "texture": "#texture" },
        "north": { "uv": [ 3.875, 6.5, 5.5625, 6.5625 ], "texture": "#texture" }
    }
},
{
    "from": [ -12.625, 1.5, 1.5 ],
    "to": [ -10.75, 1.875, 1.875 ],
    "faces": {
        "up":    { "uv": [ 6.3125, 0, 6.375, 0.3125 ], "rotation": 270, "texture": "#texture" },
        "north": { "uv": [ 6.0625, 6.6875, 6.375, 6.75 ], "texture": "#texture" },
        "south": { "uv": [ 6.375, 6.6875, 6.6875, 6.75 ], "texture": "#texture" },
        "west":  { "uv": [ 8.6875, 6.6875, 8.75, 6.75 ], "texture": "#texture" },
        "east":  { "uv": [ 8.25, 6.6875, 8.3125, 6.75 ], "texture": "#texture" }
    }
},
{
    "from": [ -15.25, 8.25, 0.75 ],
    "to": [ -4.375, 8.625, 1.125 ],
    "faces": {
        "down":  { "uv": [ 0.25, 0, 0.3125, 1.8125 ], "rotation": 270, "texture": "#texture" },
        "north": { "uv": [ 5.75, 6.4375, 7.5625, 6.5 ], "texture": "#texture" },
        "west":  { "uv": [ 8.25, 6.6875, 8.3125, 6.75 ], "texture": "#texture" }
    }
},
{
    "from": [ -14.125, 3.375, 1.875 ],
    "to": [ -12.625, 3.75, 2.25 ],
    "faces": {
        "down":  { "uv": [ 10.625, 0, 10.6875, 0.25 ], "rotation": 270, "texture": "#texture" },
        "up":    { "uv": [ 10.625, 0, 10.6875, 0.25 ], "rotation": 270, "texture": "#texture" },
        "south": { "uv": [ 1.5, 6.75, 1.75, 6.8125 ], "texture": "#texture" },
        "west":  { "uv": [ 8.25, 6.6875, 8.3125, 6.75 ], "texture": "#texture" },
        "east":  { "uv": [ 9.625, 6.6875, 9.6875, 6.75 ], "texture": "#texture" }
    }
},
{
    "from": [ 0.125, 8.625, 0.375 ],
    "to": [ 28.625, 9, 0.75 ],
    "faces": {
        "down":  { "uv": [ 0, 0, 0.0625, 4.75 ], "rotation": 270, "texture": "#texture" },
        "north": { "uv": [ 4.75, 6.1875, 9.5, 6.25 ], "texture": "#texture" },
        "east":  { "uv": [ 8.1875, 6.6875, 8.25, 6.75 ], "texture": "#texture" }
    }
},
{
    "from": [ -14.125, 3, 1.125 ],
    "to": [ -12.25, 3.375, 1.875 ],
    "faces": {
        "down":  { "uv": [ 5.5625, 0, 5.6875, 0.3125 ], "rotation": 270, "texture": "#texture" },
        "south": { "uv": [ 6.6875, 6.6875, 7, 6.75 ], "texture": "#texture" },
        "west":  { "uv": [ 8.4375, 6.6875, 8.5625, 6.75 ], "texture": "#texture" },
        "east":  { "uv": [ 10.75, 6.6875, 10.875, 6.75 ], "texture": "#texture" }
    }
},
{
    "from": [ -5.875, 9, 1.875 ],
    "to": [ 8.375, 9.375, 2.25 ],
    "faces": {
        "up":    { "uv": [ 0.3125, 0, 0.375, 2.375 ], "rotation": 270, "texture": "#texture" },
        "south": { "uv": [ 8.375, 6.4375, 10.75, 6.5 ], "texture": "#texture" }
    }
},
{
    "from": [ -15.625, 5.625, 0.375 ],
    "to": [ -14.5, 6, 0.75 ],
    "faces": {
        "down":  { "uv": [ 6.4375, 0.0625, 6.5, 0.25 ], "rotation": 270, "texture": "#texture" },
        "north": { "uv": [ 1.375, 6.6875, 1.5625, 6.75 ], "texture": "#texture" },
        "west":  { "uv": [ 8.25, 6.6875, 8.3125, 6.75 ], "texture": "#texture" },
        "east":  { "uv": [ 8.8125, 6.6875, 8.875, 6.75 ], "texture": "#texture" }
    }
},
{
    "from": [ 19.625, 9, 0.75 ],
    "to": [ 29.75, 9.375, 1.125 ],
    "faces": {
        "down":  { "uv": [ 0.5625, 0, 0.625, 1.6875 ], "rotation": 270, "texture": "#texture" },
        "north": { "uv": [ 5.5625, 6.5, 7.25, 6.5625 ], "texture": "#texture" },
        "east":  { "uv": [ 8.8125, 6.6875, 8.875, 6.75 ], "texture": "#texture" }
    }
},
{
    "from": [ -15.25, 7.125, 0.375 ],
    "to": [ -14.5, 7.875, 0.75 ],
    "faces": {
        "north": { "uv": [ 5.4375, 0.125, 5.5625, 0.25 ], "texture": "#texture" },
        "west":  { "uv": [ 7.5625, 0.0625, 7.625, 0.1875 ], "texture": "#texture" },
        "east":  { "uv": [ 7.5625, 0.0625, 7.625, 0.1875 ], "texture": "#texture" }
    }
},
{
    "from": [ -12.625, 1.875, 1.875 ],
    "to": [ -11.125, 2.25, 2.25 ],
    "faces": {
        "down":  { "uv": [ 10.6875, 0, 10.75, 0.25 ], "rotation": 270, "texture": "#texture" },
        "up":    { "uv": [ 10.6875, 0, 10.75, 0.25 ], "rotation": 270, "texture": "#texture" },
        "south": { "uv": [ 1.75, 6.75, 2, 6.8125 ], "texture": "#texture" },
        "west":  { "uv": [ 9.125, 6.6875, 9.1875, 6.75 ], "texture": "#texture" },
        "east":  { "uv": [ 8.25, 6.6875, 8.3125, 6.75 ], "texture": "#texture" }
    }
},
{
    "from": [ 5.75, 9.375, 0.75 ],
    "to": [ 30.125, 9.75, 1.125 ],
    "faces": {
        "down":  { "uv": [ 0.125, 0, 0.1875, 4.0625 ], "rotation": 270, "texture": "#texture" },
        "up":    { "uv": [ 0.125, 0, 0.1875, 4.0625 ], "rotation": 270, "texture": "#texture" },
        "north": { "uv": [ 4.0625, 6.375, 8.125, 6.4375 ], "texture": "#texture" },
        "east":  { "uv": [ 8.8125, 6.6875, 8.875, 6.75 ], "texture": "#texture" }
    }
},
{
    "from": [ -13.75, 9.375, 0.75 ],
    "to": [ -8.125, 9.75, 1.125 ],
    "faces": {
        "up":    { "uv": [ 1.6875, 0, 1.75, 0.9375 ], "rotation": 270, "texture": "#texture" },
        "north": { "uv": [ 12.875, 6.5625, 13.8125, 6.625 ], "texture": "#texture" },
        "west":  { "uv": [ 8.25, 6.6875, 8.3125, 6.75 ], "texture": "#texture" }
    }
},
{
    "from": [ 5.375, 8.25, 1.5 ],
    "to": [ 15.875, 8.625, 1.875 ],
    "faces": {
        "down":  { "uv": [ 0.25, 0, 0.3125, 1.75 ], "rotation": 270, "texture": "#texture" },
        "south": { "uv": [ 5.75, 6.4375, 7.5, 6.5 ], "texture": "#texture" }
    }
},
{
    "from": [ 31.625, 10.5, 0.75 ],
    "to": [ 32, 10.875, 1.875 ],
    "faces": {
        "down":  { "uv": [ 11.1875, 6.5625, 11.375, 6.625 ], "rotation": 270, "texture": "#texture" },
        "up":    { "uv": [ 11.1875, 6.5625, 11.375, 6.625 ], "rotation": 270, "texture": "#texture" },
        "north": { "uv": [ 8.25, 6.6875, 8.3125, 6.75 ], "texture": "#texture" },
        "south": { "uv": [ 8.25, 6.6875, 8.3125, 6.75 ], "texture": "#texture" },
        "west":  { "uv": [ 11.1875, 6.5625, 11.375, 6.625 ], "texture": "#texture" },
        "east":  { "uv": [ 11.1875, 6.5625, 11.375, 6.625 ], "texture": "#texture" }
    }
},
{
    "from": [ -13.75, 2.625, 1.5 ],
    "to": [ -13.375, 3, 1.875 ],
    "faces": {
        "down":  { "uv": [ 8.25, 6.6875, 8.3125, 6.75 ], "rotation": 270, "texture": "#texture" },
        "north": { "uv": [ 8.25, 6.6875, 8.3125, 6.75 ], "texture": "#texture" },
        "south": { "uv": [ 8.25, 6.6875, 8.3125, 6.75 ], "texture": "#texture" },
        "west":  { "uv": [ 8.25, 6.6875, 8.3125, 6.75 ], "texture": "#texture" },
        "east":  { "uv": [ 8.25, 6.6875, 8.3125, 6.75 ], "texture": "#texture" }
    }
},
{
    "from": [ -14.5, 3.75, 1.875 ],
    "to": [ -13, 4.125, 2.25 ],
    "faces": {
        "down":  { "uv": [ 0.4375, 1.375, 0.5, 1.625 ], "rotation": 270, "texture": "#texture" },
        "up":    { "uv": [ 0.4375, 1.375, 0.5, 1.625 ], "rotation": 270, "texture": "#texture" },
        "south": { "uv": [ 6.5, 0, 6.75, 0.0625 ], "texture": "#texture" },
        "west":  { "uv": [ 8.25, 6.6875, 8.3125, 6.75 ], "texture": "#texture" },
        "east":  { "uv": [ 8.25, 6.6875, 8.3125, 6.75 ], "texture": "#texture" }
    }
},
{
    "from": [ -14.5, 5.25, 1.5 ],
    "to": [ -13.75, 5.625, 1.875 ],
    "faces": {
        "up":    { "uv": [ 7.5625, 0.0625, 7.625, 0.1875 ], "rotation": 270, "texture": "#texture" },
        "south": { "uv": [ 8.4375, 6.6875, 8.5625, 6.75 ], "texture": "#texture" },
        "east":  { "uv": [ 8.25, 6.6875, 8.3125, 6.75 ], "texture": "#texture" }
    }
},
{
    "from": [ -13, 2.625, 1.5 ],
    "to": [ -11.5, 3, 1.875 ],
    "faces": {
        "up":    { "uv": [ 10.75, 0, 10.8125, 0.25 ], "rotation": 270, "texture": "#texture" },
        "north": { "uv": [ 2, 6.75, 2.25, 6.8125 ], "texture": "#texture" },
        "south": { "uv": [ 2.25, 6.75, 2.5, 6.8125 ], "texture": "#texture" },
        "west":  { "uv": [ 8.3125, 6.6875, 8.375, 6.75 ], "texture": "#texture" },
        "east":  { "uv": [ 8.625, 6.6875, 8.6875, 6.75 ], "texture": "#texture" }
    }
},
{
    "from": [ -15.25, 7.875, 1.875 ],
    "to": [ -14.125, 8.25, 2.25 ],
    "faces": {
        "down":  { "uv": [ 1.5, 0.375, 1.5625, 0.5625 ], "rotation": 270, "texture": "#texture" },
        "up":    { "uv": [ 1.5, 0.375, 1.5625, 0.5625 ], "rotation": 270, "texture": "#texture" },
        "south": { "uv": [ 11.1875, 6.5625, 11.375, 6.625 ], "texture": "#texture" },
        "west":  { "uv": [ 8.25, 6.6875, 8.3125, 6.75 ], "texture": "#texture" },
        "east":  { "uv": [ 8.25, 6.6875, 8.3125, 6.75 ], "texture": "#texture" }
    }
},
{
    "from": [ -13.375, 2.25, 0.75 ],
    "to": [ -11.5, 2.625, 1.125 ],
    "faces": {
        "down":  { "uv": [ 6.375, 0, 6.4375, 0.3125 ], "rotation": 270, "texture": "#texture" },
        "up":    { "uv": [ 6.375, 0, 6.4375, 0.3125 ], "rotation": 270, "texture": "#texture" },
        "north": { "uv": [ 7, 6.6875, 7.3125, 6.75 ], "texture": "#texture" },
        "south": { "uv": [ 7.3125, 6.6875, 7.625, 6.75 ], "texture": "#texture" },
        "west":  { "uv": [ 8.25, 6.6875, 8.3125, 6.75 ], "texture": "#texture" },
        "east":  { "uv": [ 8.25, 6.6875, 8.3125, 6.75 ], "texture": "#texture" }
    }
},
{
    "from": [ -13.375, 2.625, 0 ],
    "to": [ -12.625, 3, 0.375 ],
    "faces": {
        "down":  { "uv": [ 1.375, 0, 1.4375, 0.125 ], "rotation": 270, "texture": "#texture" },
        "up":    { "uv": [ 1.375, 0, 1.4375, 0.125 ], "rotation": 270, "texture": "#texture" },
        "north": { "uv": [ 3.5625, 0.1875, 3.6875, 0.25 ], "texture": "#texture" },
        "south": { "uv": [ 13.6875, 6.625, 13.8125, 6.6875 ], "texture": "#texture" },
        "west":  { "uv": [ 12.1875, 0, 12.25, 0.0625 ], "texture": "#texture" },
        "east":  { "uv": [ 11.6875, 6.625, 11.75, 6.6875 ], "texture": "#texture" }
    }
}
],
"display": {
    "thirdperson_righthand": {
        "rotation": [ 15, -90, -90 ],
        "translation": [ -3.4, 1.13, 1.51 ],
        "scale": [ 0.5, 0.5, 0.5 ]
    },
    "thirdperson_lefthand": {
        "rotation": [ 15, 90, 90 ],
        "translation": [ 3.4, 1.12, 1.51 ],
        "scale": [ 0.5, 0.5, 0.5 ]
    },
    "ground": {
        "rotation": [ 90, 0, 90 ],
        "translation": [ 0, 0, 0 ],
        "scale": [ 0.3, 0.3, 0.3 ]
    },
    "fixed": {
        "rotation": [ 0, 0, -50 ],
        "translation": [ 0.76, 0.19, 3.02 ],
        "scale": [ 0.5, 0.5, 0.5 ]
    },
    "firstperson_righthand": {
        "rotation": [ -15, -90, -90 ],
        "translation": [ -1.12, 4, -1.32 ],
        "scale": [ 0.4, 0.4, 0.4 ]
    },
    "firstperson_lefthand": {
        "rotation": [ -15, 90, 90 ],
        "translation": [ 4, 4, -1.32 ],
        "scale": [ 0.4, 0.4, 0.4 ]
    },
    "gui": {
        "rotation": [ 0, 0, -45 ],
        "translation": [ 0.19, 0, 0 ],
        "scale": [ 0.4, 0.4, 0.4 ]
    }
}
}