{
	"__comment": "Разработано специально для Hard-Days.SU  ::  If you steal our models - you PIDOR!",
"textures": {
    "texture": "melees/1816577973"
},
"elements": [ 
{
    "from": [ 3.80952, 3.04762, 0.761875 ],
    "to": [ 5.71429, 3.42857, 1.14283 ],
    "faces": {
        "north": { "uv": [ 6.75, 7.75, 7.0625, 7.8125 ], "texture": "#texture" }
    }
},
{
    "from": [ 29.3333, 3.42857, 0.761875 ],
    "to": [ 31.619, 3.80952, 1.14283 ],
    "faces": {
        "north": { "uv": [ 0.375, 7.75, 0.75, 7.8125 ], "texture": "#texture" },
        "east":  { "uv": [ 0.375, 7.75, 0.4375, 7.8125 ], "texture": "#texture" }
    }
},
{
    "from": [ 2.66667, 2.66667, 2.28571 ],
    "to": [ 5.33333, 3.04762, 2.66667 ],
    "faces": {
        "south": { "uv": [ 7.4375, 7.6875, 7.875, 7.75 ], "texture": "#texture" }
    }
},
{
    "from": [ -8.38094, 1.90476, 1.90476 ],
    "to": [ -6.85713, 2.28571, 2.28571 ],
    "faces": {
        "down":  { "uv": [ 9, 0, 9.0625, 0.25 ], "rotation": 270, "texture": "#texture" },
        "south": { "uv": [ 0.5, 7.8125, 0.75, 7.875 ], "texture": "#texture" }
    }
},
{
    "from": [ 20.1905, 4.95238, 1.52381 ],
    "to": [ 22.4762, 5.33333, 1.90476 ],
    "faces": {
        "up":    { "uv": [ 7.4375, 0, 7.5, 0.375 ], "rotation": 270, "texture": "#texture" }
    }
},
{
    "from": [ 1.52381, 4.19048, 1.90476 ],
    "to": [ 3.42857, 4.57143, 2.28571 ],
    "faces": {
        "up":    { "uv": [ 8.1875, 0, 8.25, 0.3125 ], "rotation": 270, "texture": "#texture" },
        "south": { "uv": [ 7.375, 7.75, 7.6875, 7.8125 ], "texture": "#texture" }
    }
},
{
    "from": [ 30.4762, 3.42857, 0.380937 ],
    "to": [ 31.2381, 3.80952, 0.76189 ],
    "faces": {
        "north": { "uv": [ 14.9375, 7.8125, 15.0625, 7.875 ], "texture": "#texture" },
        "east":  { "uv": [ 14.9375, 7.8125, 15, 7.875 ], "texture": "#texture" }
    }
},
{
    "from": [ 17.9048, 4.19048, 0 ],
    "to": [ 19.0476, 4.57143, 0.380952 ],
    "faces": {
        "up":    { "uv": [ 10.4375, 0, 10.5, 0.1875 ], "rotation": 270, "texture": "#texture" },
        "north": { "uv": [ 8.75, 7.8125, 8.9375, 7.875 ], "texture": "#texture" },
        "west":  { "uv": [ 8.875, 7.8125, 8.9375, 7.875 ], "texture": "#texture" },
        "east":  { "uv": [ 8.75, 7.8125, 8.8125, 7.875 ], "texture": "#texture" }
    }
},
{
    "from": [ -6.47619, 1.52381, 1.90476 ],
    "to": [ -5.33333, 1.90476, 2.28571 ],
    "faces": {
        "down":  { "uv": [ 10.5, 0, 10.5625, 0.1875 ], "rotation": 270, "texture": "#texture" },
        "south": { "uv": [ 8.9375, 7.8125, 9.125, 7.875 ], "texture": "#texture" }
    }
},
{
    "from": [ 14.0952, 4.57143, 1.14288 ],
    "to": [ 15.619, 4.95238, 1.52383 ],
    "faces": {
        "up":    { "uv": [ 9.0625, 0, 9.125, 0.25 ], "rotation": 270, "texture": "#texture" },
        "north": { "uv": [ 1, 7.8125, 1.25, 7.875 ], "texture": "#texture" }
    }
},
{
    "from": [ 22.0952, 3.42857, 0 ],
    "to": [ 24, 3.80952, 0.380952 ],
    "faces": {
        "down":  { "uv": [ 8.25, 0, 8.3125, 0.3125 ], "rotation": 270, "texture": "#texture" },
        "north": { "uv": [ 8.625, 7.75, 8.9375, 7.8125 ], "texture": "#texture" }
    }
},
{
    "from": [ 27.4286, 3.04762, 3.04762 ],
    "to": [ 28.9524, 3.42857, 3.42857 ],
    "faces": {
        "down":  { "uv": [ 9.125, 0, 9.1875, 0.25 ], "rotation": 270, "texture": "#texture" },
        "south": { "uv": [ 1.25, 7.8125, 1.5, 7.875 ], "texture": "#texture" }
    }
},
{
    "from": [ -6.09525, 2.28571, 2.28571 ],
    "to": [ -3.80953, 2.66667, 2.66667 ],
    "faces": {
        "down":  { "uv": [ 7.5, 0, 7.5625, 0.375 ], "rotation": 270, "texture": "#texture" },
        "south": { "uv": [ 1.125, 7.75, 1.5, 7.8125 ], "texture": "#texture" }
    }
},
{
    "from": [ 9.52381, 0.380953, 1.90476 ],
    "to": [ 10.6667, 0.761906, 2.28571 ],
    "faces": {
        "down":  { "uv": [ 10.5625, 0, 10.625, 0.1875 ], "rotation": 270, "texture": "#texture" },
        "south": { "uv": [ 9.5, 7.8125, 9.6875, 7.875 ], "texture": "#texture" },
        "east":  { "uv": [ 9.3125, 7.8125, 9.375, 7.875 ], "texture": "#texture" }
    }
},
{
    "from": [ 30.4762, 3.04762, 2.66667 ],
    "to": [ 31.2381, 3.42857, 3.04762 ],
    "faces": {
        "south": { "uv": [ 15.1875, 7.8125, 15.3125, 7.875 ], "texture": "#texture" },
        "east":  { "uv": [ 15.0625, 7.8125, 15.125, 7.875 ], "texture": "#texture" }
    }
},
{
    "from": [ 8, 1.25e-006, 1.52381 ],
    "to": [ 9.52381, 0.761906, 1.90476 ],
    "faces": {
        "down":  { "uv": [ 9.1875, 0, 9.25, 0.25 ], "rotation": 270, "texture": "#texture" },
        "north": { "uv": [ 14.0625, 0, 14.3125, 0.125 ], "texture": "#texture" },
        "south": { "uv": [ 14.3125, 0, 14.5625, 0.125 ], "texture": "#texture" }
    }
},
{
    "from": [ 11.8095, 4.95238, 1.90476 ],
    "to": [ 12.1905, 5.33333, 2.28571 ],
    "faces": {
        "up":    { "uv": [ 7.75, 7.75, 7.8125, 7.8125 ], "rotation": 270, "texture": "#texture" },
        "south": { "uv": [ 7.75, 7.75, 7.8125, 7.8125 ], "texture": "#texture" },
        "west":  { "uv": [ 7.75, 7.75, 7.8125, 7.8125 ], "texture": "#texture" },
        "east":  { "uv": [ 7.75, 7.75, 7.8125, 7.8125 ], "texture": "#texture" }
    }
},
{
    "from": [ 0, 4.19048, 1.90476 ],
    "to": [ 1.52381, 4.57143, 2.28571 ],
    "faces": {
        "up":    { "uv": [ 9.25, 0, 9.3125, 0.25 ], "rotation": 270, "texture": "#texture" },
        "south": { "uv": [ 1.5, 7.8125, 1.75, 7.875 ], "texture": "#texture" }
    }
},
{
    "from": [ -1.52381, 2.28571, 0.761875 ],
    "to": [ -0.380953, 2.66667, 1.14283 ],
    "faces": {
        "north": { "uv": [ 13.3125, 7.1875, 13.5, 7.25 ], "texture": "#texture" }
    }
},
{
    "from": [ 17.9048, 4.95238, 1.14288 ],
    "to": [ 19.4286, 5.33333, 1.52383 ],
    "faces": {
        "up":    { "uv": [ 9.3125, 0, 9.375, 0.25 ], "rotation": 270, "texture": "#texture" },
        "north": { "uv": [ 1.75, 7.8125, 2, 7.875 ], "texture": "#texture" },
        "west":  { "uv": [ 1.9375, 7.8125, 2, 7.875 ], "texture": "#texture" }
    }
},
{
    "from": [ 23.619, 4.19048, 2.66667 ],
    "to": [ 24.7619, 4.57143, 3.04762 ],
    "faces": {
        "up":    { "uv": [ 10.625, 0, 10.6875, 0.1875 ], "rotation": 270, "texture": "#texture" },
        "south": { "uv": [ 9.875, 7.8125, 10.0625, 7.875 ], "texture": "#texture" }
    }
},
{
    "from": [ 6.85714, 1.90476, 0.761875 ],
    "to": [ 8.38095, 2.28571, 1.14283 ],
    "faces": {
        "north": { "uv": [ 2, 7.8125, 2.25, 7.875 ], "texture": "#texture" }
    }
},
{
    "from": [ -8, 2.28571, 2.28571 ],
    "to": [ -6.09524, 2.66667, 2.66667 ],
    "faces": {
        "down":  { "uv": [ 8.3125, 0, 8.375, 0.3125 ], "rotation": 270, "texture": "#texture" },
        "south": { "uv": [ 9.5625, 7.75, 9.875, 7.8125 ], "texture": "#texture" },
        "west":  { "uv": [ 9.5, 7.75, 9.5625, 7.8125 ], "texture": "#texture" }
    }
},
{
    "from": [ 29.7143, 3.80952, 3.04762 ],
    "to": [ 30.8571, 4.19048, 3.42857 ],
    "faces": {
        "up":    { "uv": [ 10.6875, 0, 10.75, 0.1875 ], "rotation": 270, "texture": "#texture" },
        "south": { "uv": [ 10.25, 7.8125, 10.4375, 7.875 ], "texture": "#texture" },
        "east":  { "uv": [ 10.0625, 7.8125, 10.125, 7.875 ], "texture": "#texture" }
    }
},
{
    "from": [ -14.4762, 3.04762, 1.14288 ],
    "to": [ -12.9524, 3.42857, 1.52383 ],
    "faces": {
        "down":  { "uv": [ 9.375, 0, 9.4375, 0.25 ], "rotation": 270, "texture": "#texture" },
        "up":    { "uv": [ 9.375, 0, 9.4375, 0.25 ], "rotation": 270, "texture": "#texture" },
        "north": { "uv": [ 2.25, 7.8125, 2.5, 7.875 ], "texture": "#texture" },
        "west":  { "uv": [ 1.8125, 7.75, 1.875, 7.8125 ], "texture": "#texture" }
    }
},
{
    "from": [ 11.8095, 3.04762, 0.380937 ],
    "to": [ 13.3333, 3.42857, 0.76189 ],
    "faces": {
        "down":  { "uv": [ 9.4375, 0, 9.5, 0.25 ], "rotation": 270, "texture": "#texture" },
        "north": { "uv": [ 2.5, 7.8125, 2.75, 7.875 ], "texture": "#texture" },
        "west":  { "uv": [ 2.6875, 7.8125, 2.75, 7.875 ], "texture": "#texture" }
    }
},
{
    "from": [ 28.9524, 2.66667, 1.52381 ],
    "to": [ 32, 3.04762, 1.90476 ],
    "faces": {
        "east":  { "uv": [ 14.3125, 7.625, 14.375, 7.6875 ], "texture": "#texture" }
    }
},
{
    "from": [ 24, 3.42857, 0 ],
    "to": [ 25.9048, 3.80952, 0.380952 ],
    "faces": {
        "north": { "uv": [ 9.875, 7.75, 10.1875, 7.8125 ], "texture": "#texture" }
    }
},
{
    "from": [ 24.381, 3.80952, 3.04762 ],
    "to": [ 25.5238, 4.19048, 3.42857 ],
    "faces": {
        "up":    { "uv": [ 10.75, 0, 10.8125, 0.1875 ], "rotation": 270, "texture": "#texture" },
        "south": { "uv": [ 10.4375, 7.8125, 10.625, 7.875 ], "texture": "#texture" }
    }
},
{
    "from": [ 25.9048, 3.42857, 2.66667 ],
    "to": [ 31.2381, 4.19048, 3.04762 ],
    "faces": {
        "south": { "uv": [ 12.75, 0, 13.625, 0.125 ], "texture": "#texture" },
        "east":  { "uv": [ 11.875, 0, 11.9375, 0.125 ], "texture": "#texture" }
    }
},
{
    "from": [ 15.619, 4.57143, 1.14288 ],
    "to": [ 16.7619, 4.95238, 1.52383 ],
    "faces": {
        "up":    { "uv": [ 10.8125, 0, 10.875, 0.1875 ], "rotation": 270, "texture": "#texture" },
        "north": { "uv": [ 10.625, 7.8125, 10.8125, 7.875 ], "texture": "#texture" }
    }
},
{
    "from": [ 28.9524, 2.66667, 0.761875 ],
    "to": [ 31.619, 3.04762, 1.14283 ],
    "faces": {
        "north": { "uv": [ 8.3125, 7.6875, 8.75, 7.75 ], "texture": "#texture" },
        "east":  { "uv": [ 8.3125, 7.6875, 8.375, 7.75 ], "texture": "#texture" }
    }
},
{
    "from": [ 23.2381, 1.90476, 1.90476 ],
    "to": [ 24.7619, 2.28571, 2.28571 ],
    "faces": {
        "down":  { "uv": [ 9.5, 0, 9.5625, 0.25 ], "rotation": 270, "texture": "#texture" },
        "south": { "uv": [ 2.75, 7.8125, 3, 7.875 ], "texture": "#texture" }
    }
},
{
    "from": [ -5.33331, 1.52381, 1.90476 ],
    "to": [ -3.0476, 1.90476, 2.28571 ],
    "faces": {
        "down":  { "uv": [ 7.5625, 0, 7.625, 0.375 ], "rotation": 270, "texture": "#texture" },
        "south": { "uv": [ 1.875, 7.75, 2.25, 7.8125 ], "texture": "#texture" }
    }
},
{
    "from": [ 9.52381, 1.14286, 0.761875 ],
    "to": [ 10.2857, 1.90476, 1.14283 ],
    "faces": {
        "down":  { "uv": [ 14.9375, 0, 15, 0.125 ], "rotation": 270, "texture": "#texture" },
        "north": { "uv": [ 15.5625, 0, 15.6875, 0.125 ], "texture": "#texture" },
        "east":  { "uv": [ 15.5625, 0, 15.625, 0.125 ], "texture": "#texture" }
    }
},
{
    "from": [ -0.380937, 2.66667, 0.761875 ],
    "to": [ 1.14287, 3.04762, 1.14283 ],
    "faces": {
        "north": { "uv": [ 3.25, 7.8125, 3.5, 7.875 ], "texture": "#texture" }
    }
},
{
    "from": [ 11.0476, 3.04762, 2.28571 ],
    "to": [ 12.9524, 3.42857, 2.66667 ],
    "faces": {
        "south": { "uv": [ 10.5, 7.75, 10.8125, 7.8125 ], "texture": "#texture" }
    }
},
{
    "from": [ 25.9048, 2.28571, 2.28571 ],
    "to": [ 27.8095, 2.66667, 2.66667 ],
    "faces": {
        "down":  { "uv": [ 8.375, 0, 8.4375, 0.3125 ], "rotation": 270, "texture": "#texture" },
        "south": { "uv": [ 10.8125, 7.75, 11.125, 7.8125 ], "texture": "#texture" }
    }
},
{
    "from": [ 1.90476, 4.57143, 1.90476 ],
    "to": [ 4.19048, 4.95238, 2.28571 ],
    "faces": {
        "up":    { "uv": [ 7.625, 0, 7.6875, 0.375 ], "rotation": 270, "texture": "#texture" },
        "south": { "uv": [ 2.25, 7.75, 2.625, 7.8125 ], "texture": "#texture" },
        "west":  { "uv": [ 8.75, 7.8125, 8.8125, 7.875 ], "texture": "#texture" }
    }
},
{
    "from": [ 6.09524, 3.80952, 2.28571 ],
    "to": [ 7.61905, 4.19048, 2.66667 ],
    "faces": {
        "up":    { "uv": [ 9.5625, 0, 9.625, 0.25 ], "rotation": 270, "texture": "#texture" },
        "south": { "uv": [ 3.5, 7.8125, 3.75, 7.875 ], "texture": "#texture" }
    }
},
{
    "from": [ 2.28571, 4.19048, 1.14288 ],
    "to": [ 3.80952, 4.57143, 1.52383 ],
    "faces": {
        "north": { "uv": [ 3.75, 7.8125, 4, 7.875 ], "texture": "#texture" }
    }
},
{
    "from": [ 4.19048, 4.57143, 1.90476 ],
    "to": [ 9.14286, 4.95238, 2.28571 ],
    "faces": {
        "up":    { "uv": [ 4.1875, 0, 4.25, 0.8125 ], "rotation": 270, "texture": "#texture" },
        "south": { "uv": [ 7.3125, 7.5, 8.125, 7.5625 ], "texture": "#texture" }
    }
},
{
    "from": [ 1.90476, 3.42857, 2.28571 ],
    "to": [ 3.42857, 3.80952, 2.66667 ],
    "faces": {
        "south": { "uv": [ 4, 7.8125, 4.25, 7.875 ], "texture": "#texture" }
    }
},
{
    "from": [ 22.4762, 1.90476, 1.90476 ],
    "to": [ 23.2381, 2.28571, 2.28571 ],
    "faces": {
        "down":  { "uv": [ 15.6875, 0, 15.75, 0.125 ], "rotation": 270, "texture": "#texture" },
        "south": { "uv": [ 15.4375, 7.8125, 15.5625, 7.875 ], "texture": "#texture" },
        "west":  { "uv": [ 15.375, 7.8125, 15.4375, 7.875 ], "texture": "#texture" }
    }
},
{
    "from": [ -3.04763, 4.57143, 1.52381 ],
    "to": [ -1.90477, 4.95238, 1.90476 ],
    "faces": {
        "up":    { "uv": [ 10.875, 0, 10.9375, 0.1875 ], "rotation": 270, "texture": "#texture" },
        "north": { "uv": [ 11, 7.8125, 11.1875, 7.875 ], "texture": "#texture" },
        "south": { "uv": [ 11.1875, 7.8125, 11.375, 7.875 ], "texture": "#texture" }
    }
},
{
    "from": [ 10.2857, 1.14286, 1.14288 ],
    "to": [ 11.0476, 1.52381, 1.52383 ],
    "faces": {
        "down":  { "uv": [ 15.75, 0, 15.8125, 0.125 ], "rotation": 270, "texture": "#texture" },
        "north": { "uv": [ 15.5625, 7.8125, 15.6875, 7.875 ], "texture": "#texture" },
        "east":  { "uv": [ 4.75, 7.5625, 4.8125, 7.625 ], "texture": "#texture" }
    }
},
{
    "from": [ 11.8095, 3.80952, 2.66667 ],
    "to": [ 12.9524, 4.19048, 3.04762 ],
    "faces": {
        "up":    { "uv": [ 10.9375, 0, 11, 0.1875 ], "rotation": 270, "texture": "#texture" },
        "south": { "uv": [ 11.5625, 7.8125, 11.75, 7.875 ], "texture": "#texture" },
        "west":  { "uv": [ 11.5, 7.8125, 11.5625, 7.875 ], "texture": "#texture" }
    }
},
{
    "from": [ 14.4762, 2.28571, 1.90476 ],
    "to": [ 16.7619, 2.66667, 2.28571 ],
    "faces": {
        "down":  { "uv": [ 7.6875, 0, 7.75, 0.375 ], "rotation": 270, "texture": "#texture" },
        "south": { "uv": [ 2.625, 7.75, 3, 7.8125 ], "texture": "#texture" }
    }
},
{
    "from": [ 28.1905, 4.19048, 1.90476 ],
    "to": [ 32, 4.57143, 2.28571 ],
    "faces": {
        "south": { "uv": [ 12, 7.5625, 12.625, 7.625 ], "texture": "#texture" },
        "east":  { "uv": [ 11.375, 7.5625, 11.4375, 7.625 ], "texture": "#texture" }
    }
},
{
    "from": [ 17.9048, 3.80952, 3.04762 ],
    "to": [ 19.4286, 4.19048, 3.42857 ],
    "faces": {
        "up":    { "uv": [ 9.625, 0, 9.6875, 0.25 ], "rotation": 270, "texture": "#texture" },
        "south": { "uv": [ 4.5, 7.8125, 4.75, 7.875 ], "texture": "#texture" },
        "west":  { "uv": [ 4.4375, 7.8125, 4.5, 7.875 ], "texture": "#texture" }
    }
},
{
    "from": [ 24.7619, 2.66667, 2.28571 ],
    "to": [ 31.619, 3.04762, 2.66667 ],
    "faces": {
        "south": { "uv": [ 9.5, 7.375, 10.625, 7.4375 ], "texture": "#texture" },
        "east":  { "uv": [ 8.3125, 7.6875, 8.375, 7.75 ], "texture": "#texture" }
    }
},
{
    "from": [ 17.9048, 4.19048, 0.380937 ],
    "to": [ 20.9524, 4.57143, 0.76189 ],
    "faces": {
        "up":    { "uv": [ 6.25, 0, 6.3125, 0.5 ], "rotation": 270, "texture": "#texture" },
        "north": { "uv": [ 14.8125, 7.625, 15.3125, 7.6875 ], "texture": "#texture" },
        "west":  { "uv": [ 10.9375, 7.8125, 11, 7.875 ], "texture": "#texture" }
    }
},
{
    "from": [ 17.1429, 2.28571, 1.52381 ],
    "to": [ 18.6667, 2.66667, 1.90476 ],
    "faces": {
        "down":  { "uv": [ 9.6875, 0, 9.75, 0.25 ], "rotation": 270, "texture": "#texture" }
    }
},
{
    "from": [ 3.42857, 3.42857, 2.28571 ],
    "to": [ 4.57143, 3.80952, 2.66667 ],
    "faces": {
        "south": { "uv": [ 11.75, 7.8125, 11.9375, 7.875 ], "texture": "#texture" }
    }
},
{
    "from": [ 22.4762, 4.95238, 1.52381 ],
    "to": [ 23.619, 5.33333, 1.90476 ],
    "faces": {
        "up":    { "uv": [ 11, 0, 11.0625, 0.1875 ], "rotation": 270, "texture": "#texture" }
    }
},
{
    "from": [ -3.8095, 1.90476, 2.28571 ],
    "to": [ -2.28569, 2.66667, 2.66667 ],
    "faces": {
        "down":  { "uv": [ 9.75, 0, 9.8125, 0.25 ], "rotation": 270, "texture": "#texture" },
        "south": { "uv": [ 14.5625, 0, 14.8125, 0.125 ], "texture": "#texture" }
    }
},
{
    "from": [ 9.14286, 0.761907, 1.14288 ],
    "to": [ 10.6667, 1.14286, 1.52383 ],
    "faces": {
        "north": { "uv": [ 4.75, 7.8125, 5, 7.875 ], "texture": "#texture" },
        "east":  { "uv": [ 4.75, 7.8125, 4.8125, 7.875 ], "texture": "#texture" }
    }
},
{
    "from": [ -13.7143, 2.66667, 1.90476 ],
    "to": [ -12.9524, 3.04762, 2.28571 ],
    "faces": {
        "down":  { "uv": [ 15.8125, 0, 15.875, 0.125 ], "rotation": 270, "texture": "#texture" },
        "south": { "uv": [ 0.25, 7.875, 0.375, 7.9375 ], "texture": "#texture" },
        "west":  { "uv": [ 0.1875, 7.875, 0.25, 7.9375 ], "texture": "#texture" }
    }
},
{
    "from": [ 30.8571, 3.04762, 0.761875 ],
    "to": [ 31.619, 3.42857, 1.14283 ],
    "faces": {
        "north": { "uv": [ 0.375, 7.875, 0.5, 7.9375 ], "texture": "#texture" },
        "east":  { "uv": [ 0.375, 7.875, 0.4375, 7.9375 ], "texture": "#texture" }
    }
},
{
    "from": [ 5.33333, 1.52381, 0.761875 ],
    "to": [ 6.85714, 2.28571, 1.14283 ],
    "faces": {
        "north": { "uv": [ 14.8125, 0, 15.0625, 0.125 ], "texture": "#texture" }
    }
},
{
    "from": [ 2.28571, 1.14286, 1.14288 ],
    "to": [ 3.80952, 1.52381, 1.52383 ],
    "faces": {
        "north": { "uv": [ 5, 7.8125, 5.25, 7.875 ], "texture": "#texture" }
    }
},
{
    "from": [ 27.4286, 3.80952, 3.04762 ],
    "to": [ 29.7143, 4.19048, 3.42857 ],
    "faces": {
        "up":    { "uv": [ 7.75, 0, 7.8125, 0.375 ], "rotation": 270, "texture": "#texture" },
        "south": { "uv": [ 3, 7.75, 3.375, 7.8125 ], "texture": "#texture" }
    }
},
{
    "from": [ 19.0476, 3.04762, 0.380937 ],
    "to": [ 20.1905, 3.42857, 0.76189 ],
    "faces": {
        "down":  { "uv": [ 11.0625, 0, 11.125, 0.1875 ], "rotation": 270, "texture": "#texture" },
        "north": { "uv": [ 11.9375, 7.8125, 12.125, 7.875 ], "texture": "#texture" }
    }
},
{
    "from": [ 4.95238, 0.761907, 1.14288 ],
    "to": [ 6.47619, 1.14286, 1.52383 ],
    "faces": {
        "north": { "uv": [ 5.25, 7.8125, 5.5, 7.875 ], "texture": "#texture" }
    }
},
{
    "from": [ 18.6667, 2.28571, 1.52381 ],
    "to": [ 21.3333, 2.66667, 1.90476 ],
    "faces": {
        "down":  { "uv": [ 6.875, 0, 6.9375, 0.4375 ], "rotation": 270, "texture": "#texture" }
    }
},
{
    "from": [ -15.2381, 2.66667, 1.52381 ],
    "to": [ -14.4762, 3.04762, 1.90476 ],
    "faces": {
        "down":  { "uv": [ 0.0625, 3.875, 0.125, 4 ], "rotation": 270, "texture": "#texture" },
        "north": { "uv": [ 11.625, 7.8125, 11.75, 7.875 ], "texture": "#texture" },
        "south": { "uv": [ 11.375, 7.8125, 11.5, 7.875 ], "texture": "#texture" },
        "west":  { "uv": [ 11.375, 7.8125, 11.4375, 7.875 ], "texture": "#texture" }
    }
},
{
    "from": [ 6.47619, 0.761907, 1.14288 ],
    "to": [ 9.14286, 1.14286, 1.52383 ],
    "faces": {
        "north": { "uv": [ 8.75, 7.6875, 9.1875, 7.75 ], "texture": "#texture" }
    }
},
{
    "from": [ 17.9048, 3.80952, 0 ],
    "to": [ 21.7143, 4.19048, 0.380952 ],
    "faces": {
        "up":    { "uv": [ 5.0625, 0, 5.125, 0.625 ], "rotation": 270, "texture": "#texture" },
        "north": { "uv": [ 12.625, 7.5625, 13.25, 7.625 ], "texture": "#texture" },
        "west":  { "uv": [ 8.125, 7.75, 8.1875, 7.8125 ], "texture": "#texture" }
    }
},
{
    "from": [ 4.57143, 3.42857, 2.28571 ],
    "to": [ 6.47619, 3.80952, 2.66667 ],
    "faces": {
        "south": { "uv": [ 11.125, 7.75, 11.4375, 7.8125 ], "texture": "#texture" }
    }
},
{
    "from": [ 27.4286, 2.66667, 0.380937 ],
    "to": [ 31.2381, 3.04762, 0.76189 ],
    "faces": {
        "down":  { "uv": [ 5.125, 0, 5.1875, 0.625 ], "rotation": 270, "texture": "#texture" },
        "north": { "uv": [ 13.25, 7.5625, 13.875, 7.625 ], "texture": "#texture" },
        "east":  { "uv": [ 13.25, 7.5625, 13.3125, 7.625 ], "texture": "#texture" }
    }
},
{
    "from": [ 29.3333, 2.66667, 1.14288 ],
    "to": [ 32, 3.04762, 1.52383 ],
    "faces": {
        "north": { "uv": [ 9.1875, 7.6875, 9.625, 7.75 ], "texture": "#texture" },
        "east":  { "uv": [ 9.1875, 7.6875, 9.25, 7.75 ], "texture": "#texture" }
    }
},
{
    "from": [ 26.6667, 3.04762, 0.380937 ],
    "to": [ 31.2381, 3.42857, 0.76189 ],
    "faces": {
        "north": { "uv": [ 13.8125, 7.5, 14.5625, 7.5625 ], "texture": "#texture" },
        "east":  { "uv": [ 13.8125, 7.5, 13.875, 7.5625 ], "texture": "#texture" }
    }
},
{
    "from": [ -0.380937, 1.90476, 0.761875 ],
    "to": [ 1.14287, 2.28571, 1.14283 ],
    "faces": {
        "north": { "uv": [ 5.75, 7.8125, 6, 7.875 ], "texture": "#texture" }
    }
},
{
    "from": [ 22.4762, 1.90476, 1.14288 ],
    "to": [ 24.7619, 2.28571, 1.52383 ],
    "faces": {
        "down":  { "uv": [ 7.8125, 0, 7.875, 0.375 ], "rotation": 270, "texture": "#texture" },
        "north": { "uv": [ 3.375, 7.75, 3.75, 7.8125 ], "texture": "#texture" },
        "west":  { "uv": [ 3.6875, 7.75, 3.75, 7.8125 ], "texture": "#texture" }
    }
},
{
    "from": [ 24.381, 4.95238, 1.14288 ],
    "to": [ 25.5238, 5.33333, 1.52383 ],
    "faces": {
        "up":    { "uv": [ 11.125, 0, 11.1875, 0.1875 ], "rotation": 270, "texture": "#texture" },
        "north": { "uv": [ 12.125, 7.8125, 12.3125, 7.875 ], "texture": "#texture" }
    }
},
{
    "from": [ 0, 3.42857, 0.761875 ],
    "to": [ 9.52381, 3.80952, 1.14283 ],
    "faces": {
        "up":    { "uv": [ 2, 0, 2.0625, 1.5625 ], "rotation": 270, "texture": "#texture" },
        "north": { "uv": [ 4.875, 7.1875, 6.4375, 7.25 ], "texture": "#texture" }
    }
},
{
    "from": [ -14.4762, 3.42857, 1.52381 ],
    "to": [ -13.3333, 3.80952, 1.90476 ],
    "faces": {
        "up":    { "uv": [ 11.1875, 0, 11.25, 0.1875 ], "rotation": 270, "texture": "#texture" },
        "north": { "uv": [ 12.3125, 7.8125, 12.5, 7.875 ], "texture": "#texture" },
        "south": { "uv": [ 12.5, 7.8125, 12.6875, 7.875 ], "texture": "#texture" },
        "west":  { "uv": [ 9.75, 7.8125, 9.8125, 7.875 ], "texture": "#texture" }
    }
},
{
    "from": [ 27.8095, 3.04762, 1.14288 ],
    "to": [ 32, 3.42857, 1.52383 ],
    "faces": {
        "north": { "uv": [ 5.875, 7.5625, 6.5625, 7.625 ], "texture": "#texture" },
        "east":  { "uv": [ 5.875, 7.5625, 5.9375, 7.625 ], "texture": "#texture" }
    }
},
{
    "from": [ 28.9524, 2.28571, 1.14288 ],
    "to": [ 32, 2.66667, 1.52383 ],
    "faces": {
        "down":  { "uv": [ 6.3125, 0, 6.375, 0.5 ], "rotation": 270, "texture": "#texture" },
        "north": { "uv": [ 0.5, 7.6875, 1, 7.75 ], "texture": "#texture" },
        "east":  { "uv": [ 0.5, 7.6875, 0.5625, 7.75 ], "texture": "#texture" }
    }
},
{
    "from": [ 16.381, 3.42857, 0 ],
    "to": [ 18.2857, 3.80952, 0.380952 ],
    "faces": {
        "down":  { "uv": [ 8.4375, 0, 8.5, 0.3125 ], "rotation": 270, "texture": "#texture" },
        "up":    { "uv": [ 8.4375, 0, 8.5, 0.3125 ], "rotation": 270, "texture": "#texture" },
        "north": { "uv": [ 11.4375, 7.75, 11.75, 7.8125 ], "texture": "#texture" }
    }
},
{
    "from": [ -6.09525, 1.90476, 1.14288 ],
    "to": [ -4.95239, 2.28571, 1.52383 ],
    "faces": {
        "north": { "uv": [ 12.6875, 7.8125, 12.875, 7.875 ], "texture": "#texture" }
    }
},
{
    "from": [ 16.381, 3.04762, 0.380937 ],
    "to": [ 17.9048, 3.42857, 0.76189 ],
    "faces": {
        "down":  { "uv": [ 9.8125, 0, 9.875, 0.25 ], "rotation": 270, "texture": "#texture" },
        "north": { "uv": [ 6, 7.8125, 6.25, 7.875 ], "texture": "#texture" }
    }
},
{
    "from": [ 13.3333, 3.04762, 0.380937 ],
    "to": [ 16.381, 3.42857, 0.76189 ],
    "faces": {
        "down":  { "uv": [ 6.375, 0, 6.4375, 0.5 ], "rotation": 270, "texture": "#texture" },
        "north": { "uv": [ 1, 7.6875, 1.5, 7.75 ], "texture": "#texture" }
    }
},
{
    "from": [ 19.4286, 3.80952, 3.04762 ],
    "to": [ 20.5714, 4.19048, 3.42857 ],
    "faces": {
        "up":    { "uv": [ 11.25, 0, 11.3125, 0.1875 ], "rotation": 270, "texture": "#texture" },
        "south": { "uv": [ 12.875, 7.8125, 13.0625, 7.875 ], "texture": "#texture" }
    }
},
{
    "from": [ 16.381, 2.66667, 0.761875 ],
    "to": [ 20.1905, 3.04762, 1.14283 ],
    "faces": {
        "down":  { "uv": [ 5.1875, 0, 5.25, 0.625 ], "rotation": 270, "texture": "#texture" },
        "north": { "uv": [ 13.875, 7.5625, 14.5, 7.625 ], "texture": "#texture" }
    }
},
{
    "from": [ 30.8571, 4.95238, 1.52381 ],
    "to": [ 31.619, 5.33333, 1.90476 ],
    "faces": {
        "up":    { "uv": [ 15.875, 0, 15.9375, 0.125 ], "rotation": 270, "texture": "#texture" },
        "east":  { "uv": [ 0.5, 7.875, 0.5625, 7.9375 ], "texture": "#texture" }
    }
},
{
    "from": [ -3.04763, 1.52381, 1.90476 ],
    "to": [ 1.52381, 1.90476, 2.28571 ],
    "faces": {
        "south": { "uv": [ 0.75, 7.5625, 1.5, 7.625 ], "texture": "#texture" }
    }
},
{
    "from": [ 22.4762, 1.90476, 1.52381 ],
    "to": [ 23.619, 2.28571, 1.90476 ],
    "faces": {
        "down":  { "uv": [ 11.3125, 0, 11.375, 0.1875 ], "rotation": 270, "texture": "#texture" },
        "west":  { "uv": [ 3.6875, 7.75, 3.75, 7.8125 ], "texture": "#texture" }
    }
},
{
    "from": [ -1.14288, 1.52381, 0.761875 ],
    "to": [ -0.380967, 1.90476, 1.14283 ],
    "faces": {
        "down":  { "uv": [ 4.5, 0.3125, 4.5625, 0.4375 ], "rotation": 270, "texture": "#texture" },
        "north": { "uv": [ 1.8125, 7.5625, 1.9375, 7.625 ], "texture": "#texture" },
        "west":  { "uv": [ 7.0625, 7.6875, 7.125, 7.75 ], "texture": "#texture" }
    }
},
{
    "from": [ 10.2857, 0.761907, 1.52381 ],
    "to": [ 11.0476, 1.14286, 1.90476 ],
    "faces": {
        "north": { "uv": [ 0.625, 7.875, 0.75, 7.9375 ], "texture": "#texture" },
        "south": { "uv": [ 0.75, 7.875, 0.875, 7.9375 ], "texture": "#texture" },
        "east":  { "uv": [ 7.125, 7.6875, 7.1875, 7.75 ], "texture": "#texture" }
    }
},
{
    "from": [ 5.71429, 3.04762, 0.761875 ],
    "to": [ 6.85714, 3.42857, 1.14283 ],
    "faces": {
        "north": { "uv": [ 13.0625, 7.8125, 13.25, 7.875 ], "texture": "#texture" }
    }
},
{
    "from": [ 8, 0.380953, 1.14288 ],
    "to": [ 10.6667, 0.761906, 1.52383 ],
    "faces": {
        "down":  { "uv": [ 6.9375, 0, 7, 0.4375 ], "rotation": 270, "texture": "#texture" },
        "north": { "uv": [ 9.625, 7.6875, 10.0625, 7.75 ], "texture": "#texture" },
        "east":  { "uv": [ 9.3125, 7.8125, 9.375, 7.875 ], "texture": "#texture" }
    }
},
{
    "from": [ 28.5714, 4.95238, 1.90476 ],
    "to": [ 31.619, 5.33333, 2.28571 ],
    "faces": {
        "up":    { "uv": [ 6.4375, 0, 6.5, 0.5 ], "rotation": 270, "texture": "#texture" },
        "south": { "uv": [ 2, 7.6875, 2.5, 7.75 ], "texture": "#texture" },
        "east":  { "uv": [ 1.5, 7.6875, 1.5625, 7.75 ], "texture": "#texture" }
    }
},
{
    "from": [ 21.3333, 2.28571, 1.52381 ],
    "to": [ 22.4762, 2.66667, 1.90476 ],
    "faces": {
        "down":  { "uv": [ 11.375, 0, 11.4375, 0.1875 ], "rotation": 270, "texture": "#texture" }
    }
},
{
    "from": [ 1.14288, 1.90476, 0.761875 ],
    "to": [ 5.33335, 2.28571, 1.14283 ],
    "faces": {
        "north": { "uv": [ 6.5625, 7.5625, 7.25, 7.625 ], "texture": "#texture" }
    }
},
{
    "from": [ -1.14288, 1.52381, 2.28571 ],
    "to": [ 1.52379, 1.90476, 2.66667 ],
    "faces": {
        "down":  { "uv": [ 7, 0, 7.0625, 0.4375 ], "rotation": 270, "texture": "#texture" },
        "south": { "uv": [ 10.0625, 7.6875, 10.5, 7.75 ], "texture": "#texture" },
        "west":  { "uv": [ 3.125, 7.8125, 3.1875, 7.875 ], "texture": "#texture" }
    }
},
{
    "from": [ -9.90475, 3.42857, 1.14288 ],
    "to": [ -6.85713, 3.80952, 1.52383 ],
    "faces": {
        "north": { "uv": [ 2.5, 7.6875, 3, 7.75 ], "texture": "#texture" }
    }
},
{
    "from": [ -6.09525, 3.04762, 0.761875 ],
    "to": [ -4.57144, 3.42857, 1.14283 ],
    "faces": {
        "north": { "uv": [ 6.25, 7.8125, 6.5, 7.875 ], "texture": "#texture" }
    }
},
{
    "from": [ 22.4762, 2.28571, 0.761875 ],
    "to": [ 31.619, 2.66667, 1.14283 ],
    "faces": {
        "down":  { "uv": [ 2.1875, 0, 2.25, 1.5 ], "rotation": 270, "texture": "#texture" },
        "north": { "uv": [ 11.125, 7.1875, 12.625, 7.25 ], "texture": "#texture" },
        "west":  { "uv": [ 12.5625, 7.1875, 12.625, 7.25 ], "texture": "#texture" },
        "east":  { "uv": [ 11.125, 7.1875, 11.1875, 7.25 ], "texture": "#texture" }
    }
},
{
    "from": [ 12.1905, 3.42857, 0 ],
    "to": [ 16.381, 3.80952, 0.380952 ],
    "faces": {
        "down":  { "uv": [ 4.75, 0, 4.8125, 0.6875 ], "rotation": 270, "texture": "#texture" },
        "up":    { "uv": [ 4.75, 0, 4.8125, 0.6875 ], "rotation": 270, "texture": "#texture" },
        "north": { "uv": [ 7.25, 7.5625, 7.9375, 7.625 ], "texture": "#texture" },
        "west":  { "uv": [ 7.875, 7.5625, 7.9375, 7.625 ], "texture": "#texture" }
    }
},
{
    "from": [ 23.619, 4.95238, 1.52381 ],
    "to": [ 25.1429, 5.33333, 1.90476 ],
    "faces": {
        "up":    { "uv": [ 9.875, 0, 9.9375, 0.25 ], "rotation": 270, "texture": "#texture" }
    }
},
{
    "from": [ 8.7619, 1.90476, 1.90476 ],
    "to": [ 11.4286, 2.28571, 2.28571 ],
    "faces": {
        "down":  { "uv": [ 7.0625, 0, 7.125, 0.4375 ], "rotation": 270, "texture": "#texture" },
        "south": { "uv": [ 10.5, 7.6875, 10.9375, 7.75 ], "texture": "#texture" },
        "east":  { "uv": [ 0.8125, 7.8125, 0.875, 7.875 ], "texture": "#texture" }
    }
},
{
    "from": [ 13.7143, 2.28571, 1.52381 ],
    "to": [ 17.1429, 2.66667, 1.90476 ],
    "faces": {
        "down":  { "uv": [ 5.8125, 0, 5.875, 0.5625 ], "rotation": 270, "texture": "#texture" }
    }
},
{
    "from": [ 26.6667, 4.57143, 2.28571 ],
    "to": [ 29.3333, 4.95238, 2.66667 ],
    "faces": {
        "up":    { "uv": [ 7.125, 0, 7.1875, 0.4375 ], "rotation": 270, "texture": "#texture" },
        "south": { "uv": [ 10.9375, 7.6875, 11.375, 7.75 ], "texture": "#texture" }
    }
},
{
    "from": [ 8, 2.28571, 2.28571 ],
    "to": [ 11.0476, 2.66667, 2.66667 ],
    "faces": {
        "down":  { "uv": [ 6.5, 0, 6.5625, 0.5 ], "rotation": 270, "texture": "#texture" },
        "south": { "uv": [ 3, 7.6875, 3.5, 7.75 ], "texture": "#texture" },
        "east":  { "uv": [ 7.375, 7.6875, 7.4375, 7.75 ], "texture": "#texture" }
    }
},
{
    "from": [ -11.8095, 3.42857, 1.90476 ],
    "to": [ -10.2857, 3.80952, 2.28571 ],
    "faces": {
        "up":    { "uv": [ 9.9375, 0, 10, 0.25 ], "rotation": 270, "texture": "#texture" },
        "south": { "uv": [ 6.5, 7.8125, 6.75, 7.875 ], "texture": "#texture" }
    }
},
{
    "from": [ 1.14288, 0.380953, 1.52381 ],
    "to": [ 3.04764, 0.761906, 1.90476 ],
    "faces": {
        "down":  { "uv": [ 8.5, 0, 8.5625, 0.3125 ], "rotation": 270, "texture": "#texture" },
        "north": { "uv": [ 11.75, 7.75, 12.0625, 7.8125 ], "texture": "#texture" },
        "south": { "uv": [ 12.0625, 7.75, 12.375, 7.8125 ], "texture": "#texture" }
    }
},
{
    "from": [ -12.9524, 3.80952, 1.52381 ],
    "to": [ -9.14283, 4.19048, 1.90476 ],
    "faces": {
        "up":    { "uv": [ 5.25, 0, 5.3125, 0.625 ], "rotation": 270, "texture": "#texture" },
        "north": { "uv": [ 14.5, 7.5625, 15.125, 7.625 ], "texture": "#texture" },
        "south": { "uv": [ 0.625, 7.625, 1.25, 7.6875 ], "texture": "#texture" },
        "west":  { "uv": [ 15.0625, 7.5625, 15.125, 7.625 ], "texture": "#texture" }
    }
},
{
    "from": [ 25.1429, 3.80952, 0 ],
    "to": [ 30.8571, 4.19048, 0.380952 ],
    "faces": {
        "up":    { "uv": [ 3.75, 0, 3.8125, 0.9375 ], "rotation": 270, "texture": "#texture" },
        "north": { "uv": [ 0.9375, 7.5, 1.875, 7.5625 ], "texture": "#texture" },
        "east":  { "uv": [ 0.9375, 7.5, 1, 7.5625 ], "texture": "#texture" }
    }
},
{
    "from": [ 15.619, 2.66667, 2.28571 ],
    "to": [ 21.7143, 3.04762, 2.66667 ],
    "faces": {
        "down":  { "uv": [ 3.4375, 0, 3.5, 1 ], "rotation": 270, "texture": "#texture" },
        "south": { "uv": [ 7.4375, 7.4375, 8.4375, 7.5 ], "texture": "#texture" }
    }
},
{
    "from": [ 3.04762, 0.380953, 1.52381 ],
    "to": [ 8, 0.761906, 1.90476 ],
    "faces": {
        "down":  { "uv": [ 4.25, 0, 4.3125, 0.8125 ], "rotation": 270, "texture": "#texture" },
        "north": { "uv": [ 8.125, 7.5, 8.9375, 7.5625 ], "texture": "#texture" },
        "south": { "uv": [ 8.9375, 7.5, 9.75, 7.5625 ], "texture": "#texture" }
    }
},
{
    "from": [ 25.9048, 3.04762, 3.04762 ],
    "to": [ 27.4286, 3.42857, 3.42857 ],
    "faces": {
        "down":  { "uv": [ 10, 0, 10.0625, 0.25 ], "rotation": 270, "texture": "#texture" },
        "south": { "uv": [ 6.75, 7.8125, 7, 7.875 ], "texture": "#texture" }
    }
},
{
    "from": [ -11.0476, 3.42857, 1.14288 ],
    "to": [ -9.90479, 3.80952, 1.52383 ],
    "faces": {
        "north": { "uv": [ 5.5625, 7.8125, 5.75, 7.875 ], "texture": "#texture" }
    }
},
{
    "from": [ 8.7619, 1.14286, 1.52381 ],
    "to": [ 11.4286, 1.52381, 1.90476 ],
    "faces": {
        "down":  { "uv": [ 7.1875, 0, 7.25, 0.4375 ], "rotation": 270, "texture": "#texture" },
        "north": { "uv": [ 11.375, 7.6875, 11.8125, 7.75 ], "texture": "#texture" },
        "south": { "uv": [ 11.8125, 7.6875, 12.25, 7.75 ], "texture": "#texture" },
        "east":  { "uv": [ 9.1875, 7.8125, 9.25, 7.875 ], "texture": "#texture" }
    }
},
{
    "from": [ 10.6667, 4.57143, 1.90476 ],
    "to": [ 22.0952, 4.95238, 2.28571 ],
    "faces": {
        "up":    { "uv": [ 1.5, 0, 1.5625, 1.875 ], "rotation": 270, "texture": "#texture" },
        "south": { "uv": [ 9.6875, 7, 11.5625, 7.0625 ], "texture": "#texture" }
    }
},
{
    "from": [ 11.8095, 4.19048, 2.28571 ],
    "to": [ 17.9048, 4.57143, 2.66667 ],
    "faces": {
        "up":    { "uv": [ 3.5, 0, 3.5625, 1 ], "rotation": 270, "texture": "#texture" },
        "south": { "uv": [ 9.4375, 7.4375, 10.4375, 7.5 ], "texture": "#texture" },
        "west":  { "uv": [ 9.375, 7.4375, 9.4375, 7.5 ], "texture": "#texture" }
    }
},
{
    "from": [ 17.9048, 4.19048, 2.66667 ],
    "to": [ 23.619, 4.57143, 3.04762 ],
    "faces": {
        "up":    { "uv": [ 3.8125, 0, 3.875, 0.9375 ], "rotation": 270, "texture": "#texture" },
        "south": { "uv": [ 1.875, 7.5, 2.8125, 7.5625 ], "texture": "#texture" },
        "west":  { "uv": [ 10.9375, 7.8125, 11, 7.875 ], "texture": "#texture" }
    }
},
{
    "from": [ 30.4762, 3.80952, 1.14288 ],
    "to": [ 32, 4.19048, 1.52383 ],
    "faces": {
        "north": { "uv": [ 7, 7.8125, 7.25, 7.875 ], "texture": "#texture" },
        "east":  { "uv": [ 7, 7.8125, 7.0625, 7.875 ], "texture": "#texture" }
    }
},
{
    "from": [ -13.3333, 3.42857, 1.52381 ],
    "to": [ -10.6667, 3.80952, 1.90476 ],
    "faces": {
        "up":    { "uv": [ 7.25, 0, 7.3125, 0.4375 ], "rotation": 270, "texture": "#texture" },
        "north": { "uv": [ 12.25, 7.6875, 12.6875, 7.75 ], "texture": "#texture" },
        "south": { "uv": [ 12.6875, 7.6875, 13.125, 7.75 ], "texture": "#texture" }
    }
},
{
    "from": [ 11.8095, 3.80952, 0.380937 ],
    "to": [ 18.2857, 4.19048, 0.76189 ],
    "faces": {
        "up":    { "uv": [ 3.1875, 0, 3.25, 1.0625 ], "rotation": 270, "texture": "#texture" },
        "north": { "uv": [ 1.0625, 7.4375, 2.125, 7.5 ], "texture": "#texture" },
        "west":  { "uv": [ 2.0625, 7.4375, 2.125, 7.5 ], "texture": "#texture" }
    }
},
{
    "from": [ -4.95238, 1.14286, 1.14288 ],
    "to": [ 2.28571, 1.52381, 1.52383 ],
    "faces": {
        "down":  { "uv": [ 2.8125, 0, 2.875, 1.1875 ], "rotation": 270, "texture": "#texture" },
        "north": { "uv": [ 13.3125, 7.3125, 14.5, 7.375 ], "texture": "#texture" },
        "west":  { "uv": [ 14.4375, 7.3125, 14.5, 7.375 ], "texture": "#texture" }
    }
},
{
    "from": [ 26.6667, 4.57143, 1.52381 ],
    "to": [ 32, 4.95238, 1.90476 ],
    "faces": {
        "up":    { "uv": [ 4, 0, 4.0625, 0.875 ], "rotation": 270, "texture": "#texture" },
        "east":  { "uv": [ 4.6875, 7.5, 4.75, 7.5625 ], "texture": "#texture" }
    }
},
{
    "from": [ -4.57144, 3.04762, 0.761875 ],
    "to": [ 1.5238, 3.42857, 1.14283 ],
    "faces": {
        "north": { "uv": [ 10.4375, 7.4375, 11.4375, 7.5 ], "texture": "#texture" }
    }
},
{
    "from": [ 17.9048, 3.04762, 0.380937 ],
    "to": [ 19.0476, 3.42857, 0.76189 ],
    "faces": {
        "down":  { "uv": [ 11.4375, 0, 11.5, 0.1875 ], "rotation": 270, "texture": "#texture" },
        "north": { "uv": [ 13.25, 7.8125, 13.4375, 7.875 ], "texture": "#texture" }
    }
},
{
    "from": [ -9.14288, 2.66667, 0.761875 ],
    "to": [ -7.61907, 3.04762, 1.14283 ],
    "faces": {
        "down":  { "uv": [ 10.0625, 0, 10.125, 0.25 ], "rotation": 270, "texture": "#texture" },
        "north": { "uv": [ 7.25, 7.8125, 7.5, 7.875 ], "texture": "#texture" }
    }
},
{
    "from": [ -8, 4.19048, 1.90476 ],
    "to": [ 0, 4.57143, 2.28571 ],
    "faces": {
        "up":    { "uv": [ 2.6875, 0, 2.75, 1.3125 ], "rotation": 270, "texture": "#texture" },
        "south": { "uv": [ 5.5, 7.3125, 6.8125, 7.375 ], "texture": "#texture" },
        "west":  { "uv": [ 6.8125, 7.75, 6.875, 7.8125 ], "texture": "#texture" }
    }
},
{
    "from": [ 10.6667, 3.04762, 0.761875 ],
    "to": [ 14.0952, 3.42857, 1.14283 ],
    "faces": {
        "north": { "uv": [ 8.6875, 7.625, 9.25, 7.6875 ], "texture": "#texture" }
    }
},
{
    "from": [ 29.3333, 2.66667, 1.90476 ],
    "to": [ 32, 3.04762, 2.28571 ],
    "faces": {
        "south": { "uv": [ 13.5625, 7.6875, 14, 7.75 ], "texture": "#texture" },
        "east":  { "uv": [ 14.3125, 7.625, 14.375, 7.6875 ], "texture": "#texture" }
    }
},
{
    "from": [ -0.380937, 1.52381, 0.761875 ],
    "to": [ 4.19049, 1.90476, 1.14283 ],
    "faces": {
        "down":  { "uv": [ 4.5, 0, 4.5625, 0.75 ], "rotation": 270, "texture": "#texture" },
        "north": { "uv": [ 1.5, 7.5625, 2.25, 7.625 ], "texture": "#texture" }
    }
},
{
    "from": [ 9.14286, 4.57143, 1.90476 ],
    "to": [ 10.6667, 4.95238, 2.28571 ],
    "faces": {
        "up":    { "uv": [ 10.125, 0, 10.1875, 0.25 ], "rotation": 270, "texture": "#texture" },
        "south": { "uv": [ 7.5, 7.8125, 7.75, 7.875 ], "texture": "#texture" }
    }
},
{
    "from": [ 10.6667, 2.28571, 1.52381 ],
    "to": [ 13.7143, 2.66667, 1.90476 ],
    "faces": {
        "down":  { "uv": [ 6.5625, 0, 6.625, 0.5 ], "rotation": 270, "texture": "#texture" }
    }
},
{
    "from": [ 24, 3.04762, 1.90476 ],
    "to": [ 32, 3.42857, 2.28571 ],
    "faces": {
        "south": { "uv": [ 8.125, 7.3125, 9.4375, 7.375 ], "texture": "#texture" },
        "east":  { "uv": [ 6.8125, 7.3125, 6.875, 7.375 ], "texture": "#texture" }
    }
},
{
    "from": [ -10.2857, 3.42857, 1.90476 ],
    "to": [ -9.14285, 3.80952, 2.28571 ],
    "faces": {
        "south": { "uv": [ 13.4375, 7.8125, 13.625, 7.875 ], "texture": "#texture" }
    }
},
{
    "from": [ -0.380937, 2.28571, 0.761875 ],
    "to": [ 7.23811, 2.66667, 1.14283 ],
    "faces": {
        "north": { "uv": [ 12.0625, 7.3125, 13.3125, 7.375 ], "texture": "#texture" }
    }
},
{
    "from": [ 25.1429, 4.95238, 1.90476 ],
    "to": [ 28.5714, 5.33333, 2.28571 ],
    "faces": {
        "up":    { "uv": [ 5.875, 0, 5.9375, 0.5625 ], "rotation": 270, "texture": "#texture" },
        "south": { "uv": [ 9.25, 7.625, 9.8125, 7.6875 ], "texture": "#texture" }
    }
},
{
    "from": [ 1.52381, 3.04762, 0.761875 ],
    "to": [ 3.80952, 3.42857, 1.14283 ],
    "faces": {
        "north": { "uv": [ 3.75, 7.75, 4.125, 7.8125 ], "texture": "#texture" }
    }
},
{
    "from": [ 25.5238, 3.80952, 3.04762 ],
    "to": [ 27.4286, 4.19048, 3.42857 ],
    "faces": {
        "up":    { "uv": [ 8.5625, 0, 8.625, 0.3125 ], "rotation": 270, "texture": "#texture" },
        "south": { "uv": [ 12.375, 7.75, 12.6875, 7.8125 ], "texture": "#texture" }
    }
},
{
    "from": [ 20.5714, 3.80952, 3.04762 ],
    "to": [ 24.381, 4.19048, 3.42857 ],
    "faces": {
        "up":    { "uv": [ 5.3125, 0, 5.375, 0.625 ], "rotation": 270, "texture": "#texture" },
        "south": { "uv": [ 1.25, 7.625, 1.875, 7.6875 ], "texture": "#texture" }
    }
},
{
    "from": [ -8, 1.14286, 1.52381 ],
    "to": [ -2.28571, 1.52381, 1.90476 ],
    "faces": {
        "down":  { "uv": [ 3.875, 0, 3.9375, 0.9375 ], "rotation": 270, "texture": "#texture" },
        "north": { "uv": [ 2.8125, 7.5, 3.75, 7.5625 ], "texture": "#texture" },
        "south": { "uv": [ 3.75, 7.5, 4.6875, 7.5625 ], "texture": "#texture" },
        "west":  { "uv": [ 7.125, 7.75, 7.1875, 7.8125 ], "texture": "#texture" }
    }
},
{
    "from": [ 22.4762, 3.04762, 3.04762 ],
    "to": [ 25.9048, 3.42857, 3.42857 ],
    "faces": {
        "down":  { "uv": [ 5.9375, 0, 6, 0.5625 ], "rotation": 270, "texture": "#texture" },
        "south": { "uv": [ 10.375, 7.625, 10.9375, 7.6875 ], "texture": "#texture" },
        "west":  { "uv": [ 10.3125, 7.625, 10.375, 7.6875 ], "texture": "#texture" }
    }
},
{
    "from": [ 20.1905, 2.66667, 0.761875 ],
    "to": [ 22.0952, 3.04762, 1.14283 ],
    "faces": {
        "down":  { "uv": [ 8.625, 0, 8.6875, 0.3125 ], "rotation": 270, "texture": "#texture" },
        "north": { "uv": [ 12.6875, 7.75, 13, 7.8125 ], "texture": "#texture" }
    }
},
{
    "from": [ 25.9048, 3.42857, 0 ],
    "to": [ 30.8571, 3.80952, 0.380952 ],
    "faces": {
        "north": { "uv": [ 9.75, 7.5, 10.5625, 7.5625 ], "texture": "#texture" },
        "east":  { "uv": [ 9.75, 7.5, 9.8125, 7.5625 ], "texture": "#texture" }
    }
},
{
    "from": [ -12.9524, 2.66667, 1.90476 ],
    "to": [ -9.14283, 3.04762, 2.28571 ],
    "faces": {
        "down":  { "uv": [ 5.375, 0, 5.4375, 0.625 ], "rotation": 270, "texture": "#texture" },
        "south": { "uv": [ 1.875, 7.625, 2.5, 7.6875 ], "texture": "#texture" }
    }
},
{
    "from": [ 1.14288, 2.66667, 0.761875 ],
    "to": [ 16.381, 3.04762, 1.14283 ],
    "faces": {
        "down":  { "uv": [ 0.75, 0, 0.8125, 2.5 ], "rotation": 270, "texture": "#texture" },
        "north": { "uv": [ 10.4375, 6.75, 12.9375, 6.8125 ], "texture": "#texture" }
    }
},
{
    "from": [ 4.95238, 0.380953, 1.14288 ],
    "to": [ 8, 0.761906, 1.52383 ],
    "faces": {
        "down":  { "uv": [ 6.625, 0, 6.6875, 0.5 ], "rotation": 270, "texture": "#texture" },
        "north": { "uv": [ 4, 7.6875, 4.5, 7.75 ], "texture": "#texture" },
        "west":  { "uv": [ 9, 7.75, 9.0625, 7.8125 ], "texture": "#texture" }
    }
},
{
    "from": [ -11.0476, 3.04762, 0.761875 ],
    "to": [ -9.52384, 3.42857, 1.14283 ],
    "faces": {
        "down":  { "uv": [ 10.1875, 0, 10.25, 0.25 ], "rotation": 270, "texture": "#texture" },
        "up":    { "uv": [ 10.1875, 0, 10.25, 0.25 ], "rotation": 270, "texture": "#texture" },
        "north": { "uv": [ 7.75, 7.8125, 8, 7.875 ], "texture": "#texture" },
        "west":  { "uv": [ 7.9375, 7.8125, 8, 7.875 ], "texture": "#texture" }
    }
},
{
    "from": [ -4.95238, 1.14286, 1.90476 ],
    "to": [ 5.33333, 1.52381, 2.28571 ],
    "faces": {
        "down":  { "uv": [ 1.625, 0, 1.6875, 1.6875 ], "rotation": 270, "texture": "#texture" },
        "south": { "uv": [ 8.9375, 7.0625, 10.625, 7.125 ], "texture": "#texture" },
        "west":  { "uv": [ 14.4375, 7.3125, 14.5, 7.375 ], "texture": "#texture" }
    }
},
{
    "from": [ -1.14288, 0.761907, 1.14288 ],
    "to": [ 4.95237, 1.14286, 1.52383 ],
    "faces": {
        "down":  { "uv": [ 3.5625, 0, 3.625, 1 ], "rotation": 270, "texture": "#texture" },
        "north": { "uv": [ 11.4375, 7.4375, 12.4375, 7.5 ], "texture": "#texture" },
        "west":  { "uv": [ 9.3125, 7.8125, 9.375, 7.875 ], "texture": "#texture" }
    }
},
{
    "from": [ 12.9524, 3.80952, 2.66667 ],
    "to": [ 18.2857, 4.19048, 3.04762 ],
    "faces": {
        "up":    { "uv": [ 4.0625, 0, 4.125, 0.875 ], "rotation": 270, "texture": "#texture" },
        "south": { "uv": [ 5.5625, 7.5, 6.4375, 7.5625 ], "texture": "#texture" }
    }
},
{
    "from": [ -8, 1.52381, 1.90476 ],
    "to": [ -6.47619, 1.90476, 2.28571 ],
    "faces": {
        "down":  { "uv": [ 10.25, 0, 10.3125, 0.25 ], "rotation": 270, "texture": "#texture" },
        "south": { "uv": [ 8, 7.8125, 8.25, 7.875 ], "texture": "#texture" },
        "west":  { "uv": [ 14.4375, 7.3125, 14.5, 7.375 ], "texture": "#texture" }
    }
},
{
    "from": [ 22.4762, 2.28571, 2.28571 ],
    "to": [ 25.9048, 2.66667, 2.66667 ],
    "faces": {
        "down":  { "uv": [ 6, 0, 6.0625, 0.5625 ], "rotation": 270, "texture": "#texture" },
        "south": { "uv": [ 10.9375, 7.625, 11.5, 7.6875 ], "texture": "#texture" },
        "west":  { "uv": [ 3.9375, 7.6875, 4, 7.75 ], "texture": "#texture" }
    }
},
{
    "from": [ -12.9524, 3.42857, 1.14288 ],
    "to": [ -11.0476, 3.80952, 1.52383 ],
    "faces": {
        "up":    { "uv": [ 8.6875, 0, 8.75, 0.3125 ], "rotation": 270, "texture": "#texture" },
        "north": { "uv": [ 13, 7.75, 13.3125, 7.8125 ], "texture": "#texture" },
        "west":  { "uv": [ 0.875, 7.75, 0.9375, 7.8125 ], "texture": "#texture" }
    }
},
{
    "from": [ 20.1905, 2.28571, 1.90476 ],
    "to": [ 32, 2.66667, 2.28571 ],
    "faces": {
        "down":  { "uv": [ 1.375, 0, 1.4375, 1.9375 ], "rotation": 270, "texture": "#texture" },
        "south": { "uv": [ 3.875, 7, 5.8125, 7.0625 ], "texture": "#texture" },
        "east":  { "uv": [ 1.9375, 7, 2, 7.0625 ], "texture": "#texture" }
    }
},
{
    "from": [ -1.14288, 0.761907, 1.90476 ],
    "to": [ 8.38093, 1.14286, 2.28571 ],
    "faces": {
        "down":  { "uv": [ 2.0625, 0, 2.125, 1.5625 ], "rotation": 270, "texture": "#texture" },
        "south": { "uv": [ 8, 7.1875, 9.5625, 7.25 ], "texture": "#texture" },
        "west":  { "uv": [ 9.3125, 7.75, 9.375, 7.8125 ], "texture": "#texture" }
    }
},
{
    "from": [ 11.8095, 3.42857, 2.66667 ],
    "to": [ 13.3333, 3.80952, 3.04762 ],
    "faces": {
        "south": { "uv": [ 8.25, 7.8125, 8.5, 7.875 ], "texture": "#texture" },
        "west":  { "uv": [ 8.5, 7.625, 8.5625, 7.6875 ], "texture": "#texture" }
    }
},
{
    "from": [ 4.95238, -1.25e-007, 1.52381 ],
    "to": [ 8, 0.380952, 1.90476 ],
    "faces": {
        "down":  { "uv": [ 6.6875, 0, 6.75, 0.5 ], "rotation": 270, "texture": "#texture" },
        "north": { "uv": [ 4.5, 7.6875, 5, 7.75 ], "texture": "#texture" },
        "south": { "uv": [ 5, 7.6875, 5.5, 7.75 ], "texture": "#texture" },
        "west":  { "uv": [ 3.9375, 7.8125, 4, 7.875 ], "texture": "#texture" }
    }
},
{
    "from": [ 4.19048, 1.52381, 0.761875 ],
    "to": [ 5.33333, 1.90476, 1.14283 ],
    "faces": {
        "down":  { "uv": [ 11.5, 0, 11.5625, 0.1875 ], "rotation": 270, "texture": "#texture" },
        "north": { "uv": [ 13.625, 7.8125, 13.8125, 7.875 ], "texture": "#texture" }
    }
},
{
    "from": [ -0.380937, 1.90476, 1.52381 ],
    "to": [ 11.8096, 2.28571, 1.90476 ],
    "faces": {
        "down":  { "uv": [ 1.25, 0, 1.3125, 2 ], "rotation": 270, "texture": "#texture" },
        "north": { "uv": [ 6.375, 6.9375, 8.375, 7 ], "texture": "#texture" },
        "south": { "uv": [ 8.375, 6.9375, 10.375, 7 ], "texture": "#texture" },
        "east":  { "uv": [ 0.75, 7.8125, 0.8125, 7.875 ], "texture": "#texture" }
    }
},
{
    "from": [ -4.95238, 0.761907, 1.52381 ],
    "to": [ 6.09522, 1.14286, 1.90476 ],
    "faces": {
        "down":  { "uv": [ 1.5625, 0, 1.625, 1.8125 ], "rotation": 270, "texture": "#texture" },
        "north": { "uv": [ 1.8125, 7.0625, 3.625, 7.125 ], "texture": "#texture" },
        "south": { "uv": [ 3.625, 7.0625, 5.4375, 7.125 ], "texture": "#texture" },
        "west":  { "uv": [ 6.75, 7.75, 6.8125, 7.8125 ], "texture": "#texture" }
    }
},
{
    "from": [ 16, 4.19048, 1.52381 ],
    "to": [ 32, 4.57143, 1.90476 ],
    "faces": {
        "east":  { "uv": [ 2.625, 6.75, 2.6875, 6.8125 ], "texture": "#texture" }
    }
},
{
    "from": [ -8, 2.28571, 0.761875 ],
    "to": [ -1.52381, 2.66667, 1.14283 ],
    "faces": {
        "down":  { "uv": [ 3.25, 0, 3.3125, 1.0625 ], "rotation": 270, "texture": "#texture" },
        "north": { "uv": [ 2.125, 7.4375, 3.1875, 7.5 ], "texture": "#texture" },
        "west":  { "uv": [ 9.5, 7.75, 9.5625, 7.8125 ], "texture": "#texture" }
    }
},
{
    "from": [ -8, 3.42857, 0.761875 ],
    "to": [ -3.04762, 3.80952, 1.14283 ],
    "faces": {
        "up":    { "uv": [ 4.3125, 0, 4.375, 0.8125 ], "rotation": 270, "texture": "#texture" },
        "north": { "uv": [ 10.5625, 7.5, 11.375, 7.5625 ], "texture": "#texture" },
        "west":  { "uv": [ 0.875, 7.8125, 0.9375, 7.875 ], "texture": "#texture" }
    }
},
{
    "from": [ 4.95238, 0.380953, 1.90476 ],
    "to": [ 9.52381, 0.761906, 2.28571 ],
    "faces": {
        "down":  { "uv": [ 4.5625, 0, 4.625, 0.75 ], "rotation": 270, "texture": "#texture" },
        "south": { "uv": [ 2.25, 7.5625, 3, 7.625 ], "texture": "#texture" },
        "west":  { "uv": [ 15.0625, 7.5625, 15.125, 7.625 ], "texture": "#texture" }
    }
},
{
    "from": [ 11.8095, 3.42857, 0.380937 ],
    "to": [ 14.4762, 3.80952, 0.76189 ],
    "faces": {
        "north": { "uv": [ 14, 7.6875, 14.4375, 7.75 ], "texture": "#texture" },
        "west":  { "uv": [ 5.75, 7.5625, 5.8125, 7.625 ], "texture": "#texture" }
    }
},
{
    "from": [ 6.85714, 1.14286, 0.761875 ],
    "to": [ 9.52381, 1.90476, 1.14283 ],
    "faces": {
        "down":  { "uv": [ 7.3125, 0, 7.375, 0.4375 ], "rotation": 270, "texture": "#texture" },
        "north": { "uv": [ 13.625, 0, 14.0625, 0.125 ], "texture": "#texture" }
    }
},
{
    "from": [ 18.2857, 3.42857, 0 ],
    "to": [ 22.0952, 3.80952, 0.380952 ],
    "faces": {
        "down":  { "uv": [ 5.4375, 0, 5.5, 0.625 ], "rotation": 270, "texture": "#texture" },
        "north": { "uv": [ 2.5, 7.625, 3.125, 7.6875 ], "texture": "#texture" }
    }
},
{
    "from": [ 21.7143, 3.80952, 0 ],
    "to": [ 25.1429, 4.19048, 0.380952 ],
    "faces": {
        "up":    { "uv": [ 6.0625, 0, 6.125, 0.5625 ], "rotation": 270, "texture": "#texture" },
        "north": { "uv": [ 11.5, 7.625, 12.0625, 7.6875 ], "texture": "#texture" }
    }
},
{
    "from": [ 25.1429, 4.95238, 1.52381 ],
    "to": [ 30.8571, 5.33333, 1.90476 ],
    "faces": {
        "up":    { "uv": [ 3.9375, 0, 4, 0.9375 ], "rotation": 270, "texture": "#texture" }
    }
},
{
    "from": [ 7.61905, 3.80952, 2.28571 ],
    "to": [ 16, 4.19048, 2.66667 ],
    "faces": {
        "up":    { "uv": [ 2.375, 0, 2.4375, 1.375 ], "rotation": 270, "texture": "#texture" },
        "south": { "uv": [ 7.1875, 7.25, 8.5625, 7.3125 ], "texture": "#texture" }
    }
},
{
    "from": [ 17.9048, 4.57143, 2.28571 ],
    "to": [ 20.5714, 4.95238, 2.66667 ],
    "faces": {
        "up":    { "uv": [ 7.375, 0, 7.4375, 0.4375 ], "rotation": 270, "texture": "#texture" },
        "south": { "uv": [ 14.875, 7.6875, 15.3125, 7.75 ], "texture": "#texture" },
        "west":  { "uv": [ 14.8125, 7.6875, 14.875, 7.75 ], "texture": "#texture" }
    }
},
{
    "from": [ 9.52381, 1.25e-006, 1.52381 ],
    "to": [ 11.0476, 0.761906, 1.90476 ],
    "faces": {
        "down":  { "uv": [ 10.3125, 0, 10.375, 0.25 ], "rotation": 270, "texture": "#texture" },
        "north": { "uv": [ 15.0625, 0, 15.3125, 0.125 ], "texture": "#texture" },
        "south": { "uv": [ 15.3125, 0, 15.5625, 0.125 ], "texture": "#texture" },
        "east":  { "uv": [ 15.0625, 0, 15.125, 0.125 ], "texture": "#texture" }
    }
},
{
    "from": [ 11.8095, 4.19048, 0.761875 ],
    "to": [ 31.619, 4.57143, 1.14283 ],
    "faces": {
        "up":    { "uv": [ 0.25, 0, 0.3125, 3.25 ], "rotation": 270, "texture": "#texture" },
        "north": { "uv": [ 7.125, 6.5, 10.375, 6.5625 ], "texture": "#texture" },
        "west":  { "uv": [ 7.375, 7.1875, 7.4375, 7.25 ], "texture": "#texture" },
        "east":  { "uv": [ 7.125, 6.5, 7.1875, 6.5625 ], "texture": "#texture" }
    }
},
{
    "from": [ -12.1905, 2.28571, 1.14288 ],
    "to": [ 3.4286, 2.66667, 1.52383 ],
    "faces": {
        "down":  { "uv": [ 0.6875, 0, 0.75, 2.5625 ], "rotation": 270, "texture": "#texture" },
        "north": { "uv": [ 7.875, 6.75, 10.4375, 6.8125 ], "texture": "#texture" },
        "west":  { "uv": [ 14.125, 7.3125, 14.1875, 7.375 ], "texture": "#texture" }
    }
},
{
    "from": [ -9.52381, 3.04762, 0.761875 ],
    "to": [ -6.09524, 3.42857, 1.14283 ],
    "faces": {
        "up":    { "uv": [ 6.125, 0, 6.1875, 0.5625 ], "rotation": 270, "texture": "#texture" },
        "north": { "uv": [ 12.0625, 7.625, 12.625, 7.6875 ], "texture": "#texture" }
    }
},
{
    "from": [ 17.9048, 4.57143, 0.761875 ],
    "to": [ 31.619, 4.95238, 1.14283 ],
    "faces": {
        "up":    { "uv": [ 0.9375, 0, 1, 2.25 ], "rotation": 270, "texture": "#texture" },
        "north": { "uv": [ 7.4375, 6.8125, 9.6875, 6.875 ], "texture": "#texture" },
        "west":  { "uv": [ 9.625, 6.8125, 9.6875, 6.875 ], "texture": "#texture" },
        "east":  { "uv": [ 7.4375, 6.8125, 7.5, 6.875 ], "texture": "#texture" }
    }
},
{
    "from": [ -12.9524, 3.04762, 1.14288 ],
    "to": [ 2.5e-005, 3.42857, 1.52383 ],
    "faces": {
        "north": { "uv": [ 10.9375, 6.875, 13.0625, 6.9375 ], "texture": "#texture" }
    }
},
{
    "from": [ -4.95238, 1.90476, 0.761875 ],
    "to": [ -0.380945, 2.28571, 1.14283 ],
    "faces": {
        "down":  { "uv": [ 4.625, 0, 4.6875, 0.75 ], "rotation": 270, "texture": "#texture" },
        "north": { "uv": [ 3, 7.5625, 3.75, 7.625 ], "texture": "#texture" },
        "west":  { "uv": [ 1, 7.75, 1.0625, 7.8125 ], "texture": "#texture" }
    }
},
{
    "from": [ -10.2857, 2.66667, 2.28571 ],
    "to": [ 2.66671, 3.04762, 2.66667 ],
    "faces": {
        "down":  { "uv": [ 1.125, 0, 1.1875, 2.125 ], "rotation": 270, "texture": "#texture" },
        "south": { "uv": [ 2.125, 6.9375, 4.25, 7 ], "texture": "#texture" },
        "west":  { "uv": [ 0.6875, 7.875, 0.75, 7.9375 ], "texture": "#texture" }
    }
},
{
    "from": [ 23.619, 4.57143, 1.90476 ],
    "to": [ 32, 4.95238, 2.28571 ],
    "faces": {
        "up":    { "uv": [ 2.4375, 0, 2.5, 1.375 ], "rotation": 270, "texture": "#texture" },
        "south": { "uv": [ 9.9375, 7.25, 11.3125, 7.3125 ], "texture": "#texture" },
        "east":  { "uv": [ 8.5625, 7.25, 8.625, 7.3125 ], "texture": "#texture" }
    }
},
{
    "from": [ 22.4762, 2.66667, 2.66667 ],
    "to": [ 31.2381, 3.04762, 3.04762 ],
    "faces": {
        "down":  { "uv": [ 2.25, 0, 2.3125, 1.4375 ], "rotation": 270, "texture": "#texture" },
        "south": { "uv": [ 2.875, 7.25, 4.3125, 7.3125 ], "texture": "#texture" },
        "west":  { "uv": [ 2.8125, 7.25, 2.875, 7.3125 ], "texture": "#texture" },
        "east":  { "uv": [ 13.25, 7.6875, 13.3125, 7.75 ], "texture": "#texture" }
    }
},
{
    "from": [ -2.28569, 2.28571, 2.28571 ],
    "to": [ 8.00001, 2.66667, 2.66667 ],
    "faces": {
        "south": { "uv": [ 10.625, 7.0625, 12.3125, 7.125 ], "texture": "#texture" }
    }
},
{
    "from": [ 22.0952, 2.66667, 0.761875 ],
    "to": [ 28.9524, 3.04762, 1.14283 ],
    "faces": {
        "down":  { "uv": [ 3.0625, 0, 3.125, 1.125 ], "rotation": 270, "texture": "#texture" },
        "north": { "uv": [ 10.625, 7.375, 11.75, 7.4375 ], "texture": "#texture" }
    }
},
{
    "from": [ 4.95238, 1.14286, 2.28571 ],
    "to": [ 10.2857, 1.52381, 2.66667 ],
    "faces": {
        "down":  { "uv": [ 4.125, 0, 4.1875, 0.875 ], "rotation": 270, "texture": "#texture" },
        "south": { "uv": [ 6.4375, 7.5, 7.3125, 7.5625 ], "texture": "#texture" },
        "west":  { "uv": [ 8.5625, 7.75, 8.625, 7.8125 ], "texture": "#texture" },
        "east":  { "uv": [ 7.0625, 7.75, 7.125, 7.8125 ], "texture": "#texture" }
    }
},
{
    "from": [ 19.4286, 3.80952, 0.380937 ],
    "to": [ 31.2381, 4.19048, 0.76189 ],
    "faces": {
        "north": { "uv": [ 5.8125, 7, 7.75, 7.0625 ], "texture": "#texture" },
        "east":  { "uv": [ 5.8125, 7, 5.875, 7.0625 ], "texture": "#texture" }
    }
},
{
    "from": [ 4.95238, 1.14286, 0.761875 ],
    "to": [ 6.85714, 1.52381, 1.14283 ],
    "faces": {
        "down":  { "uv": [ 8.75, 0, 8.8125, 0.3125 ], "rotation": 270, "texture": "#texture" },
        "north": { "uv": [ 13.3125, 7.75, 13.625, 7.8125 ], "texture": "#texture" },
        "west":  { "uv": [ 7.125, 7.75, 7.1875, 7.8125 ], "texture": "#texture" }
    }
},
{
    "from": [ -10.2857, 1.90476, 1.90476 ],
    "to": [ -8.38094, 2.28571, 2.28571 ],
    "faces": {
        "down":  { "uv": [ 8.8125, 0, 8.875, 0.3125 ], "rotation": 270, "texture": "#texture" },
        "south": { "uv": [ 13.9375, 7.75, 14.25, 7.8125 ], "texture": "#texture" },
        "west":  { "uv": [ 13.875, 7.75, 13.9375, 7.8125 ], "texture": "#texture" }
    }
},
{
    "from": [ 20.5714, 4.57143, 2.28571 ],
    "to": [ 26.6667, 4.95238, 2.66667 ],
    "faces": {
        "up":    { "uv": [ 3.625, 0, 3.6875, 1 ], "rotation": 270, "texture": "#texture" },
        "south": { "uv": [ 12.4375, 7.4375, 13.4375, 7.5 ], "texture": "#texture" }
    }
},
{
    "from": [ 8.38095, 1.90476, 0.761875 ],
    "to": [ 10.6667, 2.28571, 1.14283 ],
    "faces": {
        "down":  { "uv": [ 7.875, 0, 7.9375, 0.375 ], "rotation": 270, "texture": "#texture" },
        "north": { "uv": [ 4.125, 7.75, 4.5, 7.8125 ], "texture": "#texture" },
        "east":  { "uv": [ 7.375, 7.6875, 7.4375, 7.75 ], "texture": "#texture" }
    }
},
{
    "from": [ 20.9524, 4.19048, 0.380937 ],
    "to": [ 31.2381, 4.57143, 0.76189 ],
    "faces": {
        "up":    { "uv": [ 1.6875, 0, 1.75, 1.6875 ], "rotation": 270, "texture": "#texture" },
        "north": { "uv": [ 12.3125, 7.0625, 14, 7.125 ], "texture": "#texture" },
        "east":  { "uv": [ 12.3125, 7.0625, 12.375, 7.125 ], "texture": "#texture" }
    }
},
{
    "from": [ -7.61906, 2.66667, 0.761875 ],
    "to": [ -0.380962, 3.04762, 1.14283 ],
    "faces": {
        "north": { "uv": [ 1.1875, 7.375, 2.375, 7.4375 ], "texture": "#texture" }
    }
},
{
    "from": [ -13.7143, 2.28571, 1.52381 ],
    "to": [ -5.33334, 2.66667, 1.90476 ],
    "faces": {
        "down":  { "uv": [ 2.5, 0, 2.5625, 1.375 ], "rotation": 270, "texture": "#texture" },
        "north": { "uv": [ 11.3125, 7.25, 12.6875, 7.3125 ], "texture": "#texture" },
        "south": { "uv": [ 12.6875, 7.25, 14.0625, 7.3125 ], "texture": "#texture" },
        "west":  { "uv": [ 8.75, 7.6875, 8.8125, 7.75 ], "texture": "#texture" }
    }
},
{
    "from": [ 26.6667, 3.04762, 2.28571 ],
    "to": [ 31.619, 3.42857, 2.66667 ],
    "faces": {
        "south": { "uv": [ 11.375, 7.5, 12.1875, 7.5625 ], "texture": "#texture" },
        "east":  { "uv": [ 0.375, 7.875, 0.4375, 7.9375 ], "texture": "#texture" }
    }
},
{
    "from": [ 8.7619, 2.28571, 1.90476 ],
    "to": [ 12.9524, 2.66667, 2.28571 ],
    "faces": {
        "down":  { "uv": [ 4.8125, 0, 4.875, 0.6875 ], "rotation": 270, "texture": "#texture" },
        "south": { "uv": [ 7.9375, 7.5625, 8.625, 7.625 ], "texture": "#texture" }
    }
},
{
    "from": [ -2.28569, 1.90476, 2.28571 ],
    "to": [ 10.6667, 2.28571, 2.66667 ],
    "faces": {
        "down":  { "uv": [ 1.1875, 0, 1.25, 2.125 ], "rotation": 270, "texture": "#texture" },
        "south": { "uv": [ 4.25, 6.9375, 6.375, 7 ], "texture": "#texture" },
        "east":  { "uv": [ 1, 7.75, 1.0625, 7.8125 ], "texture": "#texture" }
    }
},
{
    "from": [ -3.04763, 3.42857, 0.761875 ],
    "to": [ -5e-006, 3.80952, 1.14283 ],
    "faces": {
        "up":    { "uv": [ 6.75, 0, 6.8125, 0.5 ], "rotation": 270, "texture": "#texture" },
        "north": { "uv": [ 5.5, 7.6875, 6, 7.75 ], "texture": "#texture" }
    }
},
{
    "from": [ -12.1905, 2.28571, 1.90476 ],
    "to": [ 3.8095, 2.66667, 2.28571 ],
    "faces": {
        "down":  { "uv": [ 0.625, 0, 0.6875, 2.625 ], "rotation": 270, "texture": "#texture" },
        "south": { "uv": [ 5.25, 6.75, 7.875, 6.8125 ], "texture": "#texture" },
        "west":  { "uv": [ 14.125, 7.3125, 14.1875, 7.375 ], "texture": "#texture" }
    }
},
{
    "from": [ 29.3333, 4.57143, 2.28571 ],
    "to": [ 31.619, 4.95238, 2.66667 ],
    "faces": {
        "up":    { "uv": [ 7.9375, 0, 8, 0.375 ], "rotation": 270, "texture": "#texture" },
        "south": { "uv": [ 4.875, 7.75, 5.25, 7.8125 ], "texture": "#texture" },
        "east":  { "uv": [ 4.5, 7.75, 4.5625, 7.8125 ], "texture": "#texture" }
    }
},
{
    "from": [ 5.33333, 2.66667, 2.28571 ],
    "to": [ 15.619, 3.04762, 2.66667 ],
    "faces": {
        "down":  { "uv": [ 1.75, 0, 1.8125, 1.6875 ], "rotation": 270, "texture": "#texture" },
        "south": { "uv": [ 1.6875, 7.125, 3.375, 7.1875 ], "texture": "#texture" }
    }
},
{
    "from": [ 3.04762, 1.52381, 1.90476 ],
    "to": [ 11.0476, 1.90476, 2.28571 ],
    "faces": {
        "south": { "uv": [ 9.4375, 7.3125, 10.75, 7.375 ], "texture": "#texture" },
        "east":  { "uv": [ 7.375, 7.6875, 7.4375, 7.75 ], "texture": "#texture" }
    }
},
{
    "from": [ 11.8095, 3.04762, 2.66667 ],
    "to": [ 15.619, 3.42857, 3.04762 ],
    "faces": {
        "down":  { "uv": [ 5.5, 0, 5.5625, 0.625 ], "rotation": 270, "texture": "#texture" },
        "south": { "uv": [ 3.125, 7.625, 3.75, 7.6875 ], "texture": "#texture" },
        "west":  { "uv": [ 9.1875, 7.8125, 9.25, 7.875 ], "texture": "#texture" }
    }
},
{
    "from": [ 22.4762, 2.66667, 0.380937 ],
    "to": [ 27.4286, 3.04762, 0.76189 ],
    "faces": {
        "down":  { "uv": [ 4.375, 0, 4.4375, 0.8125 ], "rotation": 270, "texture": "#texture" },
        "north": { "uv": [ 12.1875, 7.5, 13, 7.5625 ], "texture": "#texture" },
        "west":  { "uv": [ 12.9375, 7.5, 13, 7.5625 ], "texture": "#texture" }
    }
},
{
    "from": [ 21.7143, 2.66667, 2.28571 ],
    "to": [ 24.7619, 3.04762, 2.66667 ],
    "faces": {
        "down":  { "uv": [ 6.8125, 0, 6.875, 0.5 ], "rotation": 270, "texture": "#texture" },
        "south": { "uv": [ 6.5, 7.6875, 7, 7.75 ], "texture": "#texture" }
    }
},
{
    "from": [ 6.47619, 3.42857, 2.28571 ],
    "to": [ 31.619, 3.80952, 2.66667 ],
    "faces": {
        "south": { "uv": [ 4.125, 6.375, 8.25, 6.4375 ], "texture": "#texture" },
        "east":  { "uv": [ 4.125, 6.3125, 4.1875, 6.375 ], "texture": "#texture" }
    }
},
{
    "from": [ 1.90476, 4.95238, 1.52381 ],
    "to": [ 12.1905, 5.33333, 1.90476 ],
    "faces": {
        "up":    { "uv": [ 1.8125, 0, 1.875, 1.6875 ], "rotation": 270, "texture": "#texture" },
        "north": { "uv": [ 3.375, 7.125, 5.0625, 7.1875 ], "texture": "#texture" },
        "south": { "uv": [ 5.0625, 7.125, 6.75, 7.1875 ], "texture": "#texture" },
        "west":  { "uv": [ 10.3125, 7.75, 10.375, 7.8125 ], "texture": "#texture" },
        "east":  { "uv": [ 2.6875, 7.8125, 2.75, 7.875 ], "texture": "#texture" }
    }
},
{
    "from": [ 15.619, 3.04762, 2.66667 ],
    "to": [ 30.4762, 3.42857, 3.04762 ],
    "faces": {
        "down":  { "uv": [ 0.875, 0, 0.9375, 2.4375 ], "rotation": 270, "texture": "#texture" },
        "south": { "uv": [ 5, 6.8125, 7.4375, 6.875 ], "texture": "#texture" }
    }
},
{
    "from": [ 3.04762, 3.04762, 1.52381 ],
    "to": [ 32, 3.42857, 1.90476 ],
    "faces": {
        "east":  { "uv": [ 5.875, 7.5625, 5.9375, 7.625 ], "texture": "#texture" }
    }
},
{
    "from": [ 12.1905, 3.42857, 3.04762 ],
    "to": [ 30.8571, 3.80952, 3.42857 ],
    "faces": {
        "down":  { "uv": [ 0.5, 0, 0.5625, 3.0625 ], "rotation": 270, "texture": "#texture" },
        "up":    { "uv": [ 0.5, 0, 0.5625, 3.0625 ], "rotation": 270, "texture": "#texture" },
        "south": { "uv": [ 6.125, 6.6875, 9.1875, 6.75 ], "texture": "#texture" },
        "west":  { "uv": [ 7.875, 7.5625, 7.9375, 7.625 ], "texture": "#texture" },
        "east":  { "uv": [ 3.0625, 6.6875, 3.125, 6.75 ], "texture": "#texture" }
    }
},
{
    "from": [ 24.7619, 1.90476, 1.90476 ],
    "to": [ 31.619, 2.28571, 2.28571 ],
    "faces": {
        "down":  { "uv": [ 3.125, 0, 3.1875, 1.125 ], "rotation": 270, "texture": "#texture" },
        "south": { "uv": [ 12.875, 7.375, 14, 7.4375 ], "texture": "#texture" },
        "east":  { "uv": [ 11.75, 7.375, 11.8125, 7.4375 ], "texture": "#texture" }
    }
},
{
    "from": [ 6.47619, 1.14286, 1.90476 ],
    "to": [ 11.0476, 1.52381, 2.28571 ],
    "faces": {
        "down":  { "uv": [ 4.6875, 0, 4.75, 0.75 ], "rotation": 270, "texture": "#texture" },
        "south": { "uv": [ 3.75, 7.5625, 4.5, 7.625 ], "texture": "#texture" },
        "east":  { "uv": [ 9.1875, 7.8125, 9.25, 7.875 ], "texture": "#texture" }
    }
},
{
    "from": [ 30.0952, 3.42857, 1.14288 ],
    "to": [ 32, 3.80952, 1.52383 ],
    "faces": {
        "north": { "uv": [ 14.25, 7.75, 14.5625, 7.8125 ], "texture": "#texture" },
        "east":  { "uv": [ 14.25, 7.75, 14.3125, 7.8125 ], "texture": "#texture" }
    }
},
{
    "from": [ 16.7619, 4.57143, 1.14288 ],
    "to": [ 32, 4.95238, 1.52383 ],
    "faces": {
        "up":    { "uv": [ 0.8125, 0, 0.875, 2.5 ], "rotation": 270, "texture": "#texture" },
        "north": { "uv": [ 2.5, 6.8125, 5, 6.875 ], "texture": "#texture" },
        "east":  { "uv": [ 2.5, 6.8125, 2.5625, 6.875 ], "texture": "#texture" }
    }
},
{
    "from": [ 28.1905, 4.19048, 2.28571 ],
    "to": [ 31.619, 4.57143, 2.66667 ],
    "faces": {
        "south": { "uv": [ 13.1875, 7.625, 13.75, 7.6875 ], "texture": "#texture" },
        "east":  { "uv": [ 12.625, 7.625, 12.6875, 7.6875 ], "texture": "#texture" }
    }
},
{
    "from": [ 12.9524, 2.28571, 1.90476 ],
    "to": [ 14.4762, 2.66667, 2.28571 ],
    "faces": {
        "down":  { "uv": [ 10.375, 0, 10.4375, 0.25 ], "rotation": 270, "texture": "#texture" },
        "south": { "uv": [ 8.5, 7.8125, 8.75, 7.875 ], "texture": "#texture" }
    }
},
{
    "from": [ 20.1905, 3.04762, 0.380937 ],
    "to": [ 26.6667, 3.42857, 0.76189 ],
    "faces": {
        "down":  { "uv": [ 3.3125, 0, 3.375, 1.0625 ], "rotation": 270, "texture": "#texture" },
        "north": { "uv": [ 3.1875, 7.4375, 4.25, 7.5 ], "texture": "#texture" }
    }
},
{
    "from": [ 3.42857, 4.19048, 1.90476 ],
    "to": [ 14.8571, 4.57143, 2.28571 ],
    "faces": {
        "south": { "uv": [ 11.5625, 7, 13.4375, 7.0625 ], "texture": "#texture" }
    }
},
{
    "from": [ 27.8095, 2.28571, 2.28571 ],
    "to": [ 31.619, 2.66667, 2.66667 ],
    "faces": {
        "down":  { "uv": [ 5.5625, 0, 5.625, 0.625 ], "rotation": 270, "texture": "#texture" },
        "south": { "uv": [ 4.375, 7.625, 5, 7.6875 ], "texture": "#texture" },
        "east":  { "uv": [ 3.75, 7.625, 3.8125, 7.6875 ], "texture": "#texture" }
    }
},
{
    "from": [ 3.80952, 1.14286, 1.14288 ],
    "to": [ 10.2857, 1.52381, 1.52383 ],
    "faces": {
        "north": { "uv": [ 4.25, 7.4375, 5.3125, 7.5 ], "texture": "#texture" }
    }
},
{
    "from": [ 16.7619, 2.28571, 1.90476 ],
    "to": [ 20.1905, 2.66667, 2.28571 ],
    "faces": {
        "down":  { "uv": [ 6.1875, 0, 6.25, 0.5625 ], "rotation": 270, "texture": "#texture" },
        "south": { "uv": [ 13.75, 7.625, 14.3125, 7.6875 ], "texture": "#texture" }
    }
},
{
    "from": [ 27.8095, 1.90476, 1.14288 ],
    "to": [ 31.619, 2.28571, 1.52383 ],
    "faces": {
        "down":  { "uv": [ 5.625, 0, 5.6875, 0.625 ], "rotation": 270, "texture": "#texture" },
        "north": { "uv": [ 5, 7.625, 5.625, 7.6875 ], "texture": "#texture" },
        "east":  { "uv": [ 5, 7.625, 5.0625, 7.6875 ], "texture": "#texture" }
    }
},
{
    "from": [ 28.9524, 3.04762, 3.04762 ],
    "to": [ 30.8571, 3.42857, 3.42857 ],
    "faces": {
        "down":  { "uv": [ 8.875, 0, 8.9375, 0.3125 ], "rotation": 270, "texture": "#texture" },
        "south": { "uv": [ 14.875, 7.75, 15.1875, 7.8125 ], "texture": "#texture" },
        "east":  { "uv": [ 14.5625, 7.75, 14.625, 7.8125 ], "texture": "#texture" }
    }
},
{
    "from": [ -6.85712, 4.57143, 1.52381 ],
    "to": [ -3.0476, 4.95238, 1.90476 ],
    "faces": {
        "up":    { "uv": [ 5.6875, 0, 5.75, 0.625 ], "rotation": 270, "texture": "#texture" },
        "north": { "uv": [ 5.625, 7.625, 6.25, 7.6875 ], "texture": "#texture" },
        "south": { "uv": [ 6.25, 7.625, 6.875, 7.6875 ], "texture": "#texture" }
    }
},
{
    "from": [ 25.5238, 4.95238, 1.14288 ],
    "to": [ 31.619, 5.33333, 1.52383 ],
    "faces": {
        "up":    { "uv": [ 3.6875, 0, 3.75, 1 ], "rotation": 270, "texture": "#texture" },
        "north": { "uv": [ 13.4375, 7.4375, 14.4375, 7.5 ], "texture": "#texture" },
        "east":  { "uv": [ 11.5, 7.1875, 11.5625, 7.25 ], "texture": "#texture" }
    }
},
{
    "from": [ 1.90476, 4.57143, 1.14288 ],
    "to": [ 14.0952, 4.95238, 1.52383 ],
    "faces": {
        "up":    { "uv": [ 1.3125, 0, 1.375, 2 ], "rotation": 270, "texture": "#texture" },
        "north": { "uv": [ 10.375, 6.9375, 12.375, 7 ], "texture": "#texture" },
        "west":  { "uv": [ 1, 7.75, 1.0625, 7.8125 ], "texture": "#texture" }
    }
},
{
    "from": [ 26.6667, 1.90476, 1.14288 ],
    "to": [ 27.8095, 2.28571, 1.52383 ],
    "faces": {
        "down":  { "uv": [ 11.5625, 0, 11.625, 0.1875 ], "rotation": 270, "texture": "#texture" },
        "north": { "uv": [ 13.8125, 7.8125, 14, 7.875 ], "texture": "#texture" }
    }
},
{
    "from": [ 19.4286, 4.95238, 1.14288 ],
    "to": [ 24.381, 5.33333, 1.52383 ],
    "faces": {
        "up":    { "uv": [ 4.4375, 0, 4.5, 0.8125 ], "rotation": 270, "texture": "#texture" },
        "north": { "uv": [ 13, 7.5, 13.8125, 7.5625 ], "texture": "#texture" }
    }
},
{
    "from": [ -4.95238, 1.90476, 2.28571 ],
    "to": [ -3.80952, 2.28571, 2.66667 ],
    "faces": {
        "down":  { "uv": [ 11.625, 0, 11.6875, 0.1875 ], "rotation": 270, "texture": "#texture" },
        "south": { "uv": [ 14, 7.8125, 14.1875, 7.875 ], "texture": "#texture" },
        "west":  { "uv": [ 8.8125, 7.8125, 8.875, 7.875 ], "texture": "#texture" }
    }
},
{
    "from": [ 31.2381, 3.42857, 1.52381 ],
    "to": [ 32, 3.80952, 1.90476 ],
    "faces": {
        "east":  { "uv": [ 0.875, 7.875, 0.9375, 7.9375 ], "texture": "#texture" }
    }
},
{
    "from": [ -1.90475, 4.57143, 1.52381 ],
    "to": [ 26.6668, 4.95238, 1.90476 ],
    "faces": {
        "up":    { "uv": [ 0, 0, 0.0625, 4.6875 ], "rotation": 270, "texture": "#texture" },
        "north": { "uv": [ 0, 6.125, 4.6875, 6.1875 ], "texture": "#texture" },
        "south": { "uv": [ 4.6875, 6.125, 9.375, 6.1875 ], "texture": "#texture" }
    }
},
{
    "from": [ 24.7619, 1.90476, 1.14288 ],
    "to": [ 26.6667, 2.28571, 1.52383 ],
    "faces": {
        "down":  { "uv": [ 8.9375, 0, 9, 0.3125 ], "rotation": 270, "texture": "#texture" },
        "north": { "uv": [ 15.1875, 7.75, 15.5, 7.8125 ], "texture": "#texture" }
    }
},
{
    "from": [ -6.85712, 1.90476, 1.90476 ],
    "to": [ 4.19047, 2.28571, 2.28571 ],
    "faces": {
        "south": { "uv": [ 5.4375, 7.0625, 7.25, 7.125 ], "texture": "#texture" }
    }
},
{
    "from": [ 24.7619, 4.19048, 2.66667 ],
    "to": [ 31.2381, 4.57143, 3.04762 ],
    "faces": {
        "up":    { "uv": [ 3.375, 0, 3.4375, 1.0625 ], "rotation": 270, "texture": "#texture" },
        "south": { "uv": [ 6.375, 7.4375, 7.4375, 7.5 ], "texture": "#texture" },
        "east":  { "uv": [ 5.3125, 7.4375, 5.375, 7.5 ], "texture": "#texture" }
    }
},
{
    "from": [ -14.4762, 2.66667, 1.52381 ],
    "to": [ -6.09523, 3.04762, 1.90476 ],
    "faces": {
        "down":  { "uv": [ 2.5625, 0, 2.625, 1.375 ], "rotation": 270, "texture": "#texture" },
        "north": { "uv": [ 1.375, 7.3125, 2.75, 7.375 ], "texture": "#texture" },
        "south": { "uv": [ 2.75, 7.3125, 4.125, 7.375 ], "texture": "#texture" }
    }
},
{
    "from": [ 22.4762, 2.28571, 1.52381 ],
    "to": [ 32, 2.66667, 1.90476 ],
    "faces": {
        "down":  { "uv": [ 2.125, 0, 2.1875, 1.5625 ], "rotation": 270, "texture": "#texture" },
        "east":  { "uv": [ 9.5625, 7.1875, 9.625, 7.25 ], "texture": "#texture" }
    }
},
{
    "from": [ -8, 4.57143, 1.52381 ],
    "to": [ -6.85714, 4.95238, 1.90476 ],
    "faces": {
        "up":    { "uv": [ 11.6875, 0, 11.75, 0.1875 ], "rotation": 270, "texture": "#texture" },
        "north": { "uv": [ 14.1875, 7.8125, 14.375, 7.875 ], "texture": "#texture" },
        "south": { "uv": [ 14.375, 7.8125, 14.5625, 7.875 ], "texture": "#texture" },
        "west":  { "uv": [ 6.75, 7.75, 6.8125, 7.8125 ], "texture": "#texture" }
    }
},
{
    "from": [ -11.0476, 4.19048, 1.52381 ],
    "to": [ 8.76187, 4.57143, 1.90476 ],
    "faces": {
        "up":    { "uv": [ 0.3125, 0, 0.375, 3.25 ], "rotation": 270, "texture": "#texture" },
        "north": { "uv": [ 3.25, 6.5625, 6.5, 6.625 ], "texture": "#texture" },
        "south": { "uv": [ 6.5, 6.5625, 9.75, 6.625 ], "texture": "#texture" },
        "west":  { "uv": [ 7.125, 7.75, 7.1875, 7.8125 ], "texture": "#texture" }
    }
},
{
    "from": [ -10.2857, 1.90476, 1.14288 ],
    "to": [ -6.09523, 2.28571, 1.52383 ],
    "faces": {
        "down":  { "uv": [ 4.875, 0, 4.9375, 0.6875 ], "rotation": 270, "texture": "#texture" },
        "north": { "uv": [ 8.625, 7.5625, 9.3125, 7.625 ], "texture": "#texture" },
        "west":  { "uv": [ 9.3125, 7.8125, 9.375, 7.875 ], "texture": "#texture" }
    }
},
{
    "from": [ -8, 1.52381, 1.14288 ],
    "to": [ 11.0476, 1.90476, 1.52383 ],
    "faces": {
        "down":  { "uv": [ 0.375, 0, 0.4375, 3.125 ], "rotation": 270, "texture": "#texture" },
        "north": { "uv": [ 6.5, 6.625, 9.625, 6.6875 ], "texture": "#texture" },
        "west":  { "uv": [ 14.4375, 7.3125, 14.5, 7.375 ], "texture": "#texture" },
        "east":  { "uv": [ 0.8125, 7.8125, 0.875, 7.875 ], "texture": "#texture" }
    }
},
{
    "from": [ -1.14288, 0.380953, 1.52381 ],
    "to": [ 1.14284, 0.761906, 1.90476 ],
    "faces": {
        "down":  { "uv": [ 8.0625, 0, 8.125, 0.375 ], "rotation": 270, "texture": "#texture" },
        "north": { "uv": [ 5.25, 7.75, 5.625, 7.8125 ], "texture": "#texture" },
        "south": { "uv": [ 5.625, 7.75, 6, 7.8125 ], "texture": "#texture" },
        "west":  { "uv": [ 0.4375, 7.8125, 0.5, 7.875 ], "texture": "#texture" }
    }
},
{
    "from": [ -1.90475, 1.52381, 1.52381 ],
    "to": [ 11.4286, 1.90476, 1.90476 ],
    "faces": {
        "north": { "uv": [ 9.6875, 6.8125, 11.875, 6.875 ], "texture": "#texture" },
        "south": { "uv": [ 2.1875, 6.875, 4.375, 6.9375 ], "texture": "#texture" },
        "east":  { "uv": [ 7.0625, 7.75, 7.125, 7.8125 ], "texture": "#texture" }
    }
},
{
    "from": [ -12.1905, 1.90476, 1.52381 ],
    "to": [ -8, 2.28571, 1.90476 ],
    "faces": {
        "down":  { "uv": [ 4.9375, 0, 5, 0.6875 ], "rotation": 270, "texture": "#texture" },
        "north": { "uv": [ 9.3125, 7.5625, 10, 7.625 ], "texture": "#texture" },
        "south": { "uv": [ 10, 7.5625, 10.6875, 7.625 ], "texture": "#texture" },
        "west":  { "uv": [ 0.125, 7.875, 0.1875, 7.9375 ], "texture": "#texture" }
    }
},
{
    "from": [ -10.2857, 1.52381, 1.52381 ],
    "to": [ -3.04761, 1.90476, 1.90476 ],
    "faces": {
        "down":  { "uv": [ 2.875, 0, 2.9375, 1.1875 ], "rotation": 270, "texture": "#texture" },
        "north": { "uv": [ 2.375, 7.375, 3.5625, 7.4375 ], "texture": "#texture" },
        "south": { "uv": [ 3.5625, 7.375, 4.75, 7.4375 ], "texture": "#texture" },
        "west":  { "uv": [ 5, 7.8125, 5.0625, 7.875 ], "texture": "#texture" }
    }
},
{
    "from": [ 1.52381, 1.52381, 2.28571 ],
    "to": [ 10.2857, 1.90476, 2.66667 ],
    "faces": {
        "down":  { "uv": [ 2.3125, 0, 2.375, 1.4375 ], "rotation": 270, "texture": "#texture" },
        "south": { "uv": [ 4.3125, 7.25, 5.75, 7.3125 ], "texture": "#texture" },
        "east":  { "uv": [ 0.875, 7.8125, 0.9375, 7.875 ], "texture": "#texture" }
    }
},
{
    "from": [ -11.0476, 3.80952, 1.14288 ],
    "to": [ 14.4762, 4.19048, 1.52383 ],
    "faces": {
        "up":    { "uv": [ 0.0625, 0, 0.125, 4.1875 ], "rotation": 270, "texture": "#texture" },
        "north": { "uv": [ 4.1875, 6.25, 8.375, 6.3125 ], "texture": "#texture" },
        "west":  { "uv": [ 0.875, 7.8125, 0.9375, 7.875 ], "texture": "#texture" }
    }
},
{
    "from": [ 6.85714, 3.04762, 0.761875 ],
    "to": [ 10.6667, 3.42857, 1.14283 ],
    "faces": {
        "north": { "uv": [ 6.875, 7.625, 7.5, 7.6875 ], "texture": "#texture" }
    }
},
{
    "from": [ -11.0476, 3.80952, 1.90476 ],
    "to": [ 6.09518, 4.19048, 2.28571 ],
    "faces": {
        "up":    { "uv": [ 0.5625, 0, 0.625, 2.8125 ], "rotation": 270, "texture": "#texture" },
        "south": { "uv": [ 9.1875, 6.6875, 12, 6.75 ], "texture": "#texture" },
        "west":  { "uv": [ 8.8125, 7.8125, 8.875, 7.875 ], "texture": "#texture" }
    }
},
{
    "from": [ 19.0476, 3.80952, 1.52381 ],
    "to": [ 32, 4.19048, 1.90476 ],
    "faces": {
        "east":  { "uv": [ 6.4375, 7.6875, 6.5, 7.75 ], "texture": "#texture" }
    }
},
{
    "from": [ -12.9524, 3.42857, 1.90476 ],
    "to": [ -11.8095, 3.80952, 2.28571 ],
    "faces": {
        "up":    { "uv": [ 11.75, 0, 11.8125, 0.1875 ], "rotation": 270, "texture": "#texture" },
        "south": { "uv": [ 14.5625, 7.8125, 14.75, 7.875 ], "texture": "#texture" },
        "west":  { "uv": [ 4.75, 7.5625, 4.8125, 7.625 ], "texture": "#texture" }
    }
},
{
    "from": [ 1.90476, 3.80952, 0.761875 ],
    "to": [ 15.2381, 4.19048, 1.14283 ],
    "faces": {
        "up":    { "uv": [ 1, 0, 1.0625, 2.1875 ], "rotation": 270, "texture": "#texture" },
        "north": { "uv": [ 4.375, 6.875, 6.5625, 6.9375 ], "texture": "#texture" },
        "west":  { "uv": [ 2.6875, 7.8125, 2.75, 7.875 ], "texture": "#texture" }
    }
},
{
    "from": [ 7.2381, 2.28571, 0.761875 ],
    "to": [ 11.0476, 2.66667, 1.14283 ],
    "faces": {
        "down":  { "uv": [ 5.75, 0, 5.8125, 0.625 ], "rotation": 270, "texture": "#texture" },
        "north": { "uv": [ 7.5, 7.625, 8.125, 7.6875 ], "texture": "#texture" },
        "east":  { "uv": [ 10.3125, 7.75, 10.375, 7.8125 ], "texture": "#texture" }
    }
},
{
    "from": [ 7.2381, 3.80952, 1.90476 ],
    "to": [ 32, 4.19048, 2.28571 ],
    "faces": {
        "south": { "uv": [ 4.0625, 6.4375, 8.125, 6.5 ], "texture": "#texture" },
        "east":  { "uv": [ 6.4375, 7.6875, 6.5, 7.75 ], "texture": "#texture" }
    }
},
{
    "from": [ -16, 3.04762, 1.52381 ],
    "to": [ -8.7619, 3.42857, 1.90476 ],
    "faces": {
        "down":  { "uv": [ 2.9375, 0, 3, 1.1875 ], "rotation": 270, "texture": "#texture" },
        "up":    { "uv": [ 2.9375, 0, 3, 1.1875 ], "rotation": 270, "texture": "#texture" },
        "north": { "uv": [ 4.75, 7.375, 5.9375, 7.4375 ], "texture": "#texture" },
        "south": { "uv": [ 5.9375, 7.375, 7.125, 7.4375 ], "texture": "#texture" },
        "west":  { "uv": [ 1, 7.75, 1.0625, 7.8125 ], "texture": "#texture" }
    }
},
{
    "from": [ -13.7143, 2.66667, 1.14288 ],
    "to": [ -0.381012, 3.04762, 1.52383 ],
    "faces": {
        "down":  { "uv": [ 1.0625, 0, 1.125, 2.1875 ], "rotation": 270, "texture": "#texture" },
        "north": { "uv": [ 6.5625, 6.875, 8.75, 6.9375 ], "texture": "#texture" },
        "west":  { "uv": [ 0.375, 7.8125, 0.4375, 7.875 ], "texture": "#texture" }
    }
},
{
    "from": [ -10.2857, 2.66667, 0.761875 ],
    "to": [ -9.14285, 3.04762, 1.14283 ],
    "faces": {
        "down":  { "uv": [ 11.8125, 0, 11.875, 0.1875 ], "rotation": 270, "texture": "#texture" },
        "north": { "uv": [ 14.75, 7.8125, 14.9375, 7.875 ], "texture": "#texture" },
        "west":  { "uv": [ 4.75, 7.8125, 4.8125, 7.875 ], "texture": "#texture" }
    }
},
{
    "from": [ 3.80952, 4.19048, 1.14288 ],
    "to": [ 32, 4.57143, 1.52383 ],
    "faces": {
        "north": { "uv": [ 4.625, 6.1875, 9.25, 6.25 ], "texture": "#texture" },
        "east":  { "uv": [ 8, 7.6875, 8.0625, 7.75 ], "texture": "#texture" }
    }
},
{
    "from": [ 1.90476, 3.80952, 2.28571 ],
    "to": [ 6.09524, 4.19048, 2.66667 ],
    "faces": {
        "up":    { "uv": [ 5, 0, 5.0625, 0.6875 ], "rotation": 270, "texture": "#texture" },
        "south": { "uv": [ 10.6875, 7.5625, 11.375, 7.625 ], "texture": "#texture" },
        "west":  { "uv": [ 9.1875, 7.8125, 9.25, 7.875 ], "texture": "#texture" }
    }
},
{
    "from": [ 9.90476, 2.28571, 1.14288 ],
    "to": [ 28.9524, 2.66667, 1.52383 ],
    "faces": {
        "down":  { "uv": [ 0.4375, 0, 0.5, 3.125 ], "rotation": 270, "texture": "#texture" },
        "north": { "uv": [ 9.625, 6.625, 12.75, 6.6875 ], "texture": "#texture" }
    }
},
{
    "from": [ 8.38095, 0.761907, 1.90476 ],
    "to": [ 10.6667, 1.14286, 2.28571 ],
    "faces": {
        "south": { "uv": [ 6, 7.75, 6.375, 7.8125 ], "texture": "#texture" },
        "east":  { "uv": [ 9, 7.75, 9.0625, 7.8125 ], "texture": "#texture" }
    }
},
{
    "from": [ 17.9048, 4.95238, 1.90476 ],
    "to": [ 25.1429, 5.33333, 2.28571 ],
    "faces": {
        "up":    { "uv": [ 3, 0, 3.0625, 1.1875 ], "rotation": 270, "texture": "#texture" },
        "south": { "uv": [ 8.3125, 7.375, 9.5, 7.4375 ], "texture": "#texture" },
        "west":  { "uv": [ 8.25, 7.375, 8.3125, 7.4375 ], "texture": "#texture" }
    }
},
{
    "from": [ 18.2857, 3.80952, 0.761875 ],
    "to": [ 31.619, 4.19048, 1.14283 ],
    "faces": {
        "north": { "uv": [ 8.75, 6.875, 10.9375, 6.9375 ], "texture": "#texture" },
        "east":  { "uv": [ 8.75, 6.875, 8.8125, 6.9375 ], "texture": "#texture" }
    }
},
{
    "from": [ -8, 3.42857, 2.28571 ],
    "to": [ 1.90476, 3.80952, 2.66667 ],
    "faces": {
        "up":    { "uv": [ 1.9375, 0, 2, 1.625 ], "rotation": 270, "texture": "#texture" },
        "south": { "uv": [ 11.8125, 7.125, 13.4375, 7.1875 ], "texture": "#texture" },
        "west":  { "uv": [ 1, 7.75, 1.0625, 7.8125 ], "texture": "#texture" }
    }
},
{
    "from": [ -14.4762, 3.04762, 1.90476 ],
    "to": [ 7.23811, 3.42857, 2.28571 ],
    "faces": {
        "down":  { "uv": [ 0.1875, 0, 0.25, 3.5625 ], "rotation": 270, "texture": "#texture" },
        "up":    { "uv": [ 0.1875, 0, 0.25, 3.5625 ], "rotation": 270, "texture": "#texture" },
        "south": { "uv": [ 3.5625, 6.5, 7.125, 6.5625 ], "texture": "#texture" },
        "west":  { "uv": [ 1.8125, 7.75, 1.875, 7.8125 ], "texture": "#texture" }
    }
},
{
    "from": [ 17.9048, 4.95238, 1.52381 ],
    "to": [ 20.1905, 5.33333, 1.90476 ],
    "faces": {
        "up":    { "uv": [ 8.125, 0, 8.1875, 0.375 ], "rotation": 270, "texture": "#texture" },
        "west":  { "uv": [ 6.6875, 7.75, 6.75, 7.8125 ], "texture": "#texture" }
    }
},
{
    "from": [ 21.7143, 3.80952, 2.28571 ],
    "to": [ 31.619, 4.19048, 2.66667 ],
    "faces": {
        "south": { "uv": [ 3.25, 7.1875, 4.875, 7.25 ], "texture": "#texture" },
        "east":  { "uv": [ 1.625, 7.1875, 1.6875, 7.25 ], "texture": "#texture" }
    }
},
{
    "from": [ 9.52381, 3.42857, 0.761875 ],
    "to": [ 29.3333, 3.80952, 1.14283 ],
    "faces": {
        "north": { "uv": [ 3.25, 6.625, 6.5, 6.6875 ], "texture": "#texture" }
    }
},
{
    "from": [ -11.0476, 3.04762, 2.28571 ],
    "to": [ 11.0476, 3.42857, 2.66667 ],
    "faces": {
        "down":  { "uv": [ 0.125, 0, 0.1875, 3.625 ], "rotation": 270, "texture": "#texture" },
        "up":    { "uv": [ 0.125, 0, 0.1875, 3.625 ], "rotation": 270, "texture": "#texture" },
        "south": { "uv": [ 8.125, 6.4375, 11.75, 6.5 ], "texture": "#texture" },
        "west":  { "uv": [ 8.3125, 7.0625, 8.375, 7.125 ], "texture": "#texture" }
    }
},
{
    "from": [ -8, 4.19048, 1.14288 ],
    "to": [ 2.2857, 4.57143, 1.52383 ],
    "faces": {
        "up":    { "uv": [ 1.875, 0, 1.9375, 1.6875 ], "rotation": 270, "texture": "#texture" },
        "north": { "uv": [ 6.75, 7.125, 8.4375, 7.1875 ], "texture": "#texture" },
        "west":  { "uv": [ 7.6875, 7.75, 7.75, 7.8125 ], "texture": "#texture" }
    }
},
{
    "from": [ 23.619, 1.90476, 1.52381 ],
    "to": [ 31.619, 2.28571, 1.90476 ],
    "faces": {
        "down":  { "uv": [ 2.75, 0, 2.8125, 1.3125 ], "rotation": 270, "texture": "#texture" },
        "east":  { "uv": [ 10.75, 7.3125, 10.8125, 7.375 ], "texture": "#texture" }
    }
},
{
    "from": [ -9.14288, 3.42857, 1.90476 ],
    "to": [ -0.380965, 3.80952, 2.28571 ],
    "faces": {
        "south": { "uv": [ 5.75, 7.25, 7.1875, 7.3125 ], "texture": "#texture" }
    }
},
{
    "from": [ -0.380937, 1.90476, 1.14288 ],
    "to": [ 11.4287, 2.28571, 1.52383 ],
    "faces": {
        "down":  { "uv": [ 1.4375, 0, 1.5, 1.9375 ], "rotation": 270, "texture": "#texture" },
        "north": { "uv": [ 7.75, 7, 9.6875, 7.0625 ], "texture": "#texture" },
        "east":  { "uv": [ 0.8125, 7.8125, 0.875, 7.875 ], "texture": "#texture" }
    }
},
{
    "from": [ 22.4762, 3.04762, 0 ],
    "to": [ 30.8571, 3.42857, 0.380952 ],
    "faces": {
        "down":  { "uv": [ 2.625, 0, 2.6875, 1.375 ], "rotation": 270, "texture": "#texture" },
        "north": { "uv": [ 4.125, 7.3125, 5.5, 7.375 ], "texture": "#texture" },
        "west":  { "uv": [ 5.4375, 7.3125, 5.5, 7.375 ], "texture": "#texture" },
        "east":  { "uv": [ 4.125, 7.3125, 4.1875, 7.375 ], "texture": "#texture" }
    }
},
{
    "from": [ 21.7143, 3.42857, 1.90476 ],
    "to": [ 32, 3.80952, 2.28571 ],
    "faces": {
        "south": { "uv": [ 10.125, 7.125, 11.8125, 7.1875 ], "texture": "#texture" },
        "east":  { "uv": [ 8.4375, 7.125, 8.5, 7.1875 ], "texture": "#texture" }
    }
},
{
    "from": [ 11.8095, 4.95238, 1.14288 ],
    "to": [ 12.1905, 5.33333, 1.52383 ],
    "faces": {
        "up":    { "uv": [ 8.75, 7.8125, 8.8125, 7.875 ], "rotation": 270, "texture": "#texture" },
        "north": { "uv": [ 8.75, 7.8125, 8.8125, 7.875 ], "texture": "#texture" },
        "west":  { "uv": [ 8.75, 7.8125, 8.8125, 7.875 ], "texture": "#texture" },
        "east":  { "uv": [ 8.75, 7.8125, 8.8125, 7.875 ], "texture": "#texture" }
    }
}
],
"display": {
    "thirdperson_righthand": {
        "rotation": [ 15, -90, -90 ],
        "translation": [ -2.08, 1.2, 3.97 ],
        "scale": [ 0.3, 0.3, 0.3 ]
    },
    "thirdperson_lefthand": {
        "rotation": [ 15, 90, 90 ],
        "translation": [ 1.7, 1.2, 3.97 ],
        "scale": [ 0.3, 0.3, 0.3 ]
    },
    "ground": {
        "rotation": [ 90, 0, 90 ],
        "translation": [ 0, 0, 0.94 ],
        "scale": [ 0.25, 0.25, 0.25 ]
    },
    "fixed": {
        "rotation": [ 0, 0, -45 ],
        "translation": [ 1.51, 2.08, 3.21 ],
        "scale": [ 0.53, 0.53, 0.53 ]
    },
    "firstperson_righthand": {
        "rotation": [ -15, -90, -90 ],
        "translation": [ 1.32, 2, -1.32 ],
        "scale": [ 0.38, 0.38, 0.38 ]
    },
    "firstperson_lefthand": {
        "rotation": [ -15, 90, 90 ],
        "translation": [ 6.5, 2, -1.32 ],
        "scale": [ 0.38, 0.38, 0.38 ]
    },
    "gui": {
        "rotation": [ 0, 0, -45 ],
        "translation": [ 0.94, 1.51, 0 ],
        "scale": [ 0.4, 0.4, 0.4 ]
    }
}
}