{
	"__comment": "Разработано специально для Hard-Days.SU  ::  If you steal our models - you PIDOR!",
"textures": {
    "stone": "blocks/stone",
    "stone_slab_top": "blocks/stone_slab_top",
    "bedrock": "blocks/wool_colored_darkish_black",
    "wool_colored_yellow": "blocks/wool_colored_yellow"
},
"elements": [ 
{
    "__comment": "the grip",
    "from": [ 8, 4.25, 7.75 ],
    "to": [ 8.5, 7.25, 8.75 ],
    "faces": {
        "down":  { "uv": [ 8, 8.375, 7.75, 7.875 ], "texture": "#bedrock" },
        "up":    { "uv": [ 8, 7.875, 8.25, 8.375 ], "texture": "#bedrock" },
        "north": { "uv": [ 7.75, 9.875, 8, 15.875 ], "texture": "#bedrock" },
        "south": { "uv": [ 8, 9.875, 8.25, 15.875 ], "texture": "#bedrock" },
        "west":  { "uv": [ 7.875, 9.875, 8.375, 15.875 ], "texture": "#bedrock" },
        "east":  { "uv": [ 7.625, 9.875, 8.125, 15.875 ], "texture": "#bedrock" }
    }
},
{
    "__comment": "the grip",
    "from": [ 7.75, 4.25, 8 ],
    "to": [ 8, 7.25, 8.5 ],
    "faces": {
        "down":  { "uv": [ 8.125, 8.25, 8, 8 ], "texture": "#bedrock" },
        "up":    { "uv": [ 7.875, 8, 8, 8.25 ], "texture": "#bedrock" },
        "north": { "uv": [ 8, 9.875, 8.125, 15.875 ], "texture": "#bedrock" },
        "south": { "uv": [ 7.875, 9.875, 8, 15.875 ], "texture": "#bedrock" },
        "west":  { "uv": [ 8, 9.875, 8.25, 15.875 ], "texture": "#bedrock" },
        "east":  { "uv": [ 7.75, 9.875, 8, 15.875 ], "texture": "#bedrock" }
    }
},
{
    "__comment": "the grip",
    "from": [ 8.5, 4.25, 8 ],
    "to": [ 8.75, 7.25, 8.5 ],
    "faces": {
        "down":  { "uv": [ 7.75, 8.25, 7.625, 8 ], "texture": "#bedrock" },
        "up":    { "uv": [ 8.25, 8, 8.375, 8.25 ], "texture": "#bedrock" },
        "north": { "uv": [ 7.625, 9.875, 7.75, 15.875 ], "texture": "#bedrock" },
        "south": { "uv": [ 8.25, 9.875, 8.375, 15.875 ], "texture": "#bedrock" },
        "west":  { "uv": [ 8, 9.875, 8.25, 15.875 ], "texture": "#bedrock" },
        "east":  { "uv": [ 7.75, 9.875, 8, 15.875 ], "texture": "#bedrock" }
    }
},
{
    "__comment": "the grip",
    "from": [ 7.875, 4.25, 7.875 ],
    "to": [ 8, 7.25, 8 ],
    "faces": {
        "down":  { "uv": [ 8.0625, 8, 8, 7.9375 ], "texture": "#bedrock" },
        "up":    { "uv": [ 7.9375, 7.9375, 8, 8 ], "texture": "#bedrock" },
        "north": { "uv": [ 8, 9.875, 8.0625, 15.875 ], "texture": "#bedrock" },
        "south": { "uv": [ 7.9375, 9.875, 8, 15.875 ], "texture": "#bedrock" },
        "west":  { "uv": [ 7.9375, 9.875, 8, 15.875 ], "texture": "#bedrock" },
        "east":  { "uv": [ 8, 9.875, 8.0625, 15.875 ], "texture": "#bedrock" }
    }
},
{
    "__comment": "the grip",
    "from": [ 8.5, 4.25, 8.5 ],
    "to": [ 8.625, 7.25, 8.625 ],
    "faces": {
        "down":  { "uv": [ 7.75, 8.3125, 7.6875, 8.25 ], "texture": "#bedrock" },
        "up":    { "uv": [ 8.25, 8.25, 8.3125, 8.3125 ], "texture": "#bedrock" },
        "north": { "uv": [ 7.6875, 9.875, 7.75, 15.875 ], "texture": "#bedrock" },
        "south": { "uv": [ 8.25, 9.875, 8.3125, 15.875 ], "texture": "#bedrock" },
        "west":  { "uv": [ 8.25, 9.875, 8.3125, 15.875 ], "texture": "#bedrock" },
        "east":  { "uv": [ 7.6875, 9.875, 7.75, 15.875 ], "texture": "#bedrock" }
    }
},
{
    "__comment": "the grip",
    "from": [ 7.875, 4.25, 8.5 ],
    "to": [ 8, 7.25, 8.625 ],
    "faces": {
        "down":  { "uv": [ 8.0625, 8.3125, 8, 8.25 ], "texture": "#bedrock" },
        "up":    { "uv": [ 7.9375, 8.25, 8, 8.3125 ], "texture": "#bedrock" },
        "north": { "uv": [ 8, 9.875, 8.0625, 15.875 ], "texture": "#bedrock" },
        "south": { "uv": [ 7.9375, 9.875, 8, 15.875 ], "texture": "#bedrock" },
        "west":  { "uv": [ 8.25, 9.875, 8.3125, 15.875 ], "texture": "#bedrock" },
        "east":  { "uv": [ 7.6875, 9.875, 7.75, 15.875 ], "texture": "#bedrock" }
    }
},
{
    "__comment": "the grip",
    "from": [ 8.5, 4.25, 7.875 ],
    "to": [ 8.625, 7.25, 8 ],
    "faces": {
        "down":  { "uv": [ 7.75, 8, 7.6875, 7.9375 ], "texture": "#bedrock" },
        "up":    { "uv": [ 8.25, 7.9375, 8.3125, 8 ], "texture": "#bedrock" },
        "north": { "uv": [ 7.6875, 9.875, 7.75, 15.875 ], "texture": "#bedrock" },
        "south": { "uv": [ 8.25, 9.875, 8.3125, 15.875 ], "texture": "#bedrock" },
        "west":  { "uv": [ 7.9375, 9.875, 8, 15.875 ], "texture": "#bedrock" },
        "east":  { "uv": [ 8, 9.875, 8.0625, 15.875 ], "texture": "#bedrock" }
    }
},
{
    "__comment": "the grip",
    "from": [ 7.875, 4.125, 8 ],
    "to": [ 8.625, 4.25, 8.5 ],
    "faces": {
        "down":  { "uv": [ 8.0625, 8.25, 7.6875, 8 ], "texture": "#bedrock" },
        "up":    { "uv": [ 7.9375, 8, 8.3125, 8.25 ], "texture": "#bedrock" },
        "north": { "uv": [ 7.6875, 15.875, 8.0625, 15.9375 ], "texture": "#bedrock" },
        "south": { "uv": [ 7.9375, 15.875, 8.3125, 15.9375 ], "texture": "#bedrock" },
        "west":  { "uv": [ 8, 15.875, 8.25, 15.9375 ], "texture": "#bedrock" },
        "east":  { "uv": [ 7.75, 15.875, 8, 15.9375 ], "texture": "#bedrock" }
    }
},
{
    "__comment": "the grip",
    "from": [ 8, 4.125, 7.875 ],
    "to": [ 8.5, 4.25, 8 ],
    "faces": {
        "down":  { "uv": [ 8, 8, 7.75, 7.9375 ], "texture": "#bedrock" },
        "up":    { "uv": [ 8, 7.9375, 8.25, 8 ], "texture": "#bedrock" },
        "north": { "uv": [ 7.75, 15.875, 8, 15.9375 ], "texture": "#bedrock" },
        "south": { "uv": [ 8, 15.875, 8.25, 15.9375 ], "texture": "#bedrock" },
        "west":  { "uv": [ 7.9375, 15.875, 8, 15.9375 ], "texture": "#bedrock" },
        "east":  { "uv": [ 8, 15.875, 8.0625, 15.9375 ], "texture": "#bedrock" }
    }
},
{
    "__comment": "the grip",
    "from": [ 8, 4.125, 8.5 ],
    "to": [ 8.5, 4.25, 8.625 ],
    "faces": {
        "down":  { "uv": [ 8, 8.3125, 7.75, 8.25 ], "texture": "#bedrock" },
        "up":    { "uv": [ 8, 8.25, 8.25, 8.3125 ], "texture": "#bedrock" },
        "north": { "uv": [ 7.75, 15.875, 8, 15.9375 ], "texture": "#bedrock" },
        "south": { "uv": [ 8, 15.875, 8.25, 15.9375 ], "texture": "#bedrock" },
        "west":  { "uv": [ 8.25, 15.875, 8.3125, 15.9375 ], "texture": "#bedrock" },
        "east":  { "uv": [ 7.6875, 15.875, 7.75, 15.9375 ], "texture": "#bedrock" }
    }
},
{
    "__comment": "the grip",
    "from": [ 8, 7.25, 8 ],
    "to": [ 8.5, 8.25, 8.5 ],
    "faces": {
        "down":  { "uv": [ 8, 8.375, 7.75, 7.875 ], "texture": "#wool_colored_yellow" },
        "up":    { "uv": [ 8, 7.875, 8.25, 8.375 ], "texture": "#wool_colored_yellow" },
        "north": { "uv": [ 7.75, 9.875, 8, 15.875 ], "texture": "#wool_colored_yellow" },
        "south": { "uv": [ 8, 9.875, 8.25, 15.875 ], "texture": "#wool_colored_yellow" },
        "west":  { "uv": [ 7.875, 9.875, 8.375, 15.875 ], "texture": "#wool_colored_yellow" },
        "east":  { "uv": [ 7.625, 9.875, 8.125, 15.875 ], "texture": "#wool_colored_yellow" }
    }
},
{
    "__comment": "the grip",
    "from": [ 8, 8.05, 7.75 ],
    "to": [ 8.5, 8.45, 8.75 ],
    "faces": {
        "down":  { "uv": [ 8, 8.375, 7.75, 7.875 ], "texture": "#bedrock" },
        "up":    { "uv": [ 8, 7.875, 8.25, 8.375 ], "texture": "#bedrock" },
        "north": { "uv": [ 7.75, 9.875, 8, 15.875 ], "texture": "#bedrock" },
        "south": { "uv": [ 8, 9.875, 8.25, 15.875 ], "texture": "#bedrock" },
        "west":  { "uv": [ 7.875, 9.875, 8.375, 15.875 ], "texture": "#bedrock" },
        "east":  { "uv": [ 7.625, 9.875, 8.125, 15.875 ], "texture": "#bedrock" }
    }
},
{
    "__comment": "the grip",
    "from": [ 7.75, 8.05, 8 ],
    "to": [ 8, 8.45, 8.5 ],
    "faces": {
        "down":  { "uv": [ 8.125, 8.25, 8, 8 ], "texture": "#bedrock" },
        "up":    { "uv": [ 7.875, 8, 8, 8.25 ], "texture": "#bedrock" },
        "north": { "uv": [ 8, 9.875, 8.125, 15.875 ], "texture": "#bedrock" },
        "south": { "uv": [ 7.875, 9.875, 8, 15.875 ], "texture": "#bedrock" },
        "west":  { "uv": [ 8, 9.875, 8.25, 15.875 ], "texture": "#bedrock" },
        "east":  { "uv": [ 7.75, 9.875, 8, 15.875 ], "texture": "#bedrock" }
    }
},
{
    "__comment": "the grip",
    "from": [ 8.5, 8.05, 8 ],
    "to": [ 8.75, 8.45, 8.5 ],
    "faces": {
        "down":  { "uv": [ 7.75, 8.25, 7.625, 8 ], "texture": "#bedrock" },
        "up":    { "uv": [ 8.25, 8, 8.375, 8.25 ], "texture": "#bedrock" },
        "north": { "uv": [ 7.625, 9.875, 7.75, 15.875 ], "texture": "#bedrock" },
        "south": { "uv": [ 8.25, 9.875, 8.375, 15.875 ], "texture": "#bedrock" },
        "west":  { "uv": [ 8, 9.875, 8.25, 15.875 ], "texture": "#bedrock" },
        "east":  { "uv": [ 7.75, 9.875, 8, 15.875 ], "texture": "#bedrock" }
    }
},
{
    "__comment": "the grip",
    "from": [ 7.875, 8.05, 7.875 ],
    "to": [ 8, 8.45, 8 ],
    "faces": {
        "down":  { "uv": [ 8.0625, 8, 8, 7.9375 ], "texture": "#bedrock" },
        "up":    { "uv": [ 7.9375, 7.9375, 8, 8 ], "texture": "#bedrock" },
        "north": { "uv": [ 8, 9.875, 8.0625, 15.875 ], "texture": "#bedrock" },
        "south": { "uv": [ 7.9375, 9.875, 8, 15.875 ], "texture": "#bedrock" },
        "west":  { "uv": [ 7.9375, 9.875, 8, 15.875 ], "texture": "#bedrock" },
        "east":  { "uv": [ 8, 9.875, 8.0625, 15.875 ], "texture": "#bedrock" }
    }
},
{
    "__comment": "the grip",
    "from": [ 8.5, 8.05, 8.5 ],
    "to": [ 8.625, 8.45, 8.625 ],
    "faces": {
        "down":  { "uv": [ 7.75, 8.3125, 7.6875, 8.25 ], "texture": "#bedrock" },
        "up":    { "uv": [ 8.25, 8.25, 8.3125, 8.3125 ], "texture": "#bedrock" },
        "north": { "uv": [ 7.6875, 9.875, 7.75, 15.875 ], "texture": "#bedrock" },
        "south": { "uv": [ 8.25, 9.875, 8.3125, 15.875 ], "texture": "#bedrock" },
        "west":  { "uv": [ 8.25, 9.875, 8.3125, 15.875 ], "texture": "#bedrock" },
        "east":  { "uv": [ 7.6875, 9.875, 7.75, 15.875 ], "texture": "#bedrock" }
    }
},
{
    "__comment": "the grip",
    "from": [ 7.875, 8.05, 8.5 ],
    "to": [ 8, 8.45, 8.625 ],
    "faces": {
        "down":  { "uv": [ 8.0625, 8.3125, 8, 8.25 ], "texture": "#bedrock" },
        "up":    { "uv": [ 7.9375, 8.25, 8, 8.3125 ], "texture": "#bedrock" },
        "north": { "uv": [ 8, 9.875, 8.0625, 15.875 ], "texture": "#bedrock" },
        "south": { "uv": [ 7.9375, 9.875, 8, 15.875 ], "texture": "#bedrock" },
        "west":  { "uv": [ 8.25, 9.875, 8.3125, 15.875 ], "texture": "#bedrock" },
        "east":  { "uv": [ 7.6875, 9.875, 7.75, 15.875 ], "texture": "#bedrock" }
    }
},
{
    "__comment": "the grip",
    "from": [ 8.5, 8.05, 7.875 ],
    "to": [ 8.625, 8.45, 8 ],
    "faces": {
        "down":  { "uv": [ 7.75, 8, 7.6875, 7.9375 ], "texture": "#bedrock" },
        "up":    { "uv": [ 8.25, 7.9375, 8.3125, 8 ], "texture": "#bedrock" },
        "north": { "uv": [ 7.6875, 9.875, 7.75, 15.875 ], "texture": "#bedrock" },
        "south": { "uv": [ 8.25, 9.875, 8.3125, 15.875 ], "texture": "#bedrock" },
        "west":  { "uv": [ 7.9375, 9.875, 8, 15.875 ], "texture": "#bedrock" },
        "east":  { "uv": [ 8, 9.875, 8.0625, 15.875 ], "texture": "#bedrock" }
    }
},
{
    "__comment": "the grip",
    "from": [ 8.1, 7.25, 8.3 ],
    "to": [ 8.4, 8.25, 8.6 ],
    "faces": {
        "down":  { "uv": [ 8, 8.375, 7.75, 7.875 ], "texture": "#wool_colored_yellow" },
        "up":    { "uv": [ 8, 7.875, 8.25, 8.375 ], "texture": "#wool_colored_yellow" },
        "north": { "uv": [ 7.75, 9.875, 8, 15.875 ], "texture": "#wool_colored_yellow" },
        "south": { "uv": [ 8, 9.875, 8.25, 15.875 ], "texture": "#wool_colored_yellow" },
        "west":  { "uv": [ 7.875, 9.875, 8.375, 15.875 ], "texture": "#wool_colored_yellow" },
        "east":  { "uv": [ 7.625, 9.875, 8.125, 15.875 ], "texture": "#wool_colored_yellow" }
    }
},
{
    "__comment": "the grip",
    "from": [ 7.9, 7.25, 8.1 ],
    "to": [ 8.2, 8.25, 8.4 ],
    "faces": {
        "down":  { "uv": [ 8, 8.375, 7.75, 7.875 ], "texture": "#wool_colored_yellow" },
        "up":    { "uv": [ 8, 7.875, 8.25, 8.375 ], "texture": "#wool_colored_yellow" },
        "north": { "uv": [ 7.75, 9.875, 8, 15.875 ], "texture": "#wool_colored_yellow" },
        "south": { "uv": [ 8, 9.875, 8.25, 15.875 ], "texture": "#wool_colored_yellow" },
        "west":  { "uv": [ 7.875, 9.875, 8.375, 15.875 ], "texture": "#wool_colored_yellow" },
        "east":  { "uv": [ 7.625, 9.875, 8.125, 15.875 ], "texture": "#wool_colored_yellow" }
    }
},
{
    "__comment": "the grip",
    "from": [ 8.1, 7.25, 7.9 ],
    "to": [ 8.4, 8.25, 8.2 ],
    "faces": {
        "down":  { "uv": [ 8, 8.375, 7.75, 7.875 ], "texture": "#wool_colored_yellow" },
        "up":    { "uv": [ 8, 7.875, 8.25, 8.375 ], "texture": "#wool_colored_yellow" },
        "north": { "uv": [ 7.75, 9.875, 8, 15.875 ], "texture": "#wool_colored_yellow" },
        "south": { "uv": [ 8, 9.875, 8.25, 15.875 ], "texture": "#wool_colored_yellow" },
        "west":  { "uv": [ 7.875, 9.875, 8.375, 15.875 ], "texture": "#wool_colored_yellow" },
        "east":  { "uv": [ 7.625, 9.875, 8.125, 15.875 ], "texture": "#wool_colored_yellow" }
    }
},
{
    "__comment": "the grip",
    "from": [ 8.3, 7.25, 8.1 ],
    "to": [ 8.6, 8.25, 8.4 ],
    "faces": {
        "down":  { "uv": [ 8, 8.375, 7.75, 7.875 ], "texture": "#wool_colored_yellow" },
        "up":    { "uv": [ 8, 7.875, 8.25, 8.375 ], "texture": "#wool_colored_yellow" },
        "north": { "uv": [ 7.75, 9.875, 8, 15.875 ], "texture": "#wool_colored_yellow" },
        "south": { "uv": [ 8, 9.875, 8.25, 15.875 ], "texture": "#wool_colored_yellow" },
        "west":  { "uv": [ 7.875, 9.875, 8.375, 15.875 ], "texture": "#wool_colored_yellow" },
        "east":  { "uv": [ 7.625, 9.875, 8.125, 15.875 ], "texture": "#wool_colored_yellow" }
    }
},
{
    "__comment": "the grip",
    "from": [ 7.8, 7.95, 8.1 ],
    "to": [ 8.7, 8.25, 8.4 ],
    "faces": {
        "down":  { "uv": [ 8, 8.375, 7.75, 7.875 ], "texture": "#wool_colored_yellow" },
        "up":    { "uv": [ 8, 7.875, 8.25, 8.375 ], "texture": "#wool_colored_yellow" },
        "north": { "uv": [ 7.75, 9.875, 8, 15.875 ], "texture": "#wool_colored_yellow" },
        "south": { "uv": [ 8, 9.875, 8.25, 15.875 ], "texture": "#wool_colored_yellow" },
        "west":  { "uv": [ 7.875, 9.875, 8.375, 15.875 ], "texture": "#wool_colored_yellow" },
        "east":  { "uv": [ 7.625, 9.875, 8.125, 15.875 ], "texture": "#wool_colored_yellow" }
    }
},
{
    "__comment": "the grip",
    "from": [ 8.1, 7.95, 7.8 ],
    "to": [ 8.4, 8.25, 8.7 ],
    "faces": {
        "down":  { "uv": [ 8, 8.375, 7.75, 7.875 ], "texture": "#wool_colored_yellow" },
        "up":    { "uv": [ 8, 7.875, 8.25, 8.375 ], "texture": "#wool_colored_yellow" },
        "north": { "uv": [ 7.75, 9.875, 8, 15.875 ], "texture": "#wool_colored_yellow" },
        "south": { "uv": [ 8, 9.875, 8.25, 15.875 ], "texture": "#wool_colored_yellow" },
        "west":  { "uv": [ 7.875, 9.875, 8.375, 15.875 ], "texture": "#wool_colored_yellow" },
        "east":  { "uv": [ 7.625, 9.875, 8.125, 15.875 ], "texture": "#wool_colored_yellow" }
    }
},
{
    "__comment": "the grip",
    "from": [ 7.8, 7.05, 8.1 ],
    "to": [ 8.7, 7.35, 8.4 ],
    "faces": {
        "down":  { "uv": [ 8, 8.375, 7.75, 7.875 ], "texture": "#wool_colored_yellow" },
        "up":    { "uv": [ 8, 7.875, 8.25, 8.375 ], "texture": "#wool_colored_yellow" },
        "north": { "uv": [ 7.75, 9.875, 8, 15.875 ], "texture": "#wool_colored_yellow" },
        "south": { "uv": [ 8, 9.875, 8.25, 15.875 ], "texture": "#wool_colored_yellow" },
        "west":  { "uv": [ 7.875, 9.875, 8.375, 15.875 ], "texture": "#wool_colored_yellow" },
        "east":  { "uv": [ 7.625, 9.875, 8.125, 15.875 ], "texture": "#wool_colored_yellow" }
    }
},
{
    "__comment": "the grip",
    "from": [ 8.1, 7.05, 7.8 ],
    "to": [ 8.4, 7.35, 8.7 ],
    "faces": {
        "down":  { "uv": [ 8, 8.375, 7.75, 7.875 ], "texture": "#wool_colored_yellow" },
        "up":    { "uv": [ 8, 7.875, 8.25, 8.375 ], "texture": "#wool_colored_yellow" },
        "north": { "uv": [ 7.75, 9.875, 8, 15.875 ], "texture": "#wool_colored_yellow" },
        "south": { "uv": [ 8, 9.875, 8.25, 15.875 ], "texture": "#wool_colored_yellow" },
        "west":  { "uv": [ 7.875, 9.875, 8.375, 15.875 ], "texture": "#wool_colored_yellow" },
        "east":  { "uv": [ 7.625, 9.875, 8.125, 15.875 ], "texture": "#wool_colored_yellow" }
    }
},
{
    "__comment": "the grip",
    "from": [ 8, 7.05, 7.9 ],
    "to": [ 8.5, 7.35, 8.6 ],
    "faces": {
        "down":  { "uv": [ 8, 8.375, 7.75, 7.875 ], "texture": "#wool_colored_yellow" },
        "up":    { "uv": [ 8, 7.875, 8.25, 8.375 ], "texture": "#wool_colored_yellow" },
        "north": { "uv": [ 7.75, 9.875, 8, 15.875 ], "texture": "#wool_colored_yellow" },
        "south": { "uv": [ 8, 9.875, 8.25, 15.875 ], "texture": "#wool_colored_yellow" },
        "west":  { "uv": [ 7.875, 9.875, 8.375, 15.875 ], "texture": "#wool_colored_yellow" },
        "east":  { "uv": [ 7.625, 9.875, 8.125, 15.875 ], "texture": "#wool_colored_yellow" }
    }
},
{
    "__comment": "the grip",
    "from": [ 7.9, 7.05, 8 ],
    "to": [ 8.6, 7.35, 8.5 ],
    "faces": {
        "down":  { "uv": [ 8, 8.375, 7.75, 7.875 ], "texture": "#wool_colored_yellow" },
        "up":    { "uv": [ 8, 7.875, 8.25, 8.375 ], "texture": "#wool_colored_yellow" },
        "north": { "uv": [ 7.75, 9.875, 8, 15.875 ], "texture": "#wool_colored_yellow" },
        "south": { "uv": [ 8, 9.875, 8.25, 15.875 ], "texture": "#wool_colored_yellow" },
        "west":  { "uv": [ 7.875, 9.875, 8.375, 15.875 ], "texture": "#wool_colored_yellow" },
        "east":  { "uv": [ 7.625, 9.875, 8.125, 15.875 ], "texture": "#wool_colored_yellow" }
    }
},
{
    "__comment": "the grip",
    "from": [ 7.8, 7.95, 8.1 ],
    "to": [ 8.7, 8.25, 8.4 ],
    "faces": {
        "down":  { "uv": [ 8, 8.375, 7.75, 7.875 ], "texture": "#wool_colored_yellow" },
        "up":    { "uv": [ 8, 7.875, 8.25, 8.375 ], "texture": "#wool_colored_yellow" },
        "north": { "uv": [ 7.75, 9.875, 8, 15.875 ], "texture": "#wool_colored_yellow" },
        "south": { "uv": [ 8, 9.875, 8.25, 15.875 ], "texture": "#wool_colored_yellow" },
        "west":  { "uv": [ 7.875, 9.875, 8.375, 15.875 ], "texture": "#wool_colored_yellow" },
        "east":  { "uv": [ 7.625, 9.875, 8.125, 15.875 ], "texture": "#wool_colored_yellow" }
    }
},
{
    "__comment": "the grip",
    "from": [ 8.1, 7.95, 7.8 ],
    "to": [ 8.4, 8.25, 8.7 ],
    "faces": {
        "down":  { "uv": [ 8, 8.375, 7.75, 7.875 ], "texture": "#wool_colored_yellow" },
        "up":    { "uv": [ 8, 7.875, 8.25, 8.375 ], "texture": "#wool_colored_yellow" },
        "north": { "uv": [ 7.75, 9.875, 8, 15.875 ], "texture": "#wool_colored_yellow" },
        "south": { "uv": [ 8, 9.875, 8.25, 15.875 ], "texture": "#wool_colored_yellow" },
        "west":  { "uv": [ 7.875, 9.875, 8.375, 15.875 ], "texture": "#wool_colored_yellow" },
        "east":  { "uv": [ 7.625, 9.875, 8.125, 15.875 ], "texture": "#wool_colored_yellow" }
    }
},
{
    "__comment": "the grip",
    "from": [ 8, 7.95, 7.9 ],
    "to": [ 8.5, 8.25, 8.6 ],
    "faces": {
        "down":  { "uv": [ 8, 8.375, 7.75, 7.875 ], "texture": "#wool_colored_yellow" },
        "up":    { "uv": [ 8, 7.875, 8.25, 8.375 ], "texture": "#wool_colored_yellow" },
        "north": { "uv": [ 7.75, 9.875, 8, 15.875 ], "texture": "#wool_colored_yellow" },
        "south": { "uv": [ 8, 9.875, 8.25, 15.875 ], "texture": "#wool_colored_yellow" },
        "west":  { "uv": [ 7.875, 9.875, 8.375, 15.875 ], "texture": "#wool_colored_yellow" },
        "east":  { "uv": [ 7.625, 9.875, 8.125, 15.875 ], "texture": "#wool_colored_yellow" }
    }
},
{
    "__comment": "the grip",
    "from": [ 7.9, 7.95, 8 ],
    "to": [ 8.6, 8.25, 8.5 ],
    "faces": {
        "down":  { "uv": [ 8, 8.375, 7.75, 7.875 ], "texture": "#wool_colored_yellow" },
        "up":    { "uv": [ 8, 7.875, 8.25, 8.375 ], "texture": "#wool_colored_yellow" },
        "north": { "uv": [ 7.75, 9.875, 8, 15.875 ], "texture": "#wool_colored_yellow" },
        "south": { "uv": [ 8, 9.875, 8.25, 15.875 ], "texture": "#wool_colored_yellow" },
        "west":  { "uv": [ 7.875, 9.875, 8.375, 15.875 ], "texture": "#wool_colored_yellow" },
        "east":  { "uv": [ 7.625, 9.875, 8.125, 15.875 ], "texture": "#wool_colored_yellow" }
    }
},
{
    "__comment": "not the grip",
    "from": [ 8.15, 8.45, 8.16 ],
    "to": [ 8.35, 11.45, 8.36 ],
    "faces": {
        "down":  { "uv": [ 8, 8.375, 7.75, 7.875 ], "texture": "#stone_slab_top" },
        "up":    { "uv": [ 8, 7.875, 8.25, 8.375 ], "texture": "#stone_slab_top" },
        "north": { "uv": [ 7.75, 9.875, 8, 15.875 ], "texture": "#stone_slab_top" },
        "south": { "uv": [ 8, 9.875, 8.25, 15.875 ], "texture": "#stone_slab_top" },
        "west":  { "uv": [ 7.875, 9.875, 8.375, 15.875 ], "texture": "#stone_slab_top" },
        "east":  { "uv": [ 7.625, 9.875, 8.125, 15.875 ], "texture": "#stone_slab_top" }
    }
},
{
    "__comment": "not the grip",
    "from": [ 8.15, 11.45, 8.2 ],
    "to": [ 8.35, 11.85, 8.32 ],
    "faces": {
        "down":  { "uv": [ 8, 8.375, 7.75, 7.875 ], "texture": "#stone_slab_top" },
        "up":    { "uv": [ 8, 7.875, 8.25, 8.375 ], "texture": "#stone_slab_top" },
        "north": { "uv": [ 7.75, 9.875, 8, 15.875 ], "texture": "#stone_slab_top" },
        "south": { "uv": [ 8, 9.875, 8.25, 15.875 ], "texture": "#stone_slab_top" },
        "west":  { "uv": [ 7.875, 9.875, 8.375, 15.875 ], "texture": "#stone_slab_top" },
        "east":  { "uv": [ 7.625, 9.875, 8.125, 15.875 ], "texture": "#stone_slab_top" }
    }
},
{
    "__comment": "not the grip",
    "from": [ 8.15, 11.85, 8.23 ],
    "to": [ 8.35, 12.25, 8.29 ],
    "faces": {
        "down":  { "uv": [ 8, 8.375, 7.75, 7.875 ], "texture": "#stone_slab_top" },
        "up":    { "uv": [ 8, 7.875, 8.25, 8.375 ], "texture": "#stone_slab_top" },
        "north": { "uv": [ 7.75, 9.875, 8, 15.875 ], "texture": "#stone_slab_top" },
        "south": { "uv": [ 8, 9.875, 8.25, 15.875 ], "texture": "#stone_slab_top" },
        "west":  { "uv": [ 7.875, 9.875, 8.375, 15.875 ], "texture": "#stone_slab_top" },
        "east":  { "uv": [ 7.625, 9.875, 8.125, 15.875 ], "texture": "#stone_slab_top" }
    }
}
],
"display": {
    "thirdperson_righthand": {
        "rotation": [ 0, 35, 0 ],
        "translation": [ -0.76, 0, 1.13 ],
        "scale": [ 1.35, 1.35, 1.35 ]
    },
    "thirdperson_lefthand": {
        "rotation": [ 0, 35, 0 ],
        "translation": [ -0.38, 0, 1.12 ],
        "scale": [ 1.35, 1.35, 1.35 ]
    },
    "ground": {
        "rotation": [ 90, 0, 0 ],
        "translation": [ 0, 0, 3.59 ],
        "scale": [ 1.2, 1.2, 1.2 ]
    },
    "fixed": {
        "rotation": [ 0, 0, 45 ],
        "translation": [ 0, 0, -0.94 ],
        "scale": [ 2.5, 2.5, 2.5 ]
    },
    "firstperson_righthand": {
        "rotation": [ 0, 90, 0 ],
        "translation": [ 0, 1.32, 0 ],
        "scale": [ 1.25, 1.25, 1.25 ]
    },
    "firstperson_lefthand": {
        "rotation": [ 0, 90, 0 ],
        "translation": [ -1.7, 1.32, 0 ],
        "scale": [ 1.25, 1.25, 1.25 ]
    },
    "gui": {
        "rotation": [ 0, 0, 45 ],
        "translation": [ -0.38, -0.57, 0 ],
        "scale": [ 2.5, 2.5, 2.5 ]
    }
}
}