{
	"__comment": "Разработано специально для Hard-Days.SU  ::  If you steal our models - you PIDOR!",
"textures": {
    "particle": "items/egg",
    "wool_colored_orange": "blocks/wool_colored_orange",
    "iron_block": "blocks/iron_block",
    "coal_block": "blocks/wool_colored_dark_black"
},
"elements": [ 
{
    "__comment": "Arrow Shaft",
    "from": [ 7.85625, 0.781875, 3.125 ],
    "to": [ 8.04625, 0.971875, 12.125 ],
    "faces": {
        "down":  { "uv": [ 8.03125, 16, 7.96875, 8.5 ], "texture": "#coal_block" },
        "up":    { "uv": [ 7.96875, 8.5, 8.03125, 16 ], "texture": "#coal_block" },
        "north": { "uv": [ 7.96875, 6.71875, 8.03125, 6.78125 ], "texture": "#coal_block" },
        "south": { "uv": [ 7.96875, 6.71875, 8.03125, 6.78125 ], "texture": "#coal_block" },
        "west":  { "uv": [ 8.5, 6.71875, 16, 6.78125 ], "texture": "#coal_block" },
        "east":  { "uv": [ 0, 6.71875, 7.5, 6.78125 ], "texture": "#coal_block" }
    }
},
{
    "__comment": "Arrow Head",
    "from": [ 7.805, 0.725, 11.975 ],
    "to": [ 8.105, 1.025, 12.275 ],
    "faces": {
        "down":  { "uv": [ 8, 15, 7.5, 14 ], "texture": "#iron_block" },
        "up":    { "uv": [ 8, 14, 8.5, 15 ], "texture": "#iron_block" },
        "north": { "uv": [ 7.5, 6, 8, 6.5 ], "texture": "#iron_block" },
        "south": { "uv": [ 8, 6, 8.5, 6.5 ], "texture": "#iron_block" },
        "west":  { "uv": [ 14, 6, 15, 6.5 ], "texture": "#iron_block" },
        "east":  { "uv": [ 1, 6, 2, 6.5 ], "texture": "#iron_block" }
    }
},
{
    "__comment": "Arrow Head",
    "from": [ 7.52, 0.725, 11.57 ],
    "to": [ 7.61405, 1.025, 12.32 ],
    "rotation": { "origin": [ 7.52, 0.725, 11.57 ], "axis": "y", "angle": 22.5 },
    "faces": {
        "down":  { "uv": [ 8, 15, 7.5, 14 ], "texture": "#iron_block" },
        "up":    { "uv": [ 8, 14, 8.5, 15 ], "texture": "#iron_block" },
        "north": { "uv": [ 7.5, 6, 8, 6.5 ], "texture": "#iron_block" },
        "south": { "uv": [ 8, 6, 8.5, 6.5 ], "texture": "#iron_block" },
        "west":  { "uv": [ 14, 6, 15, 6.5 ], "texture": "#iron_block" },
        "east":  { "uv": [ 1, 6, 2, 6.5 ], "texture": "#iron_block" }
    }
},
{
    "__comment": "Arrow Head",
    "from": [ 8.3105, 0.725, 11.54 ],
    "to": [ 8.40455, 1.025, 12.29 ],
    "rotation": { "origin": [ 8.3105, 0.725, 11.54 ], "axis": "y", "angle": -22.5 },
    "faces": {
        "down":  { "uv": [ 8, 15, 7.5, 14 ], "texture": "#iron_block" },
        "up":    { "uv": [ 8, 14, 8.5, 15 ], "texture": "#iron_block" },
        "north": { "uv": [ 7.5, 6, 8, 6.5 ], "texture": "#iron_block" },
        "south": { "uv": [ 8, 6, 8.5, 6.5 ], "texture": "#iron_block" },
        "west":  { "uv": [ 14, 6, 15, 6.5 ], "texture": "#iron_block" },
        "east":  { "uv": [ 1, 6, 2, 6.5 ], "texture": "#iron_block" }
    }
},
{
    "__comment": "Arrow Feathers",
    "from": [ 7.4, 0.827, 2.75 ],
    "to": [ 7.49375, 0.92075, 3.5 ],
    "rotation": { "origin": [ 7.4, 0.827, 2.75 ], "axis": "y", "angle": 45 },
    "faces": {
        "down":  { "uv": [ 8, 15, 7.5, 14 ], "texture": "#wool_colored_orange" },
        "up":    { "uv": [ 8, 14, 8.5, 15 ], "texture": "#wool_colored_orange" },
        "north": { "uv": [ 7.5, 6, 8, 6.5 ], "texture": "#wool_colored_orange" },
        "south": { "uv": [ 8, 6, 8.5, 6.5 ], "texture": "#wool_colored_orange" },
        "west":  { "uv": [ 14, 6, 15, 6.5 ], "texture": "#wool_colored_orange" },
        "east":  { "uv": [ 1, 6, 2, 6.5 ], "texture": "#wool_colored_orange" }
    }
},
{
    "__comment": "Arrow Feathers",
    "from": [ 8.45, 0.827, 2.675 ],
    "to": [ 8.54375, 0.92075, 3.425 ],
    "rotation": { "origin": [ 8.45, 0.827, 2.675 ], "axis": "y", "angle": -45 },
    "faces": {
        "down":  { "uv": [ 8, 15, 7.5, 14 ], "texture": "#wool_colored_orange" },
        "up":    { "uv": [ 8, 14, 8.5, 15 ], "texture": "#wool_colored_orange" },
        "north": { "uv": [ 7.5, 6, 8, 6.5 ], "texture": "#wool_colored_orange" },
        "south": { "uv": [ 8, 6, 8.5, 6.5 ], "texture": "#wool_colored_orange" },
        "west":  { "uv": [ 14, 6, 15, 6.5 ], "texture": "#wool_colored_orange" },
        "east":  { "uv": [ 1, 6, 2, 6.5 ], "texture": "#wool_colored_orange" }
    }
},
{
    "__comment": "Arrow Feathers",
    "from": [ 7.4, 0.827, 2.9 ],
    "to": [ 7.49375, 0.92075, 3.65 ],
    "rotation": { "origin": [ 7.4, 0.827, 2.9 ], "axis": "y", "angle": 45 },
    "faces": {
        "down":  { "uv": [ 8, 15, 7.5, 14 ], "texture": "#wool_colored_orange" },
        "up":    { "uv": [ 8, 14, 8.5, 15 ], "texture": "#wool_colored_orange" },
        "north": { "uv": [ 7.5, 6, 8, 6.5 ], "texture": "#wool_colored_orange" },
        "south": { "uv": [ 8, 6, 8.5, 6.5 ], "texture": "#wool_colored_orange" },
        "west":  { "uv": [ 14, 6, 15, 6.5 ], "texture": "#wool_colored_orange" },
        "east":  { "uv": [ 1, 6, 2, 6.5 ], "texture": "#wool_colored_orange" }
    }
},
{
    "__comment": "Arrow Feathers",
    "from": [ 8.45, 0.827, 2.825 ],
    "to": [ 8.54375, 0.92075, 3.575 ],
    "rotation": { "origin": [ 8.45, 0.827, 2.825 ], "axis": "y", "angle": -45 },
    "faces": {
        "down":  { "uv": [ 8, 15, 7.5, 14 ], "texture": "#wool_colored_orange" },
        "up":    { "uv": [ 8, 14, 8.5, 15 ], "texture": "#wool_colored_orange" },
        "north": { "uv": [ 7.5, 6, 8, 6.5 ], "texture": "#wool_colored_orange" },
        "south": { "uv": [ 8, 6, 8.5, 6.5 ], "texture": "#wool_colored_orange" },
        "west":  { "uv": [ 14, 6, 15, 6.5 ], "texture": "#wool_colored_orange" },
        "east":  { "uv": [ 1, 6, 2, 6.5 ], "texture": "#wool_colored_orange" }
    }
},
{
    "__comment": "Arrow Feathers",
    "from": [ 7.4, 0.827, 3.05 ],
    "to": [ 7.49375, 0.92075, 3.8 ],
    "rotation": { "origin": [ 7.4, 0.827, 3.05 ], "axis": "y", "angle": 45 },
    "faces": {
        "down":  { "uv": [ 8, 15, 7.5, 14 ], "texture": "#wool_colored_orange" },
        "up":    { "uv": [ 8, 14, 8.5, 15 ], "texture": "#wool_colored_orange" },
        "north": { "uv": [ 7.5, 6, 8, 6.5 ], "texture": "#wool_colored_orange" },
        "south": { "uv": [ 8, 6, 8.5, 6.5 ], "texture": "#wool_colored_orange" },
        "west":  { "uv": [ 14, 6, 15, 6.5 ], "texture": "#wool_colored_orange" },
        "east":  { "uv": [ 1, 6, 2, 6.5 ], "texture": "#wool_colored_orange" }
    }
},
{
    "__comment": "Arrow Feathers",
    "from": [ 8.45, 0.827, 2.975 ],
    "to": [ 8.54375, 0.92075, 3.725 ],
    "rotation": { "origin": [ 8.45, 0.827, 2.975 ], "axis": "y", "angle": -45 },
    "faces": {
        "down":  { "uv": [ 8, 15, 7.5, 14 ], "texture": "#wool_colored_orange" },
        "up":    { "uv": [ 8, 14, 8.5, 15 ], "texture": "#wool_colored_orange" },
        "north": { "uv": [ 7.5, 6, 8, 6.5 ], "texture": "#wool_colored_orange" },
        "south": { "uv": [ 8, 6, 8.5, 6.5 ], "texture": "#wool_colored_orange" },
        "west":  { "uv": [ 14, 6, 15, 6.5 ], "texture": "#wool_colored_orange" },
        "east":  { "uv": [ 1, 6, 2, 6.5 ], "texture": "#wool_colored_orange" }
    }
},
{
    "__comment": "Arrow Feathers",
    "from": [ 7.4, 0.827, 3.2 ],
    "to": [ 7.49375, 0.92075, 3.95 ],
    "rotation": { "origin": [ 7.4, 0.827, 3.2 ], "axis": "y", "angle": 45 },
    "faces": {
        "down":  { "uv": [ 8, 15, 7.5, 14 ], "texture": "#wool_colored_orange" },
        "up":    { "uv": [ 8, 14, 8.5, 15 ], "texture": "#wool_colored_orange" },
        "north": { "uv": [ 7.5, 6, 8, 6.5 ], "texture": "#wool_colored_orange" },
        "south": { "uv": [ 8, 6, 8.5, 6.5 ], "texture": "#wool_colored_orange" },
        "west":  { "uv": [ 14, 6, 15, 6.5 ], "texture": "#wool_colored_orange" },
        "east":  { "uv": [ 1, 6, 2, 6.5 ], "texture": "#wool_colored_orange" }
    }
},
{
    "__comment": "Arrow Feathers",
    "from": [ 8.45, 0.827, 3.125 ],
    "to": [ 8.54375, 0.92075, 3.875 ],
    "rotation": { "origin": [ 8.45, 0.827, 3.125 ], "axis": "y", "angle": -45 },
    "faces": {
        "down":  { "uv": [ 8, 15, 7.5, 14 ], "texture": "#wool_colored_orange" },
        "up":    { "uv": [ 8, 14, 8.5, 15 ], "texture": "#wool_colored_orange" },
        "north": { "uv": [ 7.5, 6, 8, 6.5 ], "texture": "#wool_colored_orange" },
        "south": { "uv": [ 8, 6, 8.5, 6.5 ], "texture": "#wool_colored_orange" },
        "west":  { "uv": [ 14, 6, 15, 6.5 ], "texture": "#wool_colored_orange" },
        "east":  { "uv": [ 1, 6, 2, 6.5 ], "texture": "#wool_colored_orange" }
    }
}
],
"display": {
    "thirdperson_righthand": {
        "rotation": [ -90, 180, 0 ],
        "translation": [ 0, -1.51, 11.34 ],
        "scale": [ -1.5, -1.5, -1.5 ]
    },
    "ground": {
        "rotation": [ 0, 0, 0 ],
        "translation": [ 0, 4.5, 0 ],
        "scale": [ 1.3, 1.3, 1.3 ]
    },
    "fixed": {
        "rotation": [ -90, 45, 0 ],
        "translation": [ 1.32, 0.94, -17.95 ],
        "scale": [ 2.5, 2.5, 2.5 ]
    },
    "firstperson_righthand": {
        "rotation": [ 68, -180, 0 ],
        "translation": [ 20.6, -1.32, -2.27 ],
        "scale": [ 3, 3, 2 ]
    },
    "gui": {
        "rotation": [ 90, -135, 0 ],
        "translation": [ -1.32, 0.94, 0 ],
        "scale": [ 4, 1, 1.98 ]
    }
}
}