{
	"__comment": "Разработано специально для Hard-Days.SU  ::  If you steal our models - you PIDOR!",
"ambientocclusion": false,
"textures": {
    "particle": "blocks/wool_colored_white",
    "texture": "blocks/wool_colored_white",
    "strings": "blocks/quartz_block_side",
    "drop": "blocks/hardened_clay"
},
"elements": [ 
{
    "__comment": "Parachute",
    "from": [ -8, 19, 3 ],
    "to": [ -7, 21, 13 ],
    "faces": {
        "down":  { "uv": [ 16, 10.5, 15.5, 5.5 ], "texture": "#texture" },
        "up":    { "uv": [ 0, 5.5, 0.5, 10.5 ], "texture": "#texture" },
        "north": { "uv": [ 15.5, 3.5, 16, 4.5 ], "texture": "#texture" },
        "south": { "uv": [ 0, 3.5, 0.5, 4.5 ], "texture": "#texture" },
        "west":  { "uv": [ 5.5, 3.5, 10.5, 4.5 ], "texture": "#texture" },
        "east":  { "uv": [ 5.5, 3.5, 10.5, 4.5 ], "texture": "#texture" }
    }
},
{
    "__comment": "Parachute",
    "from": [ -8, 18, 5 ],
    "to": [ -7, 19, 11 ],
    "faces": {
        "down":  { "uv": [ 16, 9.5, 15.5, 6.5 ], "texture": "#texture" },
        "north": { "uv": [ 15.5, 4.5, 16, 5 ], "texture": "#texture" },
        "south": { "uv": [ 0, 4.5, 0.5, 5 ], "texture": "#texture" },
        "west":  { "uv": [ 6.5, 4.5, 9.5, 5 ], "texture": "#texture" },
        "east":  { "uv": [ 6.5, 4.5, 9.5, 5 ], "texture": "#texture" }
    }
},
{
    "__comment": "Parachute",
    "from": [ -7, 20, 2 ],
    "to": [ -6, 21, 14 ],
    "faces": {
        "down":  { "uv": [ 15.5, 11, 15, 5 ], "texture": "#texture" },
        "up":    { "uv": [ 0.5, 5, 1, 11 ], "texture": "#texture" },
        "north": { "uv": [ 15, 3.5, 15.5, 4 ], "texture": "#texture" },
        "south": { "uv": [ 0.5, 3.5, 1, 4 ], "texture": "#texture" },
        "west":  { "uv": [ 5, 3.5, 11, 4 ], "texture": "#texture" },
        "east":  { "uv": [ 5, 3.5, 11, 4 ], "texture": "#texture" }
    }
},
{
    "__comment": "Parachute",
    "from": [ -6, 20, 2 ],
    "to": [ -5.875, 21, 3 ],
    "faces": {
        "down":  { "uv": [ 15, 5.5, 14.9375, 5 ], "texture": "#texture" },
        "north": { "uv": [ 14.9375, 3.5, 15, 4 ], "texture": "#texture" },
        "south": { "uv": [ 1, 3.5, 1.0625, 4 ], "texture": "#texture" },
        "east":  { "uv": [ 10.5, 3.5, 11, 4 ], "texture": "#texture" }
    }
},
{
    "__comment": "Parachute",
    "from": [ -6, 21, 2 ],
    "to": [ -1, 22, 3 ],
    "faces": {
        "down":  { "uv": [ 15, 5.5, 12.5, 5 ], "texture": "#texture" },
        "up":    { "uv": [ 1, 5, 3.5, 5.5 ], "texture": "#texture" },
        "north": { "uv": [ 12.5, 3, 15, 3.5 ], "texture": "#texture" },
        "south": { "uv": [ 1, 3, 3.5, 3.5 ], "texture": "#texture" },
        "west":  { "uv": [ 5, 3, 5.5, 3.5 ], "texture": "#texture" },
        "east":  { "uv": [ 10.5, 3, 11, 3.5 ], "texture": "#texture" }
    }
},
{
    "__comment": "Parachute",
    "from": [ -6, 20, 13 ],
    "to": [ -5, 21, 14 ],
    "faces": {
        "down":  { "uv": [ 15, 11, 14.5, 10.5 ], "texture": "#texture" },
        "north": { "uv": [ 14.5, 3.5, 15, 4 ], "texture": "#texture" },
        "south": { "uv": [ 1, 3.5, 1.5, 4 ], "texture": "#texture" },
        "east":  { "uv": [ 5, 3.5, 5.5, 4 ], "texture": "#texture" }
    }
},
{
    "__comment": "Parachute",
    "from": [ -6, 20, 2 ],
    "to": [ -5, 21, 3 ],
    "faces": {
        "down":  { "uv": [ 15, 5.5, 14.5, 5 ], "texture": "#texture" },
        "north": { "uv": [ 14.5, 3.5, 15, 4 ], "texture": "#texture" },
        "south": { "uv": [ 1, 3.5, 1.5, 4 ], "texture": "#texture" },
        "east":  { "uv": [ 10.5, 3.5, 11, 4 ], "texture": "#texture" }
    }
},
{
    "__comment": "Parachute",
    "from": [ -5, 22, 6 ],
    "to": [ -3, 23, 11 ],
    "faces": {
        "up":    { "uv": [ 1.5, 7, 2.5, 9.5 ], "texture": "#texture" },
        "north": { "uv": [ 13.5, 2.5, 14.5, 3 ], "texture": "#texture" },
        "south": { "uv": [ 1.5, 2.5, 2.5, 3 ], "texture": "#texture" },
        "west":  { "uv": [ 7, 2.5, 9.5, 3 ], "texture": "#texture" },
        "east":  { "uv": [ 6.5, 2.5, 9, 3 ], "texture": "#texture" }
    }
},
{
    "__comment": "Parachute",
    "from": [ -4, 22, 3 ],
    "to": [ 1, 23, 11 ],
    "faces": {
        "down":  { "uv": [ 14, 9.5, 11.5, 5.5 ], "texture": "#texture" },
        "up":    { "uv": [ 2, 5.5, 4.5, 9.5 ], "texture": "#texture" },
        "north": { "uv": [ 11.5, 2.5, 14, 3 ], "texture": "#texture" },
        "west":  { "uv": [ 5.5, 2.5, 9.5, 3 ], "texture": "#texture" },
        "east":  { "uv": [ 6.5, 2.5, 10.5, 3 ], "texture": "#texture" }
    }
},
{
    "__comment": "Parachute",
    "from": [ -4, 22, 11 ],
    "to": [ 1, 23, 14 ],
    "faces": {
        "down":  { "uv": [ 14, 11, 11.5, 9.5 ], "texture": "#texture" },
        "up":    { "uv": [ 2, 9.5, 4.5, 11 ], "texture": "#texture" },
        "south": { "uv": [ 2, 2.5, 4.5, 3 ], "texture": "#texture" },
        "west":  { "uv": [ 9.5, 2.5, 11, 3 ], "texture": "#texture" },
        "east":  { "uv": [ 5, 2.5, 6.5, 3 ], "texture": "#texture" }
    }
},
{
    "__comment": "Parachute",
    "from": [ -4, 21, 14 ],
    "to": [ -1, 22, 15 ],
    "faces": {
        "down":  { "uv": [ 14, 11.5, 12.5, 11 ], "texture": "#texture" },
        "up":    { "uv": [ 2, 11, 3.5, 11.5 ], "texture": "#texture" },
        "north": { "uv": [ 12.5, 3, 14, 3.5 ], "texture": "#texture" },
        "south": { "uv": [ 2, 3, 3.5, 3.5 ], "texture": "#texture" },
        "west":  { "uv": [ 11, 3, 11.5, 3.5 ], "texture": "#texture" },
        "east":  { "uv": [ 4.5, 3, 5, 3.5 ], "texture": "#texture" }
    }
},
{
    "__comment": "Parachute",
    "from": [ -3, 22, 2 ],
    "to": [ 19, 23, 3 ],
    "faces": {
        "down":  { "uv": [ 13.5, 5.5, 2.5, 5 ], "texture": "#texture" },
        "up":    { "uv": [ 2.5, 5, 13.5, 5.5 ], "texture": "#texture" },
        "north": { "uv": [ 2.5, 2.5, 13.5, 3 ], "texture": "#texture" },
        "south": { "uv": [ 2.5, 2.5, 13.5, 3 ], "texture": "#texture" },
        "west":  { "uv": [ 5, 2.5, 5.5, 3 ], "texture": "#texture" },
        "east":  { "uv": [ 10.5, 2.5, 11, 3 ], "texture": "#texture" }
    }
},
{
    "__comment": "Parachute",
    "from": [ -3, 23, 4 ],
    "to": [ -1, 24, 13 ],
    "faces": {
        "down":  { "uv": [ 13.5, 10.5, 12.5, 6 ], "texture": "#texture" },
        "up":    { "uv": [ 2.5, 6, 3.5, 10.5 ], "texture": "#texture" },
        "north": { "uv": [ 12.5, 2, 13.5, 2.5 ], "texture": "#texture" },
        "south": { "uv": [ 2.5, 2, 3.5, 2.5 ], "texture": "#texture" },
        "west":  { "uv": [ 6, 2, 10.5, 2.5 ], "texture": "#texture" },
        "east":  { "uv": [ 5.5, 2, 10, 2.5 ], "texture": "#texture" }
    }
},
{
    "__comment": "Parachute",
    "from": [ -2, 22, 14 ],
    "to": [ 18, 23, 15 ],
    "faces": {
        "down":  { "uv": [ 13, 11.5, 3, 11 ], "texture": "#texture" },
        "up":    { "uv": [ 3, 11, 13, 11.5 ], "texture": "#texture" },
        "north": { "uv": [ 3, 2.5, 13, 3 ], "texture": "#texture" },
        "south": { "uv": [ 3, 2.5, 13, 3 ], "texture": "#texture" },
        "west":  { "uv": [ 11, 2.5, 11.5, 3 ], "texture": "#texture" },
        "east":  { "uv": [ 4.5, 2.5, 5, 3 ], "texture": "#texture" }
    }
},
{
    "__comment": "Parachute",
    "from": [ -1, 23, 5 ],
    "to": [ 19, 24, 12 ],
    "faces": {
        "down":  { "uv": [ 12.5, 10, 2.5, 6.5 ], "texture": "#texture" },
        "up":    { "uv": [ 3.5, 6.5, 13.5, 10 ], "texture": "#texture" },
        "north": { "uv": [ 2.5, 2, 12.5, 2.5 ], "texture": "#texture" },
        "south": { "uv": [ 3.5, 2, 13.5, 2.5 ], "texture": "#texture" },
        "east":  { "uv": [ 6, 2, 9.5, 2.5 ], "texture": "#texture" }
    }
},
{
    "__comment": "Parachute",
    "from": [ 0, 23, 3 ],
    "to": [ 16, 24, 5 ],
    "faces": {
        "down":  { "uv": [ 12, 6.5, 4, 5.5 ], "texture": "#texture" },
        "up":    { "uv": [ 4, 5.5, 12, 6.5 ], "texture": "#texture" },
        "north": { "uv": [ 4, 2, 12, 2.5 ], "texture": "#texture" },
        "west":  { "uv": [ 5.5, 2, 6.5, 2.5 ], "texture": "#texture" },
        "east":  { "uv": [ 9.5, 2, 10.5, 2.5 ], "texture": "#texture" }
    }
},
{
    "__comment": "Parachute",
    "from": [ 0, 23, 12 ],
    "to": [ 16, 24, 14 ],
    "faces": {
        "down":  { "uv": [ 12, 11, 4, 10 ], "texture": "#texture" },
        "up":    { "uv": [ 4, 10, 12, 11 ], "texture": "#texture" },
        "south": { "uv": [ 4, 2, 12, 2.5 ], "texture": "#texture" },
        "west":  { "uv": [ 10, 2, 11, 2.5 ], "texture": "#texture" },
        "east":  { "uv": [ 5, 2, 6, 2.5 ], "texture": "#texture" }
    }
},
{
    "__comment": "Parachute",
    "from": [ 1, 22, 1 ],
    "to": [ 15, 23, 2 ],
    "faces": {
        "down":  { "uv": [ 11.5, 5, 4.5, 4.5 ], "texture": "#texture" },
        "up":    { "uv": [ 4.5, 4.5, 11.5, 5 ], "texture": "#texture" },
        "north": { "uv": [ 4.5, 2.5, 11.5, 3 ], "texture": "#texture" },
        "west":  { "uv": [ 4.5, 2.5, 5, 3 ], "texture": "#texture" },
        "east":  { "uv": [ 11, 2.5, 11.5, 3 ], "texture": "#texture" }
    }
},
{
    "__comment": "Parachute",
    "from": [ 1, 23, 2 ],
    "to": [ 15, 24, 3 ],
    "faces": {
        "up":    { "uv": [ 4.5, 5, 11.5, 5.5 ], "texture": "#texture" },
        "north": { "uv": [ 4.5, 2, 11.5, 2.5 ], "texture": "#texture" },
        "west":  { "uv": [ 5, 2, 5.5, 2.5 ], "texture": "#texture" },
        "east":  { "uv": [ 10.5, 2, 11, 2.5 ], "texture": "#texture" }
    }
},
{
    "__comment": "Parachute",
    "from": [ 1, 24, 6 ],
    "to": [ 3, 25, 11 ],
    "faces": {
        "up":    { "uv": [ 4.5, 7, 5.5, 9.5 ], "texture": "#texture" },
        "north": { "uv": [ 10.5, 1.5, 11.5, 2 ], "texture": "#texture" },
        "south": { "uv": [ 4.5, 1.5, 5.5, 2 ], "texture": "#texture" },
        "west":  { "uv": [ 7, 1.5, 9.5, 2 ], "texture": "#texture" },
        "east":  { "uv": [ 6.5, 1.5, 9, 2 ], "texture": "#texture" }
    }
},
{
    "__comment": "Parachute",
    "from": [ 13, 24, 6 ],
    "to": [ 15, 25, 11 ],
    "faces": {
        "up":    { "uv": [ 10.5, 7, 11.5, 9.5 ], "texture": "#texture" },
        "north": { "uv": [ 4.5, 1.5, 5.5, 2 ], "texture": "#texture" },
        "south": { "uv": [ 10.5, 1.5, 11.5, 2 ], "texture": "#texture" },
        "west":  { "uv": [ 7, 1.5, 9.5, 2 ], "texture": "#texture" },
        "east":  { "uv": [ 6.5, 1.5, 9, 2 ], "texture": "#texture" }
    }
},
{
    "__comment": "Parachute",
    "from": [ 15, 22, 13 ],
    "to": [ 20, 23, 14 ],
    "faces": {
        "down":  { "uv": [ 4.5, 11, 2, 10.5 ], "texture": "#texture" },
        "up":    { "uv": [ 11.5, 10.5, 14, 11 ], "texture": "#texture" },
        "south": { "uv": [ 11.5, 2.5, 14, 3 ], "texture": "#texture" },
        "west":  { "uv": [ 10.5, 2.5, 11, 3 ], "texture": "#texture" },
        "east":  { "uv": [ 5, 2.5, 5.5, 3 ], "texture": "#texture" }
    }
},
{
    "__comment": "Parachute",
    "from": [ 15, 22, 12 ],
    "to": [ 20, 23, 13 ],
    "faces": {
        "down":  { "uv": [ 4.5, 10.5, 2, 10 ], "texture": "#texture" },
        "up":    { "uv": [ 11.5, 10, 14, 10.5 ], "texture": "#texture" },
        "north": { "uv": [ 2, 2.5, 4.5, 3 ], "texture": "#texture" },
        "west":  { "uv": [ 10, 2.5, 10.5, 3 ], "texture": "#texture" },
        "east":  { "uv": [ 5.5, 2.5, 6, 3 ], "texture": "#texture" }
    }
},
{
    "__comment": "Parachute",
    "from": [ 15, 22, 3 ],
    "to": [ 20, 23, 14 ],
    "faces": {
        "down":  { "uv": [ 4.5, 11, 2, 5.5 ], "texture": "#texture" },
        "up":    { "uv": [ 11.5, 5.5, 14, 11 ], "texture": "#texture" },
        "north": { "uv": [ 2, 2.5, 4.5, 3 ], "texture": "#texture" },
        "south": { "uv": [ 11.5, 2.5, 14, 3 ], "texture": "#texture" },
        "west":  { "uv": [ 5.5, 2.5, 11, 3 ], "texture": "#texture" },
        "east":  { "uv": [ 5, 2.5, 10.5, 3 ], "texture": "#texture" }
    }
},
{
    "__comment": "Parachute",
    "from": [ 17, 21, 2 ],
    "to": [ 22, 22, 3 ],
    "faces": {
        "down":  { "uv": [ 3.5, 5.5, 1, 5 ], "texture": "#texture" },
        "up":    { "uv": [ 12.5, 5, 15, 5.5 ], "texture": "#texture" },
        "north": { "uv": [ 1, 3, 3.5, 3.5 ], "texture": "#texture" },
        "south": { "uv": [ 12.5, 3, 15, 3.5 ], "texture": "#texture" },
        "west":  { "uv": [ 5, 3, 5.5, 3.5 ], "texture": "#texture" },
        "east":  { "uv": [ 10.5, 3, 11, 3.5 ], "texture": "#texture" }
    }
},
{
    "__comment": "Parachute",
    "from": [ 17, 23, 4 ],
    "to": [ 19, 24, 5 ],
    "faces": {
        "up":    { "uv": [ 12.5, 6, 13.5, 6.5 ], "texture": "#texture" },
        "north": { "uv": [ 2.5, 2, 3.5, 2.5 ], "texture": "#texture" },
        "west":  { "uv": [ 6, 2, 6.5, 2.5 ], "texture": "#texture" },
        "east":  { "uv": [ 9.5, 2, 10, 2.5 ], "texture": "#texture" }
    }
},
{
    "__comment": "Parachute",
    "from": [ 17, 23, 12 ],
    "to": [ 19, 24, 13 ],
    "faces": {
        "up":    { "uv": [ 12.5, 10, 13.5, 10.5 ], "texture": "#texture" },
        "south": { "uv": [ 12.5, 2, 13.5, 2.5 ], "texture": "#texture" },
        "west":  { "uv": [ 10, 2, 10.5, 2.5 ], "texture": "#texture" },
        "east":  { "uv": [ 5.5, 2, 6, 2.5 ], "texture": "#texture" }
    }
},
{
    "__comment": "Parachute",
    "from": [ 17, 21, 14 ],
    "to": [ 20, 22, 15 ],
    "faces": {
        "down":  { "uv": [ 3.5, 11.5, 2, 11 ], "texture": "#texture" },
        "up":    { "uv": [ 12.5, 11, 14, 11.5 ], "texture": "#texture" },
        "north": { "uv": [ 2, 3, 3.5, 3.5 ], "texture": "#texture" },
        "south": { "uv": [ 12.5, 3, 14, 3.5 ], "texture": "#texture" },
        "west":  { "uv": [ 11, 3, 11.5, 3.5 ], "texture": "#texture" },
        "east":  { "uv": [ 4.5, 3, 5, 3.5 ], "texture": "#texture" }
    }
},
{
    "__comment": "Parachute",
    "from": [ 19, 21, 3 ],
    "to": [ 23, 22, 4 ],
    "faces": {
        "down":  { "uv": [ 2.5, 6, 0.5, 5.5 ], "texture": "#texture" },
        "up":    { "uv": [ 13.5, 5.5, 15.5, 6 ], "texture": "#texture" },
        "north": { "uv": [ 0.5, 3, 2.5, 3.5 ], "texture": "#texture" },
        "west":  { "uv": [ 5.5, 3, 6, 3.5 ], "texture": "#texture" },
        "east":  { "uv": [ 10, 3, 10.5, 3.5 ], "texture": "#texture" }
    }
},
{
    "__comment": "Parachute",
    "from": [ 20, 22, 6 ],
    "to": [ 21, 23, 11 ],
    "faces": {
        "up":    { "uv": [ 14, 7, 14.5, 9.5 ], "texture": "#texture" },
        "north": { "uv": [ 1.5, 2.5, 2, 3 ], "texture": "#texture" },
        "south": { "uv": [ 14, 2.5, 14.5, 3 ], "texture": "#texture" },
        "east":  { "uv": [ 6.5, 2.5, 9, 3 ], "texture": "#texture" }
    }
},
{
    "__comment": "Parachute",
    "from": [ 19, 21, 13 ],
    "to": [ 23, 22, 14 ],
    "faces": {
        "down":  { "uv": [ 2.5, 11, 0.5, 10.5 ], "texture": "#texture" },
        "up":    { "uv": [ 13.5, 10.5, 15.5, 11 ], "texture": "#texture" },
        "south": { "uv": [ 13.5, 3, 15.5, 3.5 ], "texture": "#texture" },
        "west":  { "uv": [ 10.5, 3, 11, 3.5 ], "texture": "#texture" },
        "east":  { "uv": [ 5, 3, 5.5, 3.5 ], "texture": "#texture" }
    }
},
{
    "__comment": "Parachute",
    "from": [ 19, 21, 4 ],
    "to": [ 23, 22, 13 ],
    "faces": {
        "down":  { "uv": [ 2.5, 10.5, 0.5, 6 ], "texture": "#texture" },
        "up":    { "uv": [ 13.5, 6, 15.5, 10.5 ], "texture": "#texture" },
        "west":  { "uv": [ 6, 3, 10.5, 3.5 ], "texture": "#texture" },
        "east":  { "uv": [ 5.5, 3, 10, 3.5 ], "texture": "#texture" }
    }
},
{
    "__comment": "Parachute",
    "from": [ 21, 20, 2 ],
    "to": [ 23, 21, 3 ],
    "faces": {
        "down":  { "uv": [ 1.5, 5.5, 0.5, 5 ], "texture": "#texture" },
        "up":    { "uv": [ 14.5, 5, 15.5, 5.5 ], "texture": "#texture" },
        "north": { "uv": [ 0.5, 3.5, 1.5, 4 ], "texture": "#texture" },
        "south": { "uv": [ 14.5, 3.5, 15.5, 4 ], "texture": "#texture" },
        "west":  { "uv": [ 5, 3.5, 5.5, 4 ], "texture": "#texture" },
        "east":  { "uv": [ 10.5, 3.5, 11, 4 ], "texture": "#texture" }
    }
},
{
    "__comment": "Parachute",
    "from": [ 21, 20, 13 ],
    "to": [ 23, 21, 14 ],
    "faces": {
        "down":  { "uv": [ 1.5, 11, 0.5, 10.5 ], "texture": "#texture" },
        "north": { "uv": [ 0.5, 3.5, 1.5, 4 ], "texture": "#texture" },
        "south": { "uv": [ 14.5, 3.5, 15.5, 4 ], "texture": "#texture" },
        "west":  { "uv": [ 10.5, 3.5, 11, 4 ], "texture": "#texture" },
        "east":  { "uv": [ 5, 3.5, 5.5, 4 ], "texture": "#texture" }
    }
},
{
    "__comment": "Parachute",
    "from": [ 22, 20, 3 ],
    "to": [ 23, 21, 13 ],
    "faces": {
        "down":  { "uv": [ 1, 10.5, 0.5, 5.5 ], "texture": "#texture" },
        "up":    { "uv": [ 15, 5.5, 15.5, 10.5 ], "texture": "#texture" },
        "west":  { "uv": [ 5.5, 3.5, 10.5, 4 ], "texture": "#texture" }
    }
},
{
    "__comment": "Parachute",
    "from": [ 23, 19, 3 ],
    "to": [ 24, 21, 13 ],
    "faces": {
        "down":  { "uv": [ 0.5, 10.5, 0, 5.5 ], "texture": "#texture" },
        "up":    { "uv": [ 15.5, 5.5, 16, 10.5 ], "texture": "#texture" },
        "north": { "uv": [ 0, 3.5, 0.5, 4.5 ], "texture": "#texture" },
        "south": { "uv": [ 15.5, 3.5, 16, 4.5 ], "texture": "#texture" },
        "west":  { "uv": [ 5.5, 3.5, 10.5, 4.5 ], "texture": "#texture" },
        "east":  { "uv": [ 5.5, 3.5, 10.5, 4.5 ], "texture": "#texture" }
    }
},
{
    "__comment": "Parachute",
    "from": [ 23, 18, 5 ],
    "to": [ 24, 19, 11 ],
    "faces": {
        "down":  { "uv": [ 0.5, 9.5, 0, 6.5 ], "texture": "#texture" },
        "north": { "uv": [ 0, 4.5, 0.5, 5 ], "texture": "#texture" },
        "south": { "uv": [ 15.5, 4.5, 16, 5 ], "texture": "#texture" },
        "west":  { "uv": [ 6.5, 4.5, 9.5, 5 ], "texture": "#texture" },
        "east":  { "uv": [ 6.5, 4.5, 9.5, 5 ], "texture": "#texture" }
    }
},
{
    "__comment": "Parachute",
    "from": [ -7, 21, 3 ],
    "to": [ -3, 22, 14 ],
    "faces": {
        "down":  { "uv": [ 15.5, 11, 13.5, 5.5 ], "texture": "#texture" },
        "up":    { "uv": [ 0.5, 5.5, 2.5, 11 ], "texture": "#texture" },
        "north": { "uv": [ 13.5, 3, 15.5, 3.5 ], "texture": "#texture" },
        "south": { "uv": [ 0.5, 3, 2.5, 3.5 ], "texture": "#texture" },
        "west":  { "uv": [ 5.5, 3, 11, 3.5 ], "texture": "#texture" },
        "east":  { "uv": [ 5, 3, 10.5, 3.5 ], "texture": "#texture" }
    }
},
{
    "__comment": "Strings",
    "from": [ -1.6, 11, 12 ],
    "to": [ -1.1, 22, 12.5 ],
    "rotation": { "origin": [ -1.6, 22, 12 ], "axis": "x", "angle": 22.5 },
    "faces": {
        "down":  { "uv": [ 15, 16, 14.75, 16 ], "texture": "#strings" },
        "up":    { "uv": [ 1, 16, 1.25, 16 ], "texture": "#strings" },
        "north": { "uv": [ 14.75, 5, 15, 16 ], "texture": "#strings" },
        "south": { "uv": [ 1, 5, 1.25, 16 ], "texture": "#strings" },
        "west":  { "uv": [ 16, 5, 16, 16 ], "texture": "#strings" },
        "east":  { "uv": [ 0, 5, 0, 16 ], "texture": "#strings" }
    }
},
{
    "__comment": "Long String",
    "from": [ 23.64, -1.5, 7.75 ],
    "to": [ 24.14, 18.5, 8.25 ],
    "rotation": { "origin": [ 23.64, 18.5, 7.75 ], "axis": "z", "angle": -45 },
    "faces": {
        "down":  { "uv": [ 15, 16, 14.75, 16 ], "texture": "#strings" },
        "north": { "uv": [ 14.75, 5, 15, 16 ], "texture": "#strings" },
        "south": { "uv": [ 1, 5, 1.25, 16 ], "texture": "#strings" },
        "west":  { "uv": [ 16, 5, 16, 16 ], "texture": "#strings" },
        "east":  { "uv": [ 0, 5, 0, 16 ], "texture": "#strings" }
    }
},
{
    "__comment": "Strings",
    "from": [ 17, 10.8, 3.46 ],
    "to": [ 17.5, 22, 3.96 ],
    "rotation": { "origin": [ 17, 22, 3.46 ], "axis": "x", "angle": -22.5 },
    "faces": {
        "down":  { "uv": [ 15, 16, 14.75, 16 ], "texture": "#strings" },
        "up":    { "uv": [ 1, 16, 1.25, 16 ], "texture": "#strings" },
        "north": { "uv": [ 14.75, 5, 15, 16 ], "texture": "#strings" },
        "south": { "uv": [ 1, 5, 1.25, 16 ], "texture": "#strings" },
        "west":  { "uv": [ 16, 5, 16, 16 ], "texture": "#strings" },
        "east":  { "uv": [ 0, 5, 0, 16 ], "texture": "#strings" }
    }
},
{
    "__comment": "Strings",
    "from": [ 17, 11, 11.998 ],
    "to": [ 17.5, 22, 12.498 ],
    "rotation": { "origin": [ 17, 22, 11.998 ], "axis": "x", "angle": 22.5 },
    "faces": {
        "down":  { "uv": [ 15, 16, 14.75, 16 ], "texture": "#strings" },
        "up":    { "uv": [ 1, 16, 1.25, 16 ], "texture": "#strings" },
        "north": { "uv": [ 14.75, 5, 15, 16 ], "texture": "#strings" },
        "south": { "uv": [ 1, 5, 1.25, 16 ], "texture": "#strings" },
        "west":  { "uv": [ 16, 5, 16, 16 ], "texture": "#strings" },
        "east":  { "uv": [ 0, 5, 0, 16 ], "texture": "#strings" }
    }
},
{
    "__comment": "Long String",
    "from": [ -8, -1.74, 7.75 ],
    "to": [ -7.5, 18, 8.25 ],
    "rotation": { "origin": [ -8, 18, 7.75 ], "axis": "z", "angle": 45 },
    "faces": {
        "down":  { "uv": [ 15, 16, 14.75, 16 ], "texture": "#strings" },
        "north": { "uv": [ 14.75, 5, 15, 16 ], "texture": "#strings" },
        "south": { "uv": [ 1, 5, 1.25, 16 ], "texture": "#strings" },
        "west":  { "uv": [ 16, 5, 16, 16 ], "texture": "#strings" },
        "east":  { "uv": [ 0, 5, 0, 16 ], "texture": "#strings" }
    }
},
{
    "__comment": "Strings",
    "from": [ -1.6, 10.8, 3.46 ],
    "to": [ -1.1, 22, 3.96 ],
    "rotation": { "origin": [ -1.6, 22, 3.46 ], "axis": "x", "angle": -22.5 },
    "faces": {
        "down":  { "uv": [ 15, 16, 14.75, 16 ], "texture": "#strings" },
        "up":    { "uv": [ 1, 16, 1.25, 16 ], "texture": "#strings" },
        "north": { "uv": [ 14.75, 5, 15, 16 ], "texture": "#strings" },
        "south": { "uv": [ 1, 5, 1.25, 16 ], "texture": "#strings" },
        "west":  { "uv": [ 16, 5, 16, 16 ], "texture": "#strings" },
        "east":  { "uv": [ 0, 5, 0, 16 ], "texture": "#strings" }
    }
},
{
    "__comment": "Cross String",
    "from": [ 5.98, 4.016, 7.74 ],
    "to": [ 9.84, 4.536, 8.26 ],
    "faces": {
        "down":  { "uv": [ 9.01, 8.13, 7.08, 7.87 ], "texture": "#strings" },
        "up":    { "uv": [ 6.99, 7.87, 8.92, 8.13 ], "texture": "#strings" },
        "north": { "uv": [ 7.08, 11.732, 9.01, 11.992 ], "texture": "#strings" },
        "south": { "uv": [ 6.99, 11.732, 8.92, 11.992 ], "texture": "#strings" },
        "west":  { "uv": [ 7.87, 11.732, 8.13, 11.992 ], "texture": "#strings" },
        "east":  { "uv": [ 7.87, 11.732, 8.13, 11.992 ], "texture": "#strings" }
    }
},
{
    "from": [ 5, 0, 5 ],
    "to": [ 11, 6, 11 ],
    "faces": {
        "down":  { "uv": [ 0, 0, 16, 16 ], "texture": "#drop" },
        "up":    { "uv": [ 0, 0, 16, 16 ], "texture": "#drop" },
        "north": { "uv": [ 0, 0, 16, 16 ], "texture": "#drop" },
        "south": { "uv": [ 0, 0, 16, 16 ], "texture": "#drop" },
        "west":  { "uv": [ 0, 0, 16, 16 ], "texture": "#drop" },
        "east":  { "uv": [ 0, 0, 16, 16 ], "texture": "#drop" }
    }
}
],
"display": {
    "thirdperson_righthand": {
        "rotation": [ 0, 0, 0 ],
        "translation": [ 0, 1.12, 1.13 ],
        "scale": [ 0.3, 0.3, 0.3 ]
    },
    "head": {
        "rotation": [ 0, 0, 0 ],
        "translation": [ 0, -13, 0 ],
        "scale": [ 3, 3, 3 ]
    },
    "ground": {
        "rotation": [ 0, 0, 0 ],
        "translation": [ 0, 1.5, 0 ],
        "scale": [ 0.3, 0.3, 0.3 ]
    },
    "fixed": {
        "rotation": [ 0, 0, 0 ],
        "translation": [ 0, -1.7, 0 ],
        "scale": [ 0.5, 0.5, 0.5 ]
    },
    "firstperson_righthand": {
        "rotation": [ 0, 0, 0 ],
        "translation": [ 1.32, 1.51, 0 ],
        "scale": [ 0.3, 0.3, 0.3 ]
    },
    "gui": {
        "rotation": [ 30, 45, 0 ],
        "translation": [ 0, -2.65, 0 ],
        "scale": [ 0.5, 0.5, 0.5 ]
    }
}
}