{
	"__comment": "Разработано специально для Hard-Days.SU  ::  If you steal our models - you PIDOR!",
"textures": {
    "particle": "blocks/wool_colored_white",
    "texture": "blocks/wool_colored_lime",
    "wool_colored_orange": "blocks/wool_colored_orange",
    "wool_colored_yellow": "blocks/wool_colored_yellow",
    "cactus_bottom": "blocks/cactus_bottom"
},
"elements": [ 
{
    "__comment": "Molotov",
    "from": [ 5.5, 9.5, 6.5 ],
    "to": [ 9, 10, 9 ],
    "faces": {
        "down":  { "uv": [ 10.5, 9, 7, 6.5 ], "texture": "#texture" },
        "up":    { "uv": [ 5.5, 6.5, 9, 9 ], "texture": "#texture" },
        "north": { "uv": [ 7, 6, 10.5, 6.5 ], "texture": "#texture" },
        "south": { "uv": [ 5.5, 6, 9, 6.5 ], "texture": "#texture" },
        "west":  { "uv": [ 6.5, 6, 9, 6.5 ], "texture": "#texture" },
        "east":  { "uv": [ 7, 6, 9.5, 6.5 ], "texture": "#texture" }
    }
},
{
    "__comment": "Molotov",
    "from": [ 6, 10, 7 ],
    "to": [ 9, 10.5, 9 ],
    "faces": {
        "down":  { "uv": [ 10, 9, 7, 7 ], "texture": "#texture" },
        "up":    { "uv": [ 6, 7, 9, 9 ], "texture": "#texture" },
        "north": { "uv": [ 7, 5.5, 10, 6 ], "texture": "#texture" },
        "south": { "uv": [ 6, 5.5, 9, 6 ], "texture": "#texture" },
        "west":  { "uv": [ 7, 5.5, 9, 6 ], "texture": "#texture" },
        "east":  { "uv": [ 7, 5.5, 9, 6 ], "texture": "#texture" }
    }
},
{
    "__comment": "Molotov",
    "from": [ 6, 10.5, 7.5 ],
    "to": [ 8.5, 11, 8.5 ],
    "faces": {
        "down":  { "uv": [ 10, 8.5, 7.5, 7.5 ], "texture": "#texture" },
        "up":    { "uv": [ 6, 7.5, 8.5, 8.5 ], "texture": "#texture" },
        "north": { "uv": [ 7.5, 5, 10, 5.5 ], "texture": "#texture" },
        "south": { "uv": [ 6, 5, 8.5, 5.5 ], "texture": "#texture" },
        "west":  { "uv": [ 7.5, 5, 8.5, 5.5 ], "texture": "#texture" },
        "east":  { "uv": [ 7.5, 5, 8.5, 5.5 ], "texture": "#texture" }
    }
},
{
    "__comment": "Molotov",
    "from": [ 6, 9.5, 9 ],
    "to": [ 9, 10, 9.5 ],
    "faces": {
        "down":  { "uv": [ 10, 9.5, 7, 9 ], "texture": "#texture" },
        "up":    { "uv": [ 6, 9, 9, 9.5 ], "texture": "#texture" },
        "north": { "uv": [ 7, 6, 10, 6.5 ], "texture": "#texture" },
        "south": { "uv": [ 6, 6, 9, 6.5 ], "texture": "#texture" },
        "west":  { "uv": [ 9, 6, 9.5, 6.5 ], "texture": "#texture" },
        "east":  { "uv": [ 6.5, 6, 7, 6.5 ], "texture": "#texture" }
    }
},
{
    "__comment": "Molotov",
    "from": [ 6.5, 9.5, 6 ],
    "to": [ 8.5, 10, 6.5 ],
    "faces": {
        "down":  { "uv": [ 9.5, 6.5, 7.5, 6 ], "texture": "#texture" },
        "up":    { "uv": [ 6.5, 6, 8.5, 6.5 ], "texture": "#texture" },
        "north": { "uv": [ 7.5, 6, 9.5, 6.5 ], "texture": "#texture" },
        "south": { "uv": [ 6.5, 6, 8.5, 6.5 ], "texture": "#texture" },
        "west":  { "uv": [ 6, 6, 6.5, 6.5 ], "texture": "#texture" },
        "east":  { "uv": [ 9.5, 6, 10, 6.5 ], "texture": "#texture" }
    }
},
{
    "__comment": "Molotov",
    "from": [ 6.5, 10, 6.5 ],
    "to": [ 8.5, 10.5, 7 ],
    "faces": {
        "down":  { "uv": [ 9.5, 7, 7.5, 6.5 ], "texture": "#texture" },
        "up":    { "uv": [ 6.5, 6.5, 8.5, 7 ], "texture": "#texture" },
        "north": { "uv": [ 7.5, 5.5, 9.5, 6 ], "texture": "#texture" },
        "south": { "uv": [ 6.5, 5.5, 8.5, 6 ], "texture": "#texture" },
        "west":  { "uv": [ 6.5, 5.5, 7, 6 ], "texture": "#texture" },
        "east":  { "uv": [ 9, 5.5, 9.5, 6 ], "texture": "#texture" }
    }
},
{
    "__comment": "Molotov",
    "from": [ 6.5, 10.5, 7 ],
    "to": [ 8, 13, 7.5 ],
    "faces": {
        "down":  { "uv": [ 9.5, 7.5, 8, 7 ], "texture": "#texture" },
        "up":    { "uv": [ 6.5, 7, 8, 7.5 ], "texture": "#texture" },
        "north": { "uv": [ 8, 3, 9.5, 5.5 ], "texture": "#texture" },
        "south": { "uv": [ 6.5, 3, 8, 5.5 ], "texture": "#texture" },
        "west":  { "uv": [ 7, 3, 7.5, 5.5 ], "texture": "#texture" },
        "east":  { "uv": [ 8.5, 3, 9, 5.5 ], "texture": "#texture" }
    }
},
{
    "__comment": "Molotov",
    "from": [ 6.5, 11, 7.5 ],
    "to": [ 8, 13, 9 ],
    "faces": {
        "down":  { "uv": [ 9.5, 9, 8, 7.5 ], "texture": "#texture" },
        "up":    { "uv": [ 6.5, 7.5, 8, 9 ], "texture": "#texture" },
        "north": { "uv": [ 8, 3, 9.5, 5 ], "texture": "#texture" },
        "south": { "uv": [ 6.5, 3, 8, 5 ], "texture": "#texture" },
        "west":  { "uv": [ 7.5, 3, 9, 5 ], "texture": "#texture" },
        "east":  { "uv": [ 7, 3, 8.5, 5 ], "texture": "#texture" }
    }
},
{
    "__comment": "Molotov",
    "from": [ 6.5, 13, 7.5 ],
    "to": [ 8.5, 15, 8.5 ],
    "faces": {
        "down":  { "uv": [ 9.5, 8.5, 7.5, 7.5 ], "texture": "#texture" },
        "up":    { "uv": [ 6.5, 7.5, 8.5, 8.5 ], "texture": "#texture" },
        "north": { "uv": [ 7.5, 1, 9.5, 3 ], "texture": "#texture" },
        "south": { "uv": [ 6.5, 1, 8.5, 3 ], "texture": "#texture" },
        "west":  { "uv": [ 7.5, 1, 8.5, 3 ], "texture": "#texture" },
        "east":  { "uv": [ 7.5, 1, 8.5, 3 ], "texture": "#texture" }
    }
},
{
    "__comment": "Molotov",
    "from": [ 6.5, 10.5, 8.5 ],
    "to": [ 8.5, 11, 9 ],
    "faces": {
        "down":  { "uv": [ 9.5, 9, 7.5, 8.5 ], "texture": "#texture" },
        "up":    { "uv": [ 6.5, 8.5, 8.5, 9 ], "texture": "#texture" },
        "north": { "uv": [ 7.5, 5, 9.5, 5.5 ], "texture": "#texture" },
        "south": { "uv": [ 6.5, 5, 8.5, 5.5 ], "texture": "#texture" },
        "west":  { "uv": [ 8.5, 5, 9, 5.5 ], "texture": "#texture" },
        "east":  { "uv": [ 7, 5, 7.5, 5.5 ], "texture": "#texture" }
    }
},
{
    "__comment": "Molotov",
    "from": [ 6.5, 10, 9 ],
    "to": [ 8.5, 10.5, 9.5 ],
    "faces": {
        "down":  { "uv": [ 9.5, 9.5, 7.5, 9 ], "texture": "#texture" },
        "up":    { "uv": [ 6.5, 9, 8.5, 9.5 ], "texture": "#texture" },
        "north": { "uv": [ 7.5, 5.5, 9.5, 6 ], "texture": "#texture" },
        "south": { "uv": [ 6.5, 5.5, 8.5, 6 ], "texture": "#texture" },
        "west":  { "uv": [ 9, 5.5, 9.5, 6 ], "texture": "#texture" },
        "east":  { "uv": [ 6.5, 5.5, 7, 6 ], "texture": "#texture" }
    }
},
{
    "__comment": "Molotov",
    "from": [ 6.5, 9.5, 9.5 ],
    "to": [ 8.5, 10, 10 ],
    "faces": {
        "down":  { "uv": [ 9.5, 10, 7.5, 9.5 ], "texture": "#texture" },
        "up":    { "uv": [ 6.5, 9.5, 8.5, 10 ], "texture": "#texture" },
        "north": { "uv": [ 7.5, 6, 9.5, 6.5 ], "texture": "#texture" },
        "south": { "uv": [ 6.5, 6, 8.5, 6.5 ], "texture": "#texture" },
        "west":  { "uv": [ 9.5, 6, 10, 6.5 ], "texture": "#texture" },
        "east":  { "uv": [ 6, 6, 6.5, 6.5 ], "texture": "#texture" }
    }
},
{
    "__comment": "Molotov",
    "from": [ 7, 13, 7 ],
    "to": [ 8, 15, 7.5 ],
    "faces": {
        "down":  { "uv": [ 9, 7.5, 8, 7 ], "texture": "#texture" },
        "up":    { "uv": [ 7, 7, 8, 7.5 ], "texture": "#texture" },
        "north": { "uv": [ 8, 1, 9, 3 ], "texture": "#texture" },
        "south": { "uv": [ 7, 1, 8, 3 ], "texture": "#texture" },
        "west":  { "uv": [ 7, 1, 7.5, 3 ], "texture": "#texture" },
        "east":  { "uv": [ 8.5, 1, 9, 3 ], "texture": "#texture" }
    }
},
{
    "__comment": "Molotov",
    "from": [ 7, 15, 7.5 ],
    "to": [ 9, 16, 8.5 ],
    "faces": {
        "down":  { "uv": [ 9, 8.5, 7, 7.5 ], "texture": "#particle" },
        "up":    { "uv": [ 7, 7.5, 9, 8.5 ], "texture": "#particle" },
        "north": { "uv": [ 7, 0, 9, 1 ], "texture": "#particle" },
        "south": { "uv": [ 7, 0, 9, 1 ], "texture": "#particle" },
        "west":  { "uv": [ 7.5, 0, 8.5, 1 ], "texture": "#particle" },
        "east":  { "uv": [ 7.5, 0, 8.5, 1 ], "texture": "#particle" }
    }
},
{
    "__comment": "Molotov",
    "from": [ 7, 13, 8.5 ],
    "to": [ 8, 15, 9 ],
    "faces": {
        "down":  { "uv": [ 9, 9, 8, 8.5 ], "texture": "#texture" },
        "up":    { "uv": [ 7, 8.5, 8, 9 ], "texture": "#texture" },
        "north": { "uv": [ 8, 1, 9, 3 ], "texture": "#texture" },
        "south": { "uv": [ 7, 1, 8, 3 ], "texture": "#texture" },
        "west":  { "uv": [ 8.5, 1, 9, 3 ], "texture": "#texture" },
        "east":  { "uv": [ 7, 1, 7.5, 3 ], "texture": "#texture" }
    }
},
{
    "__comment": "Molotov",
    "from": [ 8, 10.5, 7 ],
    "to": [ 8.5, 12.5, 7.5 ],
    "faces": {
        "down":  { "uv": [ 8, 7.5, 7.5, 7 ], "texture": "#texture" },
        "up":    { "uv": [ 8, 7, 8.5, 7.5 ], "texture": "#texture" },
        "north": { "uv": [ 7.5, 3.5, 8, 5.5 ], "texture": "#texture" },
        "south": { "uv": [ 8, 3.5, 8.5, 5.5 ], "texture": "#texture" },
        "west":  { "uv": [ 7, 3.5, 7.5, 5.5 ], "texture": "#texture" },
        "east":  { "uv": [ 8.5, 3.5, 9, 5.5 ], "texture": "#texture" }
    }
},
{
    "__comment": "Molotov",
    "from": [ 8, 15, 7 ],
    "to": [ 9, 16, 7.5 ],
    "faces": {
        "down":  { "uv": [ 8, 7.5, 7, 7 ], "texture": "#particle" },
        "up":    { "uv": [ 8, 7, 9, 7.5 ], "texture": "#particle" },
        "north": { "uv": [ 7, 0, 8, 1 ], "texture": "#particle" },
        "south": { "uv": [ 8, 0, 9, 1 ], "texture": "#particle" },
        "west":  { "uv": [ 7, 0, 7.5, 1 ], "texture": "#particle" },
        "east":  { "uv": [ 8.5, 0, 9, 1 ], "texture": "#particle" }
    }
},
{
    "__comment": "Molotov",
    "from": [ 8, 11, 7.5 ],
    "to": [ 8.5, 12.5, 9 ],
    "faces": {
        "down":  { "uv": [ 8, 9, 7.5, 7.5 ], "texture": "#texture" },
        "up":    { "uv": [ 8, 7.5, 8.5, 9 ], "texture": "#texture" },
        "north": { "uv": [ 7.5, 3.5, 8, 5 ], "texture": "#texture" },
        "south": { "uv": [ 8, 3.5, 8.5, 5 ], "texture": "#texture" },
        "west":  { "uv": [ 7.5, 3.5, 9, 5 ], "texture": "#texture" },
        "east":  { "uv": [ 7, 3.5, 8.5, 5 ], "texture": "#texture" }
    }
},
{
    "__comment": "Molotov",
    "from": [ 8, 12.5, 7.5 ],
    "to": [ 8.5, 13, 8.5 ],
    "faces": {
        "down":  { "uv": [ 8, 8.5, 7.5, 7.5 ], "texture": "#texture" },
        "up":    { "uv": [ 8, 7.5, 8.5, 8.5 ], "texture": "#texture" },
        "north": { "uv": [ 7.5, 3, 8, 3.5 ], "texture": "#texture" },
        "south": { "uv": [ 8, 3, 8.5, 3.5 ], "texture": "#texture" },
        "west":  { "uv": [ 7.5, 3, 8.5, 3.5 ], "texture": "#texture" },
        "east":  { "uv": [ 7.5, 3, 8.5, 3.5 ], "texture": "#texture" }
    }
},
{
    "__comment": "Molotov",
    "from": [ 8.5, 14.5, 7 ],
    "to": [ 9.5, 15, 8.5 ],
    "faces": {
        "down":  { "uv": [ 7.5, 8.5, 6.5, 7 ], "texture": "#particle" },
        "up":    { "uv": [ 8.5, 7, 9.5, 8.5 ], "texture": "#particle" },
        "north": { "uv": [ 6.5, 1, 7.5, 1.5 ], "texture": "#particle" },
        "south": { "uv": [ 8.5, 1, 9.5, 1.5 ], "texture": "#particle" },
        "west":  { "uv": [ 7, 1, 8.5, 1.5 ], "texture": "#particle" },
        "east":  { "uv": [ 7.5, 1, 9, 1.5 ], "texture": "#particle" }
    }
},
{
    "__comment": "Molotov",
    "from": [ 8.5, 13.5, 7.5 ],
    "to": [ 10, 14.5, 8.5 ],
    "faces": {
        "down":  { "uv": [ 7.5, 8.5, 6, 7.5 ], "texture": "#particle" },
        "up":    { "uv": [ 8.5, 7.5, 10, 8.5 ], "texture": "#particle" },
        "north": { "uv": [ 6, 1.5, 7.5, 2.5 ], "texture": "#particle" },
        "south": { "uv": [ 8.5, 1.5, 10, 2.5 ], "texture": "#particle" },
        "west":  { "uv": [ 7.5, 1.5, 8.5, 2.5 ], "texture": "#particle" },
        "east":  { "uv": [ 7.5, 1.5, 8.5, 2.5 ], "texture": "#particle" }
    }
},
{
    "__comment": "Molotov",
    "from": [ 8.5, 13, 8 ],
    "to": [ 10, 13.5, 8.5 ],
    "faces": {
        "down":  { "uv": [ 7.5, 8.5, 6, 8 ], "texture": "#particle" },
        "up":    { "uv": [ 8.5, 8, 10, 8.5 ], "texture": "#particle" },
        "north": { "uv": [ 6, 2.5, 7.5, 3 ], "texture": "#particle" },
        "south": { "uv": [ 8.5, 2.5, 10, 3 ], "texture": "#particle" },
        "west":  { "uv": [ 8, 2.5, 8.5, 3 ], "texture": "#particle" },
        "east":  { "uv": [ 7.5, 2.5, 8, 3 ], "texture": "#particle" }
    }
},
{
    "__comment": "Molotov",
    "from": [ 9, 0, 7 ],
    "to": [ 9.5, 0.5, 9.5 ],
    "faces": {
        "down":  { "uv": [ 7, 9.5, 6.5, 7 ], "texture": "#texture" },
        "up":    { "uv": [ 9, 7, 9.5, 9.5 ], "texture": "#texture" },
        "north": { "uv": [ 6.5, 15.5, 7, 16 ], "texture": "#texture" },
        "south": { "uv": [ 9, 15.5, 9.5, 16 ], "texture": "#texture" },
        "west":  { "uv": [ 7, 15.5, 9.5, 16 ], "texture": "#texture" },
        "east":  { "uv": [ 6.5, 15.5, 9, 16 ], "texture": "#texture" }
    }
},
{
    "__comment": "Molotov",
    "from": [ 9, 9, 7 ],
    "to": [ 9.5, 9.5, 9.5 ],
    "faces": {
        "down":  { "uv": [ 7, 9.5, 6.5, 7 ], "texture": "#texture" },
        "up":    { "uv": [ 9, 7, 9.5, 9.5 ], "texture": "#texture" },
        "north": { "uv": [ 6.5, 6.5, 7, 7 ], "texture": "#texture" },
        "south": { "uv": [ 9, 6.5, 9.5, 7 ], "texture": "#texture" },
        "west":  { "uv": [ 7, 6.5, 9.5, 7 ], "texture": "#texture" },
        "east":  { "uv": [ 6.5, 6.5, 9, 7 ], "texture": "#texture" }
    }
},
{
    "__comment": "Molotov",
    "from": [ 9, 9.5, 7 ],
    "to": [ 9.5, 10, 9 ],
    "faces": {
        "down":  { "uv": [ 7, 9, 6.5, 7 ], "texture": "#texture" },
        "up":    { "uv": [ 9, 7, 9.5, 9 ], "texture": "#texture" },
        "north": { "uv": [ 6.5, 6, 7, 6.5 ], "texture": "#texture" },
        "south": { "uv": [ 9, 6, 9.5, 6.5 ], "texture": "#texture" },
        "west":  { "uv": [ 7, 6, 9, 6.5 ], "texture": "#texture" },
        "east":  { "uv": [ 7, 6, 9, 6.5 ], "texture": "#texture" }
    }
},
{
    "__comment": "Molotov",
    "from": [ 9, 13.5, 7 ],
    "to": [ 10, 14.5, 7.5 ],
    "faces": {
        "down":  { "uv": [ 7, 7.5, 6, 7 ], "texture": "#particle" },
        "up":    { "uv": [ 9, 7, 10, 7.5 ], "texture": "#particle" },
        "north": { "uv": [ 6, 1.5, 7, 2.5 ], "texture": "#particle" },
        "south": { "uv": [ 9, 1.5, 10, 2.5 ], "texture": "#particle" },
        "west":  { "uv": [ 7, 1.5, 7.5, 2.5 ], "texture": "#particle" },
        "east":  { "uv": [ 8.5, 1.5, 9, 2.5 ], "texture": "#particle" }
    }
},
{
    "__comment": "Molotov",
    "from": [ 9, 15, 7 ],
    "to": [ 9.5, 15.5, 8.5 ],
    "faces": {
        "down":  { "uv": [ 7, 8.5, 6.5, 7 ], "texture": "#particle" },
        "up":    { "uv": [ 9, 7, 9.5, 8.5 ], "texture": "#particle" },
        "north": { "uv": [ 6.5, 0.5, 7, 1 ], "texture": "#particle" },
        "south": { "uv": [ 9, 0.5, 9.5, 1 ], "texture": "#particle" },
        "west":  { "uv": [ 7, 0.5, 8.5, 1 ], "texture": "#particle" },
        "east":  { "uv": [ 7.5, 0.5, 9, 1 ], "texture": "#particle" }
    }
},
{
    "__comment": "Molotov",
    "from": [ 9, 10, 7.5 ],
    "to": [ 9.5, 13, 8.5 ],
    "faces": {
        "down":  { "uv": [ 7, 8.5, 6.5, 7.5 ], "texture": "#wool_colored_orange" },
        "up":    { "uv": [ 9, 7.5, 9.5, 8.5 ], "texture": "#wool_colored_orange" },
        "north": { "uv": [ 6.5, 3, 7, 6 ], "texture": "#wool_colored_orange" },
        "south": { "uv": [ 9, 3, 9.5, 6 ], "texture": "#wool_colored_orange" },
        "west":  { "uv": [ 7.5, 3, 8.5, 6 ], "texture": "#wool_colored_orange" },
        "east":  { "uv": [ 7.5, 3, 8.5, 6 ], "texture": "#wool_colored_orange" }
    }
},
{
    "__comment": "Molotov",
    "from": [ 9, 13, 7.5 ],
    "to": [ 10, 13.5, 8 ],
    "faces": {
        "down":  { "uv": [ 7, 8, 6, 7.5 ], "texture": "#wool_colored_orange" },
        "up":    { "uv": [ 9, 7.5, 10, 8 ], "texture": "#wool_colored_orange" },
        "north": { "uv": [ 6, 2.5, 7, 3 ], "texture": "#wool_colored_orange" },
        "south": { "uv": [ 9, 2.5, 10, 3 ], "texture": "#wool_colored_orange" },
        "west":  { "uv": [ 7.5, 2.5, 8, 3 ], "texture": "#wool_colored_orange" },
        "east":  { "uv": [ 8, 2.5, 8.5, 3 ], "texture": "#wool_colored_orange" }
    }
},
{
    "__comment": "Molotov",
    "from": [ 9.5, 13, 7 ],
    "to": [ 10, 13.5, 7.5 ],
    "faces": {
        "down":  { "uv": [ 6.5, 7.5, 6, 7 ], "texture": "#particle" },
        "up":    { "uv": [ 9.5, 7, 10, 7.5 ], "texture": "#particle" },
        "north": { "uv": [ 6, 2.5, 6.5, 3 ], "texture": "#particle" },
        "south": { "uv": [ 9.5, 2.5, 10, 3 ], "texture": "#particle" },
        "west":  { "uv": [ 7, 2.5, 7.5, 3 ], "texture": "#particle" },
        "east":  { "uv": [ 8.5, 2.5, 9, 3 ], "texture": "#particle" }
    }
},
{
    "__comment": "Molotov",
    "from": [ 9.5, 14.5, 7 ],
    "to": [ 10, 15, 7.5 ],
    "faces": {
        "down":  { "uv": [ 6.5, 7.5, 6, 7 ], "texture": "#particle" },
        "up":    { "uv": [ 9.5, 7, 10, 7.5 ], "texture": "#particle" },
        "north": { "uv": [ 6, 1, 6.5, 1.5 ], "texture": "#particle" },
        "south": { "uv": [ 9.5, 1, 10, 1.5 ], "texture": "#particle" },
        "west":  { "uv": [ 7, 1, 7.5, 1.5 ], "texture": "#particle" },
        "east":  { "uv": [ 8.5, 1, 9, 1.5 ], "texture": "#particle" }
    }
},
{
    "__comment": "Molotov",
    "from": [ 9.5, 11, 7.5 ],
    "to": [ 10, 13, 8.5 ],
    "faces": {
        "down":  { "uv": [ 6.5, 8.5, 6, 7.5 ], "texture": "#wool_colored_yellow" },
        "up":    { "uv": [ 9.5, 7.5, 10, 8.5 ], "texture": "#wool_colored_yellow" },
        "north": { "uv": [ 6, 3, 6.5, 5 ], "texture": "#wool_colored_yellow" },
        "south": { "uv": [ 9.5, 3, 10, 5 ], "texture": "#wool_colored_yellow" },
        "west":  { "uv": [ 7.5, 3, 8.5, 5 ], "texture": "#wool_colored_yellow" },
        "east":  { "uv": [ 7.5, 3, 8.5, 5 ], "texture": "#wool_colored_yellow" }
    }
},
{
    "__comment": "Molotov",
    "from": [ 9.5, 9.5, 8 ],
    "to": [ 10, 10, 8.5 ],
    "faces": {
        "down":  { "uv": [ 6.5, 8.5, 6, 8 ], "texture": "#wool_colored_yellow" },
        "up":    { "uv": [ 9.5, 8, 10, 8.5 ], "texture": "#wool_colored_yellow" },
        "north": { "uv": [ 6, 6, 6.5, 6.5 ], "texture": "#wool_colored_yellow" },
        "south": { "uv": [ 9.5, 6, 10, 6.5 ], "texture": "#wool_colored_yellow" },
        "west":  { "uv": [ 8, 6, 8.5, 6.5 ], "texture": "#wool_colored_yellow" },
        "east":  { "uv": [ 7.5, 6, 8, 6.5 ], "texture": "#wool_colored_yellow" }
    }
},
{
    "__comment": "Molotov",
    "from": [ 10, 10, 7 ],
    "to": [ 10.5, 12, 7.5 ],
    "faces": {
        "down":  { "uv": [ 6, 7.5, 5.5, 7 ], "texture": "#wool_colored_orange" },
        "up":    { "uv": [ 10, 7, 10.5, 7.5 ], "texture": "#wool_colored_orange" },
        "north": { "uv": [ 5.5, 4, 6, 6 ], "texture": "#wool_colored_orange" },
        "south": { "uv": [ 10, 4, 10.5, 6 ], "texture": "#wool_colored_orange" },
        "west":  { "uv": [ 7, 4, 7.5, 6 ], "texture": "#wool_colored_orange" },
        "east":  { "uv": [ 8.5, 4, 9, 6 ], "texture": "#wool_colored_orange" }
    }
},
{
    "__comment": "Molotov",
    "from": [ 10, 10.5, 8 ],
    "to": [ 10.5, 13, 8.5 ],
    "faces": {
        "down":  { "uv": [ 6, 8.5, 5.5, 8 ], "texture": "#wool_colored_orange" },
        "up":    { "uv": [ 10, 8, 10.5, 8.5 ], "texture": "#wool_colored_orange" },
        "north": { "uv": [ 5.5, 3, 6, 5.5 ], "texture": "#wool_colored_orange" },
        "south": { "uv": [ 10, 3, 10.5, 5.5 ], "texture": "#wool_colored_orange" },
        "west":  { "uv": [ 8, 3, 8.5, 5.5 ], "texture": "#wool_colored_orange" },
        "east":  { "uv": [ 7.5, 3, 8, 5.5 ], "texture": "#wool_colored_orange" }
    }
},
{
    "__comment": "Molotov*",
    "from": [ 6, 0, 6 ],
    "to": [ 9, 2, 6.5 ],
    "faces": {
        "down":  { "uv": [ 10, 6.5, 7, 6 ], "texture": "#texture" },
        "up":    { "uv": [ 6, 6, 9, 6.5 ], "texture": "#texture" },
        "north": { "uv": [ 7, 14, 10, 16 ], "texture": "#texture" },
        "south": { "uv": [ 6, 14, 9, 16 ], "texture": "#texture" },
        "west":  { "uv": [ 6, 14, 6.5, 16 ], "texture": "#texture" },
        "east":  { "uv": [ 9.5, 14, 10, 16 ], "texture": "#texture" }
    }
},
{
    "__comment": "Molotov*",
    "from": [ 6, 2, 6 ],
    "to": [ 9, 5, 6.5 ],
    "faces": {
        "down":  { "uv": [ 10, 6.5, 7, 6 ], "texture": "#cactus_bottom" },
        "up":    { "uv": [ 6, 6, 9, 6.5 ], "texture": "#cactus_bottom" },
        "north": { "uv": [ 7, 11, 10, 14 ], "texture": "#cactus_bottom" },
        "south": { "uv": [ 6, 11, 9, 14 ], "texture": "#cactus_bottom" },
        "west":  { "uv": [ 6, 11, 6.5, 14 ], "texture": "#cactus_bottom" },
        "east":  { "uv": [ 9.5, 11, 10, 14 ], "texture": "#cactus_bottom" }
    }
},
{
    "__comment": "Molotov*",
    "from": [ 6, 5, 6 ],
    "to": [ 9, 9.5, 6.5 ],
    "faces": {
        "down":  { "uv": [ 10, 6.5, 7, 6 ], "texture": "#texture" },
        "up":    { "uv": [ 6, 6, 9, 6.5 ], "texture": "#texture" },
        "north": { "uv": [ 7, 6.5, 10, 11 ], "texture": "#texture" },
        "south": { "uv": [ 6, 6.5, 9, 11 ], "texture": "#texture" },
        "west":  { "uv": [ 6, 6.5, 6.5, 11 ], "texture": "#texture" },
        "east":  { "uv": [ 9.5, 6.5, 10, 11 ], "texture": "#texture" }
    }
},
{
    "__comment": "Molotov*",
    "from": [ 9, 0.5, 6.5 ],
    "to": [ 9.5, 2, 9.5 ],
    "faces": {
        "down":  { "uv": [ 7, 9.5, 6.5, 6.5 ], "texture": "#texture" },
        "up":    { "uv": [ 9, 6.5, 9.5, 9.5 ], "texture": "#texture" },
        "north": { "uv": [ 6.5, 14, 7, 15.5 ], "texture": "#texture" },
        "south": { "uv": [ 9, 14, 9.5, 15.5 ], "texture": "#texture" },
        "west":  { "uv": [ 6.5, 14, 9.5, 15.5 ], "texture": "#texture" },
        "east":  { "uv": [ 6.5, 14, 9.5, 15.5 ], "texture": "#texture" }
    }
},
{
    "__comment": "Molotov*",
    "from": [ 9, 2, 6.5 ],
    "to": [ 9.5, 5, 9.5 ],
    "faces": {
        "down":  { "uv": [ 7, 9.5, 6.5, 6.5 ], "texture": "#cactus_bottom" },
        "up":    { "uv": [ 9, 6.5, 9.5, 9.5 ], "texture": "#cactus_bottom" },
        "north": { "uv": [ 6.5, 11, 7, 14 ], "texture": "#cactus_bottom" },
        "south": { "uv": [ 9, 11, 9.5, 14 ], "texture": "#cactus_bottom" },
        "west":  { "uv": [ 6.5, 11, 9.5, 14 ], "texture": "#cactus_bottom" },
        "east":  { "uv": [ 6.5, 11, 9.5, 14 ], "texture": "#cactus_bottom" }
    }
},
{
    "__comment": "Molotov*",
    "from": [ 9, 5, 6.5 ],
    "to": [ 9.5, 9, 9.5 ],
    "faces": {
        "down":  { "uv": [ 7, 9.5, 6.5, 6.5 ], "texture": "#texture" },
        "up":    { "uv": [ 9, 6.5, 9.5, 9.5 ], "texture": "#texture" },
        "north": { "uv": [ 6.5, 7, 7, 11 ], "texture": "#texture" },
        "south": { "uv": [ 9, 7, 9.5, 11 ], "texture": "#texture" },
        "west":  { "uv": [ 6.5, 7, 9.5, 11 ], "texture": "#texture" },
        "east":  { "uv": [ 6.5, 7, 9.5, 11 ], "texture": "#texture" }
    }
},
{
    "__comment": "Molotov*",
    "from": [ 6, 0, 9.5 ],
    "to": [ 9, 2, 10 ],
    "faces": {
        "down":  { "uv": [ 10, 10, 7, 9.5 ], "texture": "#texture" },
        "up":    { "uv": [ 6, 9.5, 9, 10 ], "texture": "#texture" },
        "north": { "uv": [ 7, 14, 10, 16 ], "texture": "#texture" },
        "south": { "uv": [ 6, 14, 9, 16 ], "texture": "#texture" },
        "west":  { "uv": [ 9.5, 14, 10, 16 ], "texture": "#texture" },
        "east":  { "uv": [ 6, 14, 6.5, 16 ], "texture": "#texture" }
    }
},
{
    "__comment": "Molotov*",
    "from": [ 6, 2, 9.5 ],
    "to": [ 9, 5, 10 ],
    "faces": {
        "down":  { "uv": [ 10, 10, 7, 9.5 ], "texture": "#cactus_bottom" },
        "up":    { "uv": [ 6, 9.5, 9, 10 ], "texture": "#cactus_bottom" },
        "north": { "uv": [ 7, 11, 10, 14 ], "texture": "#cactus_bottom" },
        "south": { "uv": [ 6, 11, 9, 14 ], "texture": "#cactus_bottom" },
        "west":  { "uv": [ 9.5, 11, 10, 14 ], "texture": "#cactus_bottom" },
        "east":  { "uv": [ 6, 11, 6.5, 14 ], "texture": "#cactus_bottom" }
    }
},
{
    "__comment": "Molotov*",
    "from": [ 6, 5, 9.5 ],
    "to": [ 9, 9.5, 10 ],
    "faces": {
        "down":  { "uv": [ 10, 10, 7, 9.5 ], "texture": "#texture" },
        "up":    { "uv": [ 6, 9.5, 9, 10 ], "texture": "#texture" },
        "north": { "uv": [ 7, 6.5, 10, 11 ], "texture": "#texture" },
        "south": { "uv": [ 6, 6.5, 9, 11 ], "texture": "#texture" },
        "west":  { "uv": [ 9.5, 6.5, 10, 11 ], "texture": "#texture" },
        "east":  { "uv": [ 6, 6.5, 6.5, 11 ], "texture": "#texture" }
    }
},
{
    "__comment": "Molotov*",
    "from": [ 5.5, 0, 6.5 ],
    "to": [ 9, 2, 9.5 ],
    "faces": {
        "down":  { "uv": [ 10.5, 9.5, 7, 6.5 ], "texture": "#texture" },
        "up":    { "uv": [ 5.5, 6.5, 9, 9.5 ], "texture": "#texture" },
        "north": { "uv": [ 7, 14, 10.5, 16 ], "texture": "#texture" },
        "south": { "uv": [ 5.5, 14, 9, 16 ], "texture": "#texture" },
        "west":  { "uv": [ 6.5, 14, 9.5, 16 ], "texture": "#texture" },
        "east":  { "uv": [ 6.5, 14, 9.5, 16 ], "texture": "#texture" }
    }
},
{
    "__comment": "Molotov*",
    "from": [ 5.5, 2, 6.5 ],
    "to": [ 9, 5, 9.5 ],
    "faces": {
        "down":  { "uv": [ 10.5, 9.5, 7, 6.5 ], "texture": "#cactus_bottom" },
        "up":    { "uv": [ 5.5, 6.5, 9, 9.5 ], "texture": "#cactus_bottom" },
        "north": { "uv": [ 7, 11, 10.5, 14 ], "texture": "#cactus_bottom" },
        "south": { "uv": [ 5.5, 11, 9, 14 ], "texture": "#cactus_bottom" },
        "west":  { "uv": [ 6.5, 11, 9.5, 14 ], "texture": "#cactus_bottom" },
        "east":  { "uv": [ 6.5, 11, 9.5, 14 ], "texture": "#cactus_bottom" }
    }
},
{
    "__comment": "Molotov*",
    "from": [ 5.5, 5, 6.5 ],
    "to": [ 9, 9.5, 9.5 ],
    "faces": {
        "down":  { "uv": [ 10.5, 9.5, 7, 6.5 ], "texture": "#texture" },
        "up":    { "uv": [ 5.5, 6.5, 9, 9.5 ], "texture": "#texture" },
        "north": { "uv": [ 7, 6.5, 10.5, 11 ], "texture": "#texture" },
        "south": { "uv": [ 5.5, 6.5, 9, 11 ], "texture": "#texture" },
        "west":  { "uv": [ 6.5, 6.5, 9.5, 11 ], "texture": "#texture" },
        "east":  { "uv": [ 6.5, 6.5, 9.5, 11 ], "texture": "#texture" }
    }
}
],
"display": {
    "thirdperson_righthand": {
        "rotation": [ 0, 90, 0 ],
        "translation": [ -0.19, 0.19, 0 ],
        "scale": [ 0.6, 0.6, 0.6 ]
    },
    "thirdperson_lefthand": {
        "rotation": [ 0, 90, 0 ],
        "translation": [ -0.19, 0.19, 0.76 ],
        "scale": [ 0.6, 0.6, 0.6 ]
    },
    "ground": {
        "rotation": [ 0, 0, 0 ],
        "translation": [ 0, 3, 0 ],
        "scale": [ 0.75, 0.75, 0.75 ]
    },
    "fixed": {
        "rotation": [ 0, 0, 45 ],
        "translation": [ 0, 0, 0 ],
        "scale": [ 1, 1, 1 ]
    },
    "firstperson_righthand": {
        "rotation": [ 0, 90, 0 ],
        "translation": [ 0, 0.94, -2.08 ],
        "scale": [ 0.7, 0.7, 0.7 ]
    },
    "firstperson_lefthand": {
        "rotation": [ 0, -90, 0 ],
        "translation": [ 0, 0.94, -2.08 ],
        "scale": [ 0.7, 0.7, 0.7 ]
    },
    "gui": {
        "rotation": [ 0, -30, 0 ],
        "translation": [ 0, 0, 0 ],
        "scale": [ 0.9, 0.9, 0.9 ]
    }
}
}