{
	"__comment": "Разработано специально для Hard-Days.SU  ::  If you steal our models - you PIDOR!",
"textures": {
    "particle": "items/potion_bottle_drinkable",
    "texture": "items/potion_bottle_drinkable",
    "lapis_block": "blocks/lapis_block",
    "potion_overlay": "items/potion_overlay"
},
"elements": [ 
{
    "__comment": "Outer",
    "from": [ 6, 0.25, 7 ],
    "to": [ 6.5, 3.25, 9 ],
    "faces": {
        "down":  { "uv": [ 10, 9, 9.5, 7 ], "texture": "#texture" },
        "up":    { "uv": [ 6, 7, 6.5, 9 ], "texture": "#texture" },
        "north": { "uv": [ 9.5, 12.75, 10, 15.75 ], "texture": "#texture" },
        "south": { "uv": [ 6, 12.75, 6.5, 15.75 ], "texture": "#texture" },
        "west":  { "uv": [ 7, 12.75, 9, 15.75 ], "texture": "#texture" }
    }
},
{
    "__comment": "Outer",
    "from": [ 9.5, 0.25, 7 ],
    "to": [ 10, 3.25, 9 ],
    "faces": {
        "down":  { "uv": [ 6.5, 9, 6, 7 ], "texture": "#texture" },
        "up":    { "uv": [ 9.5, 7, 10, 9 ], "texture": "#texture" },
        "north": { "uv": [ 6, 12.75, 6.5, 15.75 ], "texture": "#texture" },
        "south": { "uv": [ 9.5, 12.75, 10, 15.75 ], "texture": "#texture" },
        "east":  { "uv": [ 7, 12.75, 9, 15.75 ], "texture": "#texture" }
    }
},
{
    "__comment": "Outer",
    "from": [ 7, 0.25, 6 ],
    "to": [ 9, 3.25, 6.5 ],
    "faces": {
        "down":  { "uv": [ 9, 6.5, 7, 6 ], "texture": "#texture" },
        "up":    { "uv": [ 7, 6, 9, 6.5 ], "texture": "#texture" },
        "north": { "uv": [ 7, 12.75, 9, 15.75 ], "texture": "#texture" },
        "west":  { "uv": [ 6, 12.75, 6.5, 15.75 ], "texture": "#texture" },
        "east":  { "uv": [ 9.5, 12.75, 10, 15.75 ], "texture": "#texture" }
    }
},
{
    "__comment": "Outer",
    "from": [ 7, 0.25, 9.5 ],
    "to": [ 9, 3.25, 10 ],
    "faces": {
        "down":  { "uv": [ 9, 10, 7, 9.5 ], "texture": "#texture" },
        "up":    { "uv": [ 7, 9.5, 9, 10 ], "texture": "#texture" },
        "south": { "uv": [ 7, 12.75, 9, 15.75 ], "texture": "#texture" },
        "west":  { "uv": [ 9.5, 12.75, 10, 15.75 ], "texture": "#texture" },
        "east":  { "uv": [ 6, 12.75, 6.5, 15.75 ], "texture": "#texture" }
    }
},
{
    "__comment": "Outer",
    "from": [ 6.5, 0.25, 6.5 ],
    "to": [ 7, 3.25, 7 ],
    "faces": {
        "down":  { "uv": [ 9.5, 7, 9, 6.5 ], "texture": "#texture" },
        "up":    { "uv": [ 6.5, 6.5, 7, 7 ], "texture": "#texture" },
        "north": { "uv": [ 9, 12.75, 9.5, 15.75 ], "texture": "#texture" },
        "west":  { "uv": [ 6.5, 12.75, 7, 15.75 ], "texture": "#texture" }
    }
},
{
    "__comment": "Outer",
    "from": [ 6.5, 0.25, 9 ],
    "to": [ 7, 3.25, 9.5 ],
    "faces": {
        "down":  { "uv": [ 9.5, 9.5, 9, 9 ], "texture": "#texture" },
        "up":    { "uv": [ 6.5, 9, 7, 9.5 ], "texture": "#texture" },
        "south": { "uv": [ 6.5, 12.75, 7, 15.75 ], "texture": "#texture" },
        "west":  { "uv": [ 9, 12.75, 9.5, 15.75 ], "texture": "#texture" }
    }
},
{
    "__comment": "Outer",
    "from": [ 9, 0.25, 6.5 ],
    "to": [ 9.5, 3.25, 7 ],
    "faces": {
        "down":  { "uv": [ 7, 7, 6.5, 6.5 ], "texture": "#texture" },
        "up":    { "uv": [ 9, 6.5, 9.5, 7 ], "texture": "#texture" },
        "north": { "uv": [ 6.5, 12.75, 7, 15.75 ], "texture": "#texture" },
        "west":  { "uv": [ 6.5, 12.75, 7, 15.75 ], "texture": "#texture" },
        "east":  { "uv": [ 9, 12.75, 9.5, 15.75 ], "texture": "#texture" }
    }
},
{
    "__comment": "Outer",
    "from": [ 9, 0.25, 9 ],
    "to": [ 9.5, 3.25, 9.5 ],
    "faces": {
        "down":  { "uv": [ 7, 9.5, 6.5, 9 ], "texture": "#texture" },
        "up":    { "uv": [ 9, 9, 9.5, 9.5 ], "texture": "#texture" },
        "south": { "uv": [ 9, 12.75, 9.5, 15.75 ], "texture": "#texture" },
        "west":  { "uv": [ 9, 12.75, 9.5, 15.75 ], "texture": "#texture" },
        "east":  { "uv": [ 6.5, 12.75, 7, 15.75 ], "texture": "#texture" }
    }
},
{
    "__comment": "Bottom",
    "from": [ 6, 0, 7 ],
    "to": [ 10, 0.25, 9 ],
    "faces": {
        "down":  { "uv": [ 10, 9, 6, 7 ], "texture": "#texture", "cullface": "down" },
        "up":    { "uv": [ 6, 7, 10, 9 ], "texture": "#texture" },
        "north": { "uv": [ 6, 15.75, 10, 16 ], "texture": "#texture" },
        "south": { "uv": [ 6, 15.75, 10, 16 ], "texture": "#texture" },
        "west":  { "uv": [ 7, 15.75, 9, 16 ], "texture": "#texture" },
        "east":  { "uv": [ 7, 15.75, 9, 16 ], "texture": "#texture" }
    }
},
{
    "__comment": "Bottom",
    "from": [ 6.5, 0, 6.5 ],
    "to": [ 9.5, 0.25, 7 ],
    "faces": {
        "down":  { "uv": [ 9.5, 7, 6.5, 6.5 ], "texture": "#texture", "cullface": "down" },
        "up":    { "uv": [ 6.5, 6.5, 9.5, 7 ], "texture": "#texture" },
        "north": { "uv": [ 6.5, 15.75, 9.5, 16 ], "texture": "#texture" },
        "south": { "uv": [ 6.5, 15.75, 9.5, 16 ], "texture": "#texture" },
        "west":  { "uv": [ 6.5, 15.75, 7, 16 ], "texture": "#texture" },
        "east":  { "uv": [ 9, 15.75, 9.5, 16 ], "texture": "#texture" }
    }
},
{
    "__comment": "Bottom",
    "from": [ 7, 0, 6 ],
    "to": [ 9, 0.25, 6.5 ],
    "faces": {
        "down":  { "uv": [ 9, 6.5, 7, 6 ], "texture": "#texture", "cullface": "down" },
        "up":    { "uv": [ 7, 6, 9, 6.5 ], "texture": "#texture" },
        "north": { "uv": [ 7, 15.75, 9, 16 ], "texture": "#texture" },
        "south": { "uv": [ 7, 15.75, 9, 16 ], "texture": "#texture" },
        "west":  { "uv": [ 6, 15.75, 6.5, 16 ], "texture": "#texture" },
        "east":  { "uv": [ 9.5, 15.75, 10, 16 ], "texture": "#texture" }
    }
},
{
    "__comment": "Bottom",
    "from": [ 6.5, 0, 9 ],
    "to": [ 9.5, 0.25, 9.5 ],
    "faces": {
        "down":  { "uv": [ 9.5, 9.5, 6.5, 9 ], "texture": "#texture", "cullface": "down" },
        "up":    { "uv": [ 6.5, 9, 9.5, 9.5 ], "texture": "#texture" },
        "north": { "uv": [ 6.5, 15.75, 9.5, 16 ], "texture": "#texture" },
        "south": { "uv": [ 6.5, 15.75, 9.5, 16 ], "texture": "#texture" },
        "west":  { "uv": [ 9, 15.75, 9.5, 16 ], "texture": "#texture" },
        "east":  { "uv": [ 6.5, 15.75, 7, 16 ], "texture": "#texture" }
    }
},
{
    "__comment": "Bottom",
    "from": [ 7, 0, 9.5 ],
    "to": [ 9, 0.25, 10 ],
    "faces": {
        "down":  { "uv": [ 9, 10, 7, 9.5 ], "texture": "#texture", "cullface": "down" },
        "up":    { "uv": [ 7, 9.5, 9, 10 ], "texture": "#texture" },
        "north": { "uv": [ 7, 15.75, 9, 16 ], "texture": "#texture" },
        "south": { "uv": [ 7, 15.75, 9, 16 ], "texture": "#texture" },
        "west":  { "uv": [ 9.5, 15.75, 10, 16 ], "texture": "#texture" },
        "east":  { "uv": [ 6, 15.75, 6.5, 16 ], "texture": "#texture" }
    }
},
{
    "__comment": "Ring",
    "from": [ 9.5, 3.25, 7 ],
    "to": [ 9.75, 3.5, 9 ],
    "faces": {
        "down":  { "uv": [ 6.5, 9, 6.25, 7 ], "texture": "#texture" },
        "up":    { "uv": [ 9.5, 7, 9.75, 9 ], "texture": "#texture" },
        "north": { "uv": [ 6.25, 12.5, 6.5, 12.75 ], "texture": "#texture" },
        "south": { "uv": [ 9.5, 12.5, 9.75, 12.75 ], "texture": "#texture" },
        "east":  { "uv": [ 7, 12.5, 9, 12.75 ], "texture": "#texture" }
    }
},
{
    "__comment": "Ring",
    "from": [ 6.25, 3.25, 7 ],
    "to": [ 6.5, 3.5, 9 ],
    "faces": {
        "down":  { "uv": [ 9.75, 9, 9.5, 7 ], "texture": "#texture" },
        "up":    { "uv": [ 6.25, 7, 6.5, 9 ], "texture": "#texture" },
        "north": { "uv": [ 9.5, 12.5, 9.75, 12.75 ], "texture": "#texture" },
        "south": { "uv": [ 6.25, 12.5, 6.5, 12.75 ], "texture": "#texture" },
        "west":  { "uv": [ 7, 12.5, 9, 12.75 ], "texture": "#texture" }
    }
},
{
    "__comment": "Ring",
    "from": [ 7, 3.25, 6.25 ],
    "to": [ 9, 3.5, 6.5 ],
    "faces": {
        "down":  { "uv": [ 9, 6.5, 7, 6.25 ], "texture": "#texture" },
        "up":    { "uv": [ 7, 6.25, 9, 6.5 ], "texture": "#texture" },
        "north": { "uv": [ 7, 12.5, 9, 12.75 ], "texture": "#texture" },
        "west":  { "uv": [ 6.25, 12.5, 6.5, 12.75 ], "texture": "#texture" },
        "east":  { "uv": [ 9.5, 12.5, 9.75, 12.75 ], "texture": "#texture" }
    }
},
{
    "__comment": "Ring",
    "from": [ 7, 3.25, 9.5 ],
    "to": [ 9, 3.5, 9.75 ],
    "faces": {
        "down":  { "uv": [ 9, 9.75, 7, 9.5 ], "texture": "#texture" },
        "up":    { "uv": [ 7, 9.5, 9, 9.75 ], "texture": "#texture" },
        "south": { "uv": [ 7, 12.5, 9, 12.75 ], "texture": "#texture" },
        "west":  { "uv": [ 9.5, 12.5, 9.75, 12.75 ], "texture": "#texture" },
        "east":  { "uv": [ 6.25, 12.5, 6.5, 12.75 ], "texture": "#texture" }
    }
},
{
    "__comment": "Ring",
    "from": [ 6.75, 3.25, 9 ],
    "to": [ 7, 3.5, 9.25 ],
    "faces": {
        "down":  { "uv": [ 9.25, 9.25, 9, 9 ], "texture": "#texture" },
        "up":    { "uv": [ 6.75, 9, 7, 9.25 ], "texture": "#texture" },
        "north": { "uv": [ 9, 12.5, 9.25, 12.75 ], "texture": "#texture" },
        "south": { "uv": [ 6.75, 12.5, 7, 12.75 ], "texture": "#texture" },
        "west":  { "uv": [ 9, 12.5, 9.25, 12.75 ], "texture": "#texture" }
    }
},
{
    "__comment": "Ring",
    "from": [ 6.5, 3.25, 9 ],
    "to": [ 6.75, 3.5, 9.25 ],
    "faces": {
        "down":  { "uv": [ 9.5, 9.25, 9.25, 9 ], "texture": "#texture" },
        "up":    { "uv": [ 6.5, 9, 6.75, 9.25 ], "texture": "#texture" },
        "south": { "uv": [ 6.5, 12.5, 6.75, 12.75 ], "texture": "#texture" },
        "west":  { "uv": [ 9, 12.5, 9.25, 12.75 ], "texture": "#texture" }
    }
},
{
    "__comment": "Ring",
    "from": [ 6.75, 3.25, 9.25 ],
    "to": [ 7, 3.5, 9.5 ],
    "faces": {
        "down":  { "uv": [ 9.25, 9.5, 9, 9.25 ], "texture": "#texture" },
        "up":    { "uv": [ 6.75, 9.25, 7, 9.5 ], "texture": "#texture" },
        "south": { "uv": [ 6.75, 12.5, 7, 12.75 ], "texture": "#texture" },
        "west":  { "uv": [ 9.25, 12.5, 9.5, 12.75 ], "texture": "#texture" }
    }
},
{
    "__comment": "Ring",
    "from": [ 6.75, 3.25, 6.75 ],
    "to": [ 7, 3.5, 7 ],
    "faces": {
        "down":  { "uv": [ 9.25, 7, 9, 6.75 ], "texture": "#texture" },
        "up":    { "uv": [ 6.75, 6.75, 7, 7 ], "texture": "#texture" },
        "north": { "uv": [ 9, 12.5, 9.25, 12.75 ], "texture": "#texture" },
        "west":  { "uv": [ 6.75, 12.5, 7, 12.75 ], "texture": "#texture" }
    }
},
{
    "__comment": "Ring",
    "from": [ 6.75, 3.25, 6.5 ],
    "to": [ 7, 3.5, 6.75 ],
    "faces": {
        "down":  { "uv": [ 9.25, 6.75, 9, 6.5 ], "texture": "#texture" },
        "up":    { "uv": [ 6.75, 6.5, 7, 6.75 ], "texture": "#texture" },
        "north": { "uv": [ 9, 12.5, 9.25, 12.75 ], "texture": "#texture" },
        "west":  { "uv": [ 6.5, 12.5, 6.75, 12.75 ], "texture": "#texture" }
    }
},
{
    "__comment": "Ring",
    "from": [ 6.5, 3.25, 6.75 ],
    "to": [ 6.75, 3.5, 7 ],
    "faces": {
        "down":  { "uv": [ 9.5, 7, 9.25, 6.75 ], "texture": "#texture" },
        "up":    { "uv": [ 6.5, 6.75, 6.75, 7 ], "texture": "#texture" },
        "north": { "uv": [ 9.25, 12.5, 9.5, 12.75 ], "texture": "#texture" },
        "west":  { "uv": [ 6.75, 12.5, 7, 12.75 ], "texture": "#texture" }
    }
},
{
    "__comment": "Ring",
    "from": [ 9, 3.25, 9 ],
    "to": [ 9.25, 3.5, 9.25 ],
    "faces": {
        "down":  { "uv": [ 7, 9.25, 6.75, 9 ], "texture": "#texture" },
        "up":    { "uv": [ 9, 9, 9.25, 9.25 ], "texture": "#texture" },
        "south": { "uv": [ 9, 12.5, 9.25, 12.75 ], "texture": "#texture" },
        "west":  { "uv": [ 9, 12.5, 9.25, 12.75 ], "texture": "#texture" },
        "east":  { "uv": [ 6.75, 12.5, 7, 12.75 ], "texture": "#texture" }
    }
},
{
    "__comment": "Ring",
    "from": [ 9, 3.25, 9.25 ],
    "to": [ 9.25, 3.5, 9.5 ],
    "faces": {
        "down":  { "uv": [ 7, 9.5, 6.75, 9.25 ], "texture": "#texture" },
        "up":    { "uv": [ 9, 9.25, 9.25, 9.5 ], "texture": "#texture" },
        "north": { "uv": [ 6.75, 12.5, 7, 12.75 ], "texture": "#texture" },
        "south": { "uv": [ 9, 12.5, 9.25, 12.75 ], "texture": "#texture" },
        "west":  { "uv": [ 9.25, 12.5, 9.5, 12.75 ], "texture": "#texture" },
        "east":  { "uv": [ 6.5, 12.5, 6.75, 12.75 ], "texture": "#texture" }
    }
},
{
    "__comment": "Ring",
    "from": [ 9, 3.25, 6.75 ],
    "to": [ 9.25, 3.5, 7 ],
    "faces": {
        "down":  { "uv": [ 7, 7, 6.75, 6.75 ], "texture": "#texture" },
        "up":    { "uv": [ 9, 6.75, 9.25, 7 ], "texture": "#texture" },
        "north": { "uv": [ 6.75, 12.5, 7, 12.75 ], "texture": "#texture" },
        "west":  { "uv": [ 6.75, 12.5, 7, 12.75 ], "texture": "#texture" },
        "east":  { "uv": [ 9, 12.5, 9.25, 12.75 ], "texture": "#texture" }
    }
},
{
    "__comment": "Ring",
    "from": [ 9, 3.25, 6.5 ],
    "to": [ 9.25, 3.5, 6.75 ],
    "faces": {
        "down":  { "uv": [ 7, 6.75, 6.75, 6.5 ], "texture": "#texture" },
        "up":    { "uv": [ 9, 6.5, 9.25, 6.75 ], "texture": "#texture" },
        "north": { "uv": [ 6.75, 12.5, 7, 12.75 ], "texture": "#texture" },
        "west":  { "uv": [ 6.5, 12.5, 6.75, 12.75 ], "texture": "#texture" },
        "east":  { "uv": [ 9.25, 12.5, 9.5, 12.75 ], "texture": "#texture" }
    }
},
{
    "__comment": "Ring",
    "from": [ 9.25, 3.25, 9 ],
    "to": [ 9.5, 3.5, 9.25 ],
    "faces": {
        "down":  { "uv": [ 6.75, 9.25, 6.5, 9 ], "texture": "#texture" },
        "up":    { "uv": [ 9.25, 9, 9.5, 9.25 ], "texture": "#texture" },
        "south": { "uv": [ 9.25, 12.5, 9.5, 12.75 ], "texture": "#texture" },
        "west":  { "uv": [ 9, 12.5, 9.25, 12.75 ], "texture": "#texture" },
        "east":  { "uv": [ 6.75, 12.5, 7, 12.75 ], "texture": "#texture" }
    }
},
{
    "__comment": "Ring",
    "from": [ 9.25, 3.25, 6.75 ],
    "to": [ 9.5, 3.5, 7 ],
    "faces": {
        "down":  { "uv": [ 6.75, 7, 6.5, 6.75 ], "texture": "#texture" },
        "up":    { "uv": [ 9.25, 6.75, 9.5, 7 ], "texture": "#texture" },
        "north": { "uv": [ 6.5, 12.5, 6.75, 12.75 ], "texture": "#texture" },
        "west":  { "uv": [ 6.75, 12.5, 7, 12.75 ], "texture": "#texture" },
        "east":  { "uv": [ 9, 12.5, 9.25, 12.75 ], "texture": "#texture" }
    }
},
{
    "__comment": "Outer",
    "from": [ 6, 3.5, 7 ],
    "to": [ 6.5, 5.5, 9 ],
    "faces": {
        "down":  { "uv": [ 10, 9, 9.5, 7 ], "texture": "#texture" },
        "up":    { "uv": [ 6, 7, 6.5, 9 ], "texture": "#texture" },
        "north": { "uv": [ 9.5, 10.5, 10, 12.5 ], "texture": "#texture" },
        "south": { "uv": [ 6, 10.5, 6.5, 12.5 ], "texture": "#texture" },
        "west":  { "uv": [ 7, 10.5, 9, 12.5 ], "texture": "#texture" }
    }
},
{
    "__comment": "Outer",
    "from": [ 9.5, 3.5, 7 ],
    "to": [ 10, 5.5, 9 ],
    "faces": {
        "down":  { "uv": [ 6.5, 9, 6, 7 ], "texture": "#texture" },
        "up":    { "uv": [ 9.5, 7, 10, 9 ], "texture": "#texture" },
        "north": { "uv": [ 6, 10.5, 6.5, 12.5 ], "texture": "#texture" },
        "south": { "uv": [ 9.5, 10.5, 10, 12.5 ], "texture": "#texture" },
        "east":  { "uv": [ 7, 10.5, 9, 12.5 ], "texture": "#texture" }
    }
},
{
    "__comment": "Outer",
    "from": [ 7, 3.5, 6 ],
    "to": [ 9, 5.5, 6.5 ],
    "faces": {
        "down":  { "uv": [ 9, 6.5, 7, 6 ], "texture": "#texture" },
        "up":    { "uv": [ 7, 6, 9, 6.5 ], "texture": "#texture" },
        "north": { "uv": [ 7, 10.5, 9, 12.5 ], "texture": "#texture" },
        "west":  { "uv": [ 6, 10.5, 6.5, 12.5 ], "texture": "#texture" },
        "east":  { "uv": [ 9.5, 10.5, 10, 12.5 ], "texture": "#texture" }
    }
},
{
    "__comment": "Outer",
    "from": [ 7, 3.5, 9.5 ],
    "to": [ 9, 5.5, 10 ],
    "faces": {
        "down":  { "uv": [ 9, 10, 7, 9.5 ], "texture": "#texture" },
        "up":    { "uv": [ 7, 9.5, 9, 10 ], "texture": "#texture" },
        "south": { "uv": [ 7, 10.5, 9, 12.5 ], "texture": "#texture" },
        "west":  { "uv": [ 9.5, 10.5, 10, 12.5 ], "texture": "#texture" },
        "east":  { "uv": [ 6, 10.5, 6.5, 12.5 ], "texture": "#texture" }
    }
},
{
    "__comment": "Outer",
    "from": [ 6.5, 3.5, 6.5 ],
    "to": [ 7, 5.5, 7 ],
    "faces": {
        "down":  { "uv": [ 9.5, 7, 9, 6.5 ], "texture": "#texture" },
        "up":    { "uv": [ 6.5, 6.5, 7, 7 ], "texture": "#texture" },
        "north": { "uv": [ 9, 10.5, 9.5, 12.5 ], "texture": "#texture" },
        "west":  { "uv": [ 6.5, 10.5, 7, 12.5 ], "texture": "#texture" }
    }
},
{
    "__comment": "Outer",
    "from": [ 6.5, 3.5, 9 ],
    "to": [ 7, 5.5, 9.5 ],
    "faces": {
        "down":  { "uv": [ 9.5, 9.5, 9, 9 ], "texture": "#texture" },
        "up":    { "uv": [ 6.5, 9, 7, 9.5 ], "texture": "#texture" },
        "south": { "uv": [ 6.5, 10.5, 7, 12.5 ], "texture": "#texture" },
        "west":  { "uv": [ 9, 10.5, 9.5, 12.5 ], "texture": "#texture" }
    }
},
{
    "__comment": "Outer",
    "from": [ 9, 3.5, 6.5 ],
    "to": [ 9.5, 5.5, 7 ],
    "faces": {
        "down":  { "uv": [ 7, 7, 6.5, 6.5 ], "texture": "#texture" },
        "up":    { "uv": [ 9, 6.5, 9.5, 7 ], "texture": "#texture" },
        "north": { "uv": [ 6.5, 10.5, 7, 12.5 ], "texture": "#texture" },
        "west":  { "uv": [ 6.5, 10.5, 7, 12.5 ], "texture": "#texture" },
        "east":  { "uv": [ 9, 10.5, 9.5, 12.5 ], "texture": "#texture" }
    }
},
{
    "__comment": "Outer",
    "from": [ 9, 3.5, 9 ],
    "to": [ 9.5, 5.5, 9.5 ],
    "faces": {
        "down":  { "uv": [ 7, 9.5, 6.5, 9 ], "texture": "#texture" },
        "up":    { "uv": [ 9, 9, 9.5, 9.5 ], "texture": "#texture" },
        "south": { "uv": [ 9, 10.5, 9.5, 12.5 ], "texture": "#texture" },
        "west":  { "uv": [ 9, 10.5, 9.5, 12.5 ], "texture": "#texture" },
        "east":  { "uv": [ 6.5, 10.5, 7, 12.5 ], "texture": "#texture" }
    }
},
{
    "__comment": "Ring",
    "from": [ 9.5, 5.5, 7 ],
    "to": [ 9.75, 6.25, 9 ],
    "faces": {
        "down":  { "uv": [ 6.5, 9, 6.25, 7 ], "texture": "#texture" },
        "up":    { "uv": [ 9.5, 7, 9.75, 9 ], "texture": "#texture" },
        "north": { "uv": [ 6.25, 9.75, 6.5, 10.5 ], "texture": "#texture" },
        "south": { "uv": [ 9.5, 9.75, 9.75, 10.5 ], "texture": "#texture" },
        "east":  { "uv": [ 7, 9.75, 9, 10.5 ], "texture": "#texture" }
    }
},
{
    "__comment": "Ring",
    "from": [ 6.25, 5.5, 7 ],
    "to": [ 6.5, 6.25, 9 ],
    "faces": {
        "down":  { "uv": [ 9.75, 9, 9.5, 7 ], "texture": "#texture" },
        "up":    { "uv": [ 6.25, 7, 6.5, 9 ], "texture": "#texture" },
        "north": { "uv": [ 9.5, 9.75, 9.75, 10.5 ], "texture": "#texture" },
        "south": { "uv": [ 6.25, 9.75, 6.5, 10.5 ], "texture": "#texture" },
        "west":  { "uv": [ 7, 9.75, 9, 10.5 ], "texture": "#texture" }
    }
},
{
    "__comment": "Ring",
    "from": [ 7, 5.5, 6.25 ],
    "to": [ 9, 6.25, 6.5 ],
    "faces": {
        "down":  { "uv": [ 9, 6.5, 7, 6.25 ], "texture": "#texture" },
        "up":    { "uv": [ 7, 6.25, 9, 6.5 ], "texture": "#texture" },
        "north": { "uv": [ 7, 9.75, 9, 10.5 ], "texture": "#texture" },
        "west":  { "uv": [ 6.25, 9.75, 6.5, 10.5 ], "texture": "#texture" },
        "east":  { "uv": [ 9.5, 9.75, 9.75, 10.5 ], "texture": "#texture" }
    }
},
{
    "__comment": "Ring",
    "from": [ 7, 5.5, 9.5 ],
    "to": [ 9, 6.25, 9.75 ],
    "faces": {
        "down":  { "uv": [ 9, 9.75, 7, 9.5 ], "texture": "#texture" },
        "up":    { "uv": [ 7, 9.5, 9, 9.75 ], "texture": "#texture" },
        "south": { "uv": [ 7, 9.75, 9, 10.5 ], "texture": "#texture" },
        "west":  { "uv": [ 9.5, 9.75, 9.75, 10.5 ], "texture": "#texture" },
        "east":  { "uv": [ 6.25, 9.75, 6.5, 10.5 ], "texture": "#texture" }
    }
},
{
    "__comment": "Ring",
    "from": [ 6.75, 5.5, 9 ],
    "to": [ 7, 6.25, 9.25 ],
    "faces": {
        "down":  { "uv": [ 9.25, 9.25, 9, 9 ], "texture": "#texture" },
        "up":    { "uv": [ 6.75, 9, 7, 9.25 ], "texture": "#texture" },
        "north": { "uv": [ 9, 9.75, 9.25, 10.5 ], "texture": "#texture" },
        "south": { "uv": [ 6.75, 9.75, 7, 10.5 ], "texture": "#texture" },
        "west":  { "uv": [ 9, 9.75, 9.25, 10.5 ], "texture": "#texture" }
    }
},
{
    "__comment": "Ring",
    "from": [ 6.5, 5.5, 9 ],
    "to": [ 6.75, 6.25, 9.25 ],
    "faces": {
        "down":  { "uv": [ 9.5, 9.25, 9.25, 9 ], "texture": "#texture" },
        "up":    { "uv": [ 6.5, 9, 6.75, 9.25 ], "texture": "#texture" },
        "north": { "uv": [ 9.25, 9.75, 9.5, 10.5 ], "texture": "#texture" },
        "south": { "uv": [ 6.5, 9.75, 6.75, 10.5 ], "texture": "#texture" },
        "west":  { "uv": [ 9, 9.75, 9.25, 10.5 ], "texture": "#texture" }
    }
},
{
    "__comment": "Ring",
    "from": [ 6.75, 5.5, 9.25 ],
    "to": [ 7, 6.25, 9.5 ],
    "faces": {
        "down":  { "uv": [ 9.25, 9.5, 9, 9.25 ], "texture": "#texture" },
        "up":    { "uv": [ 6.75, 9.25, 7, 9.5 ], "texture": "#texture" },
        "south": { "uv": [ 6.75, 9.75, 7, 10.5 ], "texture": "#texture" },
        "west":  { "uv": [ 9.25, 9.75, 9.5, 10.5 ], "texture": "#texture" }
    }
},
{
    "__comment": "Ring",
    "from": [ 6.75, 5.5, 6.75 ],
    "to": [ 7, 6.25, 7 ],
    "faces": {
        "down":  { "uv": [ 9.25, 7, 9, 6.75 ], "texture": "#texture" },
        "up":    { "uv": [ 6.75, 6.75, 7, 7 ], "texture": "#texture" },
        "north": { "uv": [ 9, 9.75, 9.25, 10.5 ], "texture": "#texture" },
        "west":  { "uv": [ 6.75, 9.75, 7, 10.5 ], "texture": "#texture" }
    }
},
{
    "__comment": "Ring",
    "from": [ 6.75, 5.5, 6.5 ],
    "to": [ 7, 6.25, 6.75 ],
    "faces": {
        "down":  { "uv": [ 9.25, 6.75, 9, 6.5 ], "texture": "#texture" },
        "up":    { "uv": [ 6.75, 6.5, 7, 6.75 ], "texture": "#texture" },
        "north": { "uv": [ 9, 9.75, 9.25, 10.5 ], "texture": "#texture" },
        "west":  { "uv": [ 6.5, 9.75, 6.75, 10.5 ], "texture": "#texture" }
    }
},
{
    "__comment": "Ring",
    "from": [ 6.5, 5.5, 6.75 ],
    "to": [ 6.75, 6.25, 7 ],
    "faces": {
        "down":  { "uv": [ 9.5, 7, 9.25, 6.75 ], "texture": "#texture" },
        "up":    { "uv": [ 6.5, 6.75, 6.75, 7 ], "texture": "#texture" },
        "north": { "uv": [ 9.25, 9.75, 9.5, 10.5 ], "texture": "#texture" },
        "south": { "uv": [ 6.5, 9.75, 6.75, 10.5 ], "texture": "#texture" },
        "west":  { "uv": [ 6.75, 9.75, 7, 10.5 ], "texture": "#texture" }
    }
},
{
    "__comment": "Ring",
    "from": [ 9, 5.5, 9 ],
    "to": [ 9.25, 6.25, 9.25 ],
    "faces": {
        "down":  { "uv": [ 7, 9.25, 6.75, 9 ], "texture": "#texture" },
        "up":    { "uv": [ 9, 9, 9.25, 9.25 ], "texture": "#texture" },
        "south": { "uv": [ 9, 9.75, 9.25, 10.5 ], "texture": "#texture" },
        "west":  { "uv": [ 9, 9.75, 9.25, 10.5 ], "texture": "#texture" },
        "east":  { "uv": [ 6.75, 9.75, 7, 10.5 ], "texture": "#texture" }
    }
},
{
    "__comment": "Ring",
    "from": [ 9, 5.5, 9.25 ],
    "to": [ 9.25, 6.25, 9.5 ],
    "faces": {
        "down":  { "uv": [ 7, 9.5, 6.75, 9.25 ], "texture": "#texture" },
        "up":    { "uv": [ 9, 9.25, 9.25, 9.5 ], "texture": "#texture" },
        "north": { "uv": [ 6.75, 9.75, 7, 10.5 ], "texture": "#texture" },
        "south": { "uv": [ 9, 9.75, 9.25, 10.5 ], "texture": "#texture" },
        "west":  { "uv": [ 9.25, 9.75, 9.5, 10.5 ], "texture": "#texture" },
        "east":  { "uv": [ 6.5, 9.75, 6.75, 10.5 ], "texture": "#texture" }
    }
},
{
    "__comment": "Ring",
    "from": [ 9, 5.5, 6.75 ],
    "to": [ 9.25, 6.25, 7 ],
    "faces": {
        "down":  { "uv": [ 7, 7, 6.75, 6.75 ], "texture": "#texture" },
        "up":    { "uv": [ 9, 6.75, 9.25, 7 ], "texture": "#texture" },
        "north": { "uv": [ 6.75, 9.75, 7, 10.5 ], "texture": "#texture" },
        "west":  { "uv": [ 6.75, 9.75, 7, 10.5 ], "texture": "#texture" },
        "east":  { "uv": [ 9, 9.75, 9.25, 10.5 ], "texture": "#texture" }
    }
},
{
    "__comment": "Ring",
    "from": [ 9, 5.5, 6.5 ],
    "to": [ 9.25, 6.25, 6.75 ],
    "faces": {
        "down":  { "uv": [ 7, 6.75, 6.75, 6.5 ], "texture": "#texture" },
        "up":    { "uv": [ 9, 6.5, 9.25, 6.75 ], "texture": "#texture" },
        "north": { "uv": [ 6.75, 9.75, 7, 10.5 ], "texture": "#texture" },
        "west":  { "uv": [ 6.5, 9.75, 6.75, 10.5 ], "texture": "#texture" },
        "east":  { "uv": [ 9.25, 9.75, 9.5, 10.5 ], "texture": "#texture" }
    }
},
{
    "__comment": "Ring",
    "from": [ 9.25, 5.5, 9 ],
    "to": [ 9.5, 6.25, 9.25 ],
    "faces": {
        "down":  { "uv": [ 6.75, 9.25, 6.5, 9 ], "texture": "#texture" },
        "up":    { "uv": [ 9.25, 9, 9.5, 9.25 ], "texture": "#texture" },
        "north": { "uv": [ 6.5, 9.75, 6.75, 10.5 ], "texture": "#texture" },
        "south": { "uv": [ 9.25, 9.75, 9.5, 10.5 ], "texture": "#texture" },
        "west":  { "uv": [ 9, 9.75, 9.25, 10.5 ], "texture": "#texture" },
        "east":  { "uv": [ 6.75, 9.75, 7, 10.5 ], "texture": "#texture" }
    }
},
{
    "__comment": "Ring",
    "from": [ 9.25, 5.5, 6.75 ],
    "to": [ 9.5, 6.25, 7 ],
    "faces": {
        "down":  { "uv": [ 6.75, 7, 6.5, 6.75 ], "texture": "#texture" },
        "up":    { "uv": [ 9.25, 6.75, 9.5, 7 ], "texture": "#texture" },
        "north": { "uv": [ 6.5, 9.75, 6.75, 10.5 ], "texture": "#texture" },
        "south": { "uv": [ 9.25, 9.75, 9.5, 10.5 ], "texture": "#texture" },
        "west":  { "uv": [ 6.75, 9.75, 7, 10.5 ], "texture": "#texture" },
        "east":  { "uv": [ 9, 9.75, 9.25, 10.5 ], "texture": "#texture" }
    }
},
{
    "__comment": "Outer",
    "from": [ 6, 6.25, 7 ],
    "to": [ 6.5, 7, 9 ],
    "faces": {
        "down":  { "uv": [ 10, 9, 9.5, 7 ], "texture": "#texture" },
        "up":    { "uv": [ 6, 7, 6.5, 9 ], "texture": "#texture" },
        "north": { "uv": [ 9.5, 9, 10, 9.75 ], "texture": "#texture" },
        "south": { "uv": [ 6, 9, 6.5, 9.75 ], "texture": "#texture" },
        "west":  { "uv": [ 7, 9, 9, 9.75 ], "texture": "#texture" }
    }
},
{
    "__comment": "Outer",
    "from": [ 9.5, 6.25, 7 ],
    "to": [ 10, 7, 9 ],
    "faces": {
        "down":  { "uv": [ 6.5, 9, 6, 7 ], "texture": "#texture" },
        "up":    { "uv": [ 9.5, 7, 10, 9 ], "texture": "#texture" },
        "north": { "uv": [ 6, 9, 6.5, 9.75 ], "texture": "#texture" },
        "south": { "uv": [ 9.5, 9, 10, 9.75 ], "texture": "#texture" },
        "east":  { "uv": [ 7, 9, 9, 9.75 ], "texture": "#texture" }
    }
},
{
    "__comment": "Outer",
    "from": [ 7, 6.25, 6 ],
    "to": [ 9, 7, 6.5 ],
    "faces": {
        "down":  { "uv": [ 9, 6.5, 7, 6 ], "texture": "#texture" },
        "up":    { "uv": [ 7, 6, 9, 6.5 ], "texture": "#texture" },
        "north": { "uv": [ 7, 9, 9, 9.75 ], "texture": "#texture" },
        "west":  { "uv": [ 6, 9, 6.5, 9.75 ], "texture": "#texture" },
        "east":  { "uv": [ 9.5, 9, 10, 9.75 ], "texture": "#texture" }
    }
},
{
    "__comment": "Outer",
    "from": [ 7, 6.25, 9.5 ],
    "to": [ 9, 7, 10 ],
    "faces": {
        "down":  { "uv": [ 9, 10, 7, 9.5 ], "texture": "#texture" },
        "up":    { "uv": [ 7, 9.5, 9, 10 ], "texture": "#texture" },
        "south": { "uv": [ 7, 9, 9, 9.75 ], "texture": "#texture" },
        "west":  { "uv": [ 9.5, 9, 10, 9.75 ], "texture": "#texture" },
        "east":  { "uv": [ 6, 9, 6.5, 9.75 ], "texture": "#texture" }
    }
},
{
    "__comment": "Outer",
    "from": [ 6.5, 6.25, 6.5 ],
    "to": [ 7, 7, 7 ],
    "faces": {
        "down":  { "uv": [ 9.5, 7, 9, 6.5 ], "texture": "#texture" },
        "up":    { "uv": [ 6.5, 6.5, 7, 7 ], "texture": "#texture" },
        "north": { "uv": [ 9, 9, 9.5, 9.75 ], "texture": "#texture" },
        "west":  { "uv": [ 6.5, 9, 7, 9.75 ], "texture": "#texture" }
    }
},
{
    "__comment": "Outer",
    "from": [ 6.5, 6.25, 9 ],
    "to": [ 7, 7, 9.5 ],
    "faces": {
        "down":  { "uv": [ 9.5, 9.5, 9, 9 ], "texture": "#texture" },
        "up":    { "uv": [ 6.5, 9, 7, 9.5 ], "texture": "#texture" },
        "south": { "uv": [ 6.5, 9, 7, 9.75 ], "texture": "#texture" },
        "west":  { "uv": [ 9, 9, 9.5, 9.75 ], "texture": "#texture" }
    }
},
{
    "__comment": "Outer",
    "from": [ 9, 6.25, 6.5 ],
    "to": [ 9.5, 7, 7 ],
    "faces": {
        "down":  { "uv": [ 7, 7, 6.5, 6.5 ], "texture": "#texture" },
        "up":    { "uv": [ 9, 6.5, 9.5, 7 ], "texture": "#texture" },
        "north": { "uv": [ 6.5, 9, 7, 9.75 ], "texture": "#texture" },
        "west":  { "uv": [ 6.5, 9, 7, 9.75 ], "texture": "#texture" },
        "east":  { "uv": [ 9, 9, 9.5, 9.75 ], "texture": "#texture" }
    }
},
{
    "__comment": "Outer",
    "from": [ 9, 6.25, 9 ],
    "to": [ 9.5, 7, 9.5 ],
    "faces": {
        "down":  { "uv": [ 7, 9.5, 6.5, 9 ], "texture": "#texture" },
        "up":    { "uv": [ 9, 9, 9.5, 9.5 ], "texture": "#texture" },
        "south": { "uv": [ 9, 9, 9.5, 9.75 ], "texture": "#texture" },
        "west":  { "uv": [ 9, 9, 9.5, 9.75 ], "texture": "#texture" },
        "east":  { "uv": [ 6.5, 9, 7, 9.75 ], "texture": "#texture" }
    }
},
{
    "__comment": "Ring",
    "from": [ 9.5, 7, 7 ],
    "to": [ 9.75, 7.25, 9 ],
    "faces": {
        "down":  { "uv": [ 6.5, 9, 6.25, 7 ], "texture": "#texture" },
        "up":    { "uv": [ 9.5, 7, 9.75, 9 ], "texture": "#texture" },
        "north": { "uv": [ 6.25, 8.75, 6.5, 9 ], "texture": "#texture" },
        "south": { "uv": [ 9.5, 8.75, 9.75, 9 ], "texture": "#texture" },
        "east":  { "uv": [ 7, 8.75, 9, 9 ], "texture": "#texture" }
    }
},
{
    "__comment": "Ring",
    "from": [ 6.25, 7, 7 ],
    "to": [ 6.5, 7.25, 9 ],
    "faces": {
        "down":  { "uv": [ 9.75, 9, 9.5, 7 ], "texture": "#texture" },
        "up":    { "uv": [ 6.25, 7, 6.5, 9 ], "texture": "#texture" },
        "north": { "uv": [ 9.5, 8.75, 9.75, 9 ], "texture": "#texture" },
        "south": { "uv": [ 6.25, 8.75, 6.5, 9 ], "texture": "#texture" },
        "west":  { "uv": [ 7, 8.75, 9, 9 ], "texture": "#texture" }
    }
},
{
    "__comment": "Ring",
    "from": [ 7, 7, 6.25 ],
    "to": [ 9, 7.25, 6.5 ],
    "faces": {
        "down":  { "uv": [ 9, 6.5, 7, 6.25 ], "texture": "#texture" },
        "up":    { "uv": [ 7, 6.25, 9, 6.5 ], "texture": "#texture" },
        "north": { "uv": [ 7, 8.75, 9, 9 ], "texture": "#texture" },
        "west":  { "uv": [ 6.25, 8.75, 6.5, 9 ], "texture": "#texture" },
        "east":  { "uv": [ 9.5, 8.75, 9.75, 9 ], "texture": "#texture" }
    }
},
{
    "__comment": "Ring",
    "from": [ 7, 7, 9.5 ],
    "to": [ 9, 7.25, 9.75 ],
    "faces": {
        "down":  { "uv": [ 9, 9.75, 7, 9.5 ], "texture": "#texture" },
        "up":    { "uv": [ 7, 9.5, 9, 9.75 ], "texture": "#texture" },
        "south": { "uv": [ 7, 8.75, 9, 9 ], "texture": "#texture" },
        "west":  { "uv": [ 9.5, 8.75, 9.75, 9 ], "texture": "#texture" },
        "east":  { "uv": [ 6.25, 8.75, 6.5, 9 ], "texture": "#texture" }
    }
},
{
    "__comment": "Ring",
    "from": [ 6.75, 7, 9 ],
    "to": [ 7, 7.25, 9.25 ],
    "faces": {
        "down":  { "uv": [ 9.25, 9.25, 9, 9 ], "texture": "#texture" },
        "up":    { "uv": [ 6.75, 9, 7, 9.25 ], "texture": "#texture" },
        "north": { "uv": [ 9, 8.75, 9.25, 9 ], "texture": "#texture" },
        "south": { "uv": [ 6.75, 8.75, 7, 9 ], "texture": "#texture" },
        "west":  { "uv": [ 9, 8.75, 9.25, 9 ], "texture": "#texture" }
    }
},
{
    "__comment": "Ring",
    "from": [ 6.5, 7, 9 ],
    "to": [ 6.75, 7.25, 9.25 ],
    "faces": {
        "down":  { "uv": [ 9.5, 9.25, 9.25, 9 ], "texture": "#texture" },
        "up":    { "uv": [ 6.5, 9, 6.75, 9.25 ], "texture": "#texture" },
        "north": { "uv": [ 9.25, 8.75, 9.5, 9 ], "texture": "#texture" },
        "south": { "uv": [ 6.5, 8.75, 6.75, 9 ], "texture": "#texture" },
        "west":  { "uv": [ 9, 8.75, 9.25, 9 ], "texture": "#texture" }
    }
},
{
    "__comment": "Ring",
    "from": [ 6.75, 7, 9.25 ],
    "to": [ 7, 7.25, 9.5 ],
    "faces": {
        "down":  { "uv": [ 9.25, 9.5, 9, 9.25 ], "texture": "#texture" },
        "up":    { "uv": [ 6.75, 9.25, 7, 9.5 ], "texture": "#texture" },
        "north": { "uv": [ 9, 8.75, 9.25, 9 ], "texture": "#texture" },
        "south": { "uv": [ 6.75, 8.75, 7, 9 ], "texture": "#texture" },
        "west":  { "uv": [ 9.25, 8.75, 9.5, 9 ], "texture": "#texture" }
    }
},
{
    "__comment": "Ring",
    "from": [ 6.75, 7, 6.75 ],
    "to": [ 7, 7.25, 7 ],
    "faces": {
        "down":  { "uv": [ 9.25, 7, 9, 6.75 ], "texture": "#texture" },
        "up":    { "uv": [ 6.75, 6.75, 7, 7 ], "texture": "#texture" },
        "north": { "uv": [ 9, 8.75, 9.25, 9 ], "texture": "#texture" },
        "west":  { "uv": [ 6.75, 8.75, 7, 9 ], "texture": "#texture" }
    }
},
{
    "__comment": "Ring",
    "from": [ 6.75, 7, 6.5 ],
    "to": [ 7, 7.25, 6.75 ],
    "faces": {
        "down":  { "uv": [ 9.25, 6.75, 9, 6.5 ], "texture": "#texture" },
        "up":    { "uv": [ 6.75, 6.5, 7, 6.75 ], "texture": "#texture" },
        "north": { "uv": [ 9, 8.75, 9.25, 9 ], "texture": "#texture" },
        "west":  { "uv": [ 6.5, 8.75, 6.75, 9 ], "texture": "#texture" }
    }
},
{
    "__comment": "Ring",
    "from": [ 6.5, 7, 6.75 ],
    "to": [ 6.75, 7.25, 7 ],
    "faces": {
        "down":  { "uv": [ 9.5, 7, 9.25, 6.75 ], "texture": "#texture" },
        "up":    { "uv": [ 6.5, 6.75, 6.75, 7 ], "texture": "#texture" },
        "north": { "uv": [ 9.25, 8.75, 9.5, 9 ], "texture": "#texture" },
        "west":  { "uv": [ 6.75, 8.75, 7, 9 ], "texture": "#texture" }
    }
},
{
    "__comment": "Ring",
    "from": [ 9, 7, 9 ],
    "to": [ 9.25, 7.25, 9.25 ],
    "faces": {
        "down":  { "uv": [ 7, 9.25, 6.75, 9 ], "texture": "#texture" },
        "up":    { "uv": [ 9, 9, 9.25, 9.25 ], "texture": "#texture" },
        "north": { "uv": [ 6.75, 8.75, 7, 9 ], "texture": "#texture" },
        "south": { "uv": [ 9, 8.75, 9.25, 9 ], "texture": "#texture" },
        "west":  { "uv": [ 9, 8.75, 9.25, 9 ], "texture": "#texture" },
        "east":  { "uv": [ 6.75, 8.75, 7, 9 ], "texture": "#texture" }
    }
},
{
    "__comment": "Ring",
    "from": [ 9, 7, 9.25 ],
    "to": [ 9.25, 7.25, 9.5 ],
    "faces": {
        "down":  { "uv": [ 7, 9.5, 6.75, 9.25 ], "texture": "#texture" },
        "up":    { "uv": [ 9, 9.25, 9.25, 9.5 ], "texture": "#texture" },
        "north": { "uv": [ 6.75, 8.75, 7, 9 ], "texture": "#texture" },
        "south": { "uv": [ 9, 8.75, 9.25, 9 ], "texture": "#texture" },
        "west":  { "uv": [ 9.25, 8.75, 9.5, 9 ], "texture": "#texture" },
        "east":  { "uv": [ 6.5, 8.75, 6.75, 9 ], "texture": "#texture" }
    }
},
{
    "__comment": "Ring",
    "from": [ 9, 7, 6.75 ],
    "to": [ 9.25, 7.25, 7 ],
    "faces": {
        "down":  { "uv": [ 7, 7, 6.75, 6.75 ], "texture": "#texture" },
        "up":    { "uv": [ 9, 6.75, 9.25, 7 ], "texture": "#texture" },
        "north": { "uv": [ 6.75, 8.75, 7, 9 ], "texture": "#texture" },
        "west":  { "uv": [ 6.75, 8.75, 7, 9 ], "texture": "#texture" },
        "east":  { "uv": [ 9, 8.75, 9.25, 9 ], "texture": "#texture" }
    }
},
{
    "__comment": "Ring",
    "from": [ 9, 7, 6.5 ],
    "to": [ 9.25, 7.25, 6.75 ],
    "faces": {
        "down":  { "uv": [ 7, 6.75, 6.75, 6.5 ], "texture": "#texture" },
        "up":    { "uv": [ 9, 6.5, 9.25, 6.75 ], "texture": "#texture" },
        "north": { "uv": [ 6.75, 8.75, 7, 9 ], "texture": "#texture" },
        "west":  { "uv": [ 6.5, 8.75, 6.75, 9 ], "texture": "#texture" },
        "east":  { "uv": [ 9.25, 8.75, 9.5, 9 ], "texture": "#texture" }
    }
},
{
    "__comment": "Ring",
    "from": [ 9.25, 7, 9 ],
    "to": [ 9.5, 7.25, 9.25 ],
    "faces": {
        "down":  { "uv": [ 6.75, 9.25, 6.5, 9 ], "texture": "#texture" },
        "up":    { "uv": [ 9.25, 9, 9.5, 9.25 ], "texture": "#texture" },
        "north": { "uv": [ 6.5, 8.75, 6.75, 9 ], "texture": "#texture" },
        "south": { "uv": [ 9.25, 8.75, 9.5, 9 ], "texture": "#texture" },
        "west":  { "uv": [ 9, 8.75, 9.25, 9 ], "texture": "#texture" },
        "east":  { "uv": [ 6.75, 8.75, 7, 9 ], "texture": "#texture" }
    }
},
{
    "__comment": "Ring",
    "from": [ 9.25, 7, 6.75 ],
    "to": [ 9.5, 7.25, 7 ],
    "faces": {
        "down":  { "uv": [ 6.75, 7, 6.5, 6.75 ], "texture": "#texture" },
        "up":    { "uv": [ 9.25, 6.75, 9.5, 7 ], "texture": "#texture" },
        "north": { "uv": [ 6.5, 8.75, 6.75, 9 ], "texture": "#texture" },
        "west":  { "uv": [ 6.75, 8.75, 7, 9 ], "texture": "#texture" },
        "east":  { "uv": [ 9, 8.75, 9.25, 9 ], "texture": "#texture" }
    }
},
{
    "__comment": "Outer",
    "from": [ 6, 7.25, 7 ],
    "to": [ 6.5, 7.75, 9 ],
    "faces": {
        "down":  { "uv": [ 10, 9, 9.5, 7 ], "texture": "#texture" },
        "up":    { "uv": [ 6, 7, 6.5, 9 ], "texture": "#texture" },
        "north": { "uv": [ 9.5, 8.25, 10, 8.75 ], "texture": "#texture" },
        "south": { "uv": [ 6, 8.25, 6.5, 8.75 ], "texture": "#texture" },
        "west":  { "uv": [ 7, 8.25, 9, 8.75 ], "texture": "#texture" }
    }
},
{
    "__comment": "Outer",
    "from": [ 9.5, 7.25, 7 ],
    "to": [ 10, 7.75, 9 ],
    "faces": {
        "down":  { "uv": [ 6.5, 9, 6, 7 ], "texture": "#texture" },
        "up":    { "uv": [ 9.5, 7, 10, 9 ], "texture": "#texture" },
        "north": { "uv": [ 6, 8.25, 6.5, 8.75 ], "texture": "#texture" },
        "south": { "uv": [ 9.5, 8.25, 10, 8.75 ], "texture": "#texture" },
        "east":  { "uv": [ 7, 8.25, 9, 8.75 ], "texture": "#texture" }
    }
},
{
    "__comment": "Outer",
    "from": [ 7, 7.25, 6 ],
    "to": [ 9, 7.75, 6.5 ],
    "faces": {
        "down":  { "uv": [ 9, 6.5, 7, 6 ], "texture": "#texture" },
        "up":    { "uv": [ 7, 6, 9, 6.5 ], "texture": "#texture" },
        "north": { "uv": [ 7, 8.25, 9, 8.75 ], "texture": "#texture" },
        "west":  { "uv": [ 6, 8.25, 6.5, 8.75 ], "texture": "#texture" },
        "east":  { "uv": [ 9.5, 8.25, 10, 8.75 ], "texture": "#texture" }
    }
},
{
    "__comment": "Outer",
    "from": [ 7, 7.25, 9.5 ],
    "to": [ 9, 7.75, 10 ],
    "faces": {
        "down":  { "uv": [ 9, 10, 7, 9.5 ], "texture": "#texture" },
        "up":    { "uv": [ 7, 9.5, 9, 10 ], "texture": "#texture" },
        "south": { "uv": [ 7, 8.25, 9, 8.75 ], "texture": "#texture" },
        "west":  { "uv": [ 9.5, 8.25, 10, 8.75 ], "texture": "#texture" },
        "east":  { "uv": [ 6, 8.25, 6.5, 8.75 ], "texture": "#texture" }
    }
},
{
    "__comment": "Outer",
    "from": [ 6.5, 7.25, 6.5 ],
    "to": [ 7, 7.75, 7 ],
    "faces": {
        "down":  { "uv": [ 9.5, 7, 9, 6.5 ], "texture": "#texture" },
        "up":    { "uv": [ 6.5, 6.5, 7, 7 ], "texture": "#texture" },
        "north": { "uv": [ 9, 8.25, 9.5, 8.75 ], "texture": "#texture" },
        "west":  { "uv": [ 6.5, 8.25, 7, 8.75 ], "texture": "#texture" }
    }
},
{
    "__comment": "Outer",
    "from": [ 6.5, 7.25, 9 ],
    "to": [ 7, 7.75, 9.5 ],
    "faces": {
        "down":  { "uv": [ 9.5, 9.5, 9, 9 ], "texture": "#texture" },
        "up":    { "uv": [ 6.5, 9, 7, 9.5 ], "texture": "#texture" },
        "south": { "uv": [ 6.5, 8.25, 7, 8.75 ], "texture": "#texture" },
        "west":  { "uv": [ 9, 8.25, 9.5, 8.75 ], "texture": "#texture" }
    }
},
{
    "__comment": "Outer",
    "from": [ 9, 7.25, 6.5 ],
    "to": [ 9.5, 7.75, 7 ],
    "faces": {
        "down":  { "uv": [ 7, 7, 6.5, 6.5 ], "texture": "#texture" },
        "up":    { "uv": [ 9, 6.5, 9.5, 7 ], "texture": "#texture" },
        "north": { "uv": [ 6.5, 8.25, 7, 8.75 ], "texture": "#texture" },
        "west":  { "uv": [ 6.5, 8.25, 7, 8.75 ], "texture": "#texture" },
        "east":  { "uv": [ 9, 8.25, 9.5, 8.75 ], "texture": "#texture" }
    }
},
{
    "__comment": "Outer",
    "from": [ 9, 7.25, 9 ],
    "to": [ 9.5, 7.75, 9.5 ],
    "faces": {
        "down":  { "uv": [ 7, 9.5, 6.5, 9 ], "texture": "#texture" },
        "up":    { "uv": [ 9, 9, 9.5, 9.5 ], "texture": "#texture" },
        "south": { "uv": [ 9, 8.25, 9.5, 8.75 ], "texture": "#texture" },
        "west":  { "uv": [ 9, 8.25, 9.5, 8.75 ], "texture": "#texture" },
        "east":  { "uv": [ 6.5, 8.25, 7, 8.75 ], "texture": "#texture" }
    }
},
{
    "__comment": "Ring",
    "from": [ 9.5, 7.75, 7 ],
    "to": [ 9.75, 8, 9 ],
    "faces": {
        "down":  { "uv": [ 6.5, 9, 6.25, 7 ], "texture": "#texture" },
        "up":    { "uv": [ 9.5, 7, 9.75, 9 ], "texture": "#texture" },
        "north": { "uv": [ 6.25, 8, 6.5, 8.25 ], "texture": "#texture" },
        "south": { "uv": [ 9.5, 8, 9.75, 8.25 ], "texture": "#texture" },
        "east":  { "uv": [ 7, 8, 9, 8.25 ], "texture": "#texture" }
    }
},
{
    "__comment": "Ring",
    "from": [ 6.25, 7.75, 7 ],
    "to": [ 6.5, 8, 9 ],
    "faces": {
        "down":  { "uv": [ 9.75, 9, 9.5, 7 ], "texture": "#texture" },
        "up":    { "uv": [ 6.25, 7, 6.5, 9 ], "texture": "#texture" },
        "north": { "uv": [ 9.5, 8, 9.75, 8.25 ], "texture": "#texture" },
        "south": { "uv": [ 6.25, 8, 6.5, 8.25 ], "texture": "#texture" },
        "west":  { "uv": [ 7, 8, 9, 8.25 ], "texture": "#texture" }
    }
},
{
    "__comment": "Ring",
    "from": [ 7, 7.75, 6.25 ],
    "to": [ 9, 8, 6.5 ],
    "faces": {
        "down":  { "uv": [ 9, 6.5, 7, 6.25 ], "texture": "#texture" },
        "up":    { "uv": [ 7, 6.25, 9, 6.5 ], "texture": "#texture" },
        "north": { "uv": [ 7, 8, 9, 8.25 ], "texture": "#texture" },
        "west":  { "uv": [ 6.25, 8, 6.5, 8.25 ], "texture": "#texture" },
        "east":  { "uv": [ 9.5, 8, 9.75, 8.25 ], "texture": "#texture" }
    }
},
{
    "__comment": "Ring",
    "from": [ 7, 7.75, 9.5 ],
    "to": [ 9, 8, 9.75 ],
    "faces": {
        "down":  { "uv": [ 9, 9.75, 7, 9.5 ], "texture": "#texture" },
        "up":    { "uv": [ 7, 9.5, 9, 9.75 ], "texture": "#texture" },
        "south": { "uv": [ 7, 8, 9, 8.25 ], "texture": "#texture" },
        "west":  { "uv": [ 9.5, 8, 9.75, 8.25 ], "texture": "#texture" },
        "east":  { "uv": [ 6.25, 8, 6.5, 8.25 ], "texture": "#texture" }
    }
},
{
    "__comment": "Ring",
    "from": [ 6.75, 7.75, 9 ],
    "to": [ 7, 8, 9.25 ],
    "faces": {
        "down":  { "uv": [ 9.25, 9.25, 9, 9 ], "texture": "#texture" },
        "up":    { "uv": [ 6.75, 9, 7, 9.25 ], "texture": "#texture" },
        "north": { "uv": [ 9, 8, 9.25, 8.25 ], "texture": "#texture" },
        "south": { "uv": [ 6.75, 8, 7, 8.25 ], "texture": "#texture" },
        "west":  { "uv": [ 9, 8, 9.25, 8.25 ], "texture": "#texture" }
    }
},
{
    "__comment": "Ring",
    "from": [ 6.5, 7.75, 9 ],
    "to": [ 6.75, 8, 9.25 ],
    "faces": {
        "down":  { "uv": [ 9.5, 9.25, 9.25, 9 ], "texture": "#texture" },
        "up":    { "uv": [ 6.5, 9, 6.75, 9.25 ], "texture": "#texture" },
        "north": { "uv": [ 9.25, 8, 9.5, 8.25 ], "texture": "#texture" },
        "south": { "uv": [ 6.5, 8, 6.75, 8.25 ], "texture": "#texture" },
        "west":  { "uv": [ 9, 8, 9.25, 8.25 ], "texture": "#texture" }
    }
},
{
    "__comment": "Ring",
    "from": [ 6.75, 7.75, 9.25 ],
    "to": [ 7, 8, 9.5 ],
    "faces": {
        "down":  { "uv": [ 9.25, 9.5, 9, 9.25 ], "texture": "#texture" },
        "up":    { "uv": [ 6.75, 9.25, 7, 9.5 ], "texture": "#texture" },
        "north": { "uv": [ 9, 8, 9.25, 8.25 ], "texture": "#texture" },
        "south": { "uv": [ 6.75, 8, 7, 8.25 ], "texture": "#texture" },
        "west":  { "uv": [ 9.25, 8, 9.5, 8.25 ], "texture": "#texture" }
    }
},
{
    "__comment": "Ring",
    "from": [ 6.75, 7.75, 6.75 ],
    "to": [ 7, 8, 7 ],
    "faces": {
        "down":  { "uv": [ 9.25, 7, 9, 6.75 ], "texture": "#texture" },
        "up":    { "uv": [ 6.75, 6.75, 7, 7 ], "texture": "#texture" },
        "north": { "uv": [ 9, 8, 9.25, 8.25 ], "texture": "#texture" },
        "west":  { "uv": [ 6.75, 8, 7, 8.25 ], "texture": "#texture" }
    }
},
{
    "__comment": "Ring",
    "from": [ 6.75, 7.75, 6.5 ],
    "to": [ 7, 8, 6.75 ],
    "faces": {
        "down":  { "uv": [ 9.25, 6.75, 9, 6.5 ], "texture": "#texture" },
        "up":    { "uv": [ 6.75, 6.5, 7, 6.75 ], "texture": "#texture" },
        "north": { "uv": [ 9, 8, 9.25, 8.25 ], "texture": "#texture" },
        "west":  { "uv": [ 6.5, 8, 6.75, 8.25 ], "texture": "#texture" }
    }
},
{
    "__comment": "Ring",
    "from": [ 6.5, 7.75, 6.75 ],
    "to": [ 6.75, 8, 7 ],
    "faces": {
        "down":  { "uv": [ 9.5, 7, 9.25, 6.75 ], "texture": "#texture" },
        "up":    { "uv": [ 6.5, 6.75, 6.75, 7 ], "texture": "#texture" },
        "north": { "uv": [ 9.25, 8, 9.5, 8.25 ], "texture": "#texture" },
        "west":  { "uv": [ 6.75, 8, 7, 8.25 ], "texture": "#texture" }
    }
},
{
    "__comment": "Ring",
    "from": [ 9, 7.75, 9 ],
    "to": [ 9.25, 8, 9.25 ],
    "faces": {
        "down":  { "uv": [ 7, 9.25, 6.75, 9 ], "texture": "#texture" },
        "up":    { "uv": [ 9, 9, 9.25, 9.25 ], "texture": "#texture" },
        "north": { "uv": [ 6.75, 8, 7, 8.25 ], "texture": "#texture" },
        "south": { "uv": [ 9, 8, 9.25, 8.25 ], "texture": "#texture" },
        "west":  { "uv": [ 9, 8, 9.25, 8.25 ], "texture": "#texture" },
        "east":  { "uv": [ 6.75, 8, 7, 8.25 ], "texture": "#texture" }
    }
},
{
    "__comment": "Ring",
    "from": [ 9, 7.75, 9.25 ],
    "to": [ 9.25, 8, 9.5 ],
    "faces": {
        "down":  { "uv": [ 7, 9.5, 6.75, 9.25 ], "texture": "#texture" },
        "up":    { "uv": [ 9, 9.25, 9.25, 9.5 ], "texture": "#texture" },
        "north": { "uv": [ 6.75, 8, 7, 8.25 ], "texture": "#texture" },
        "south": { "uv": [ 9, 8, 9.25, 8.25 ], "texture": "#texture" },
        "west":  { "uv": [ 9.25, 8, 9.5, 8.25 ], "texture": "#texture" },
        "east":  { "uv": [ 6.5, 8, 6.75, 8.25 ], "texture": "#texture" }
    }
},
{
    "__comment": "Ring",
    "from": [ 9, 7.75, 6.75 ],
    "to": [ 9.25, 8, 7 ],
    "faces": {
        "down":  { "uv": [ 7, 7, 6.75, 6.75 ], "texture": "#texture" },
        "up":    { "uv": [ 9, 6.75, 9.25, 7 ], "texture": "#texture" },
        "north": { "uv": [ 6.75, 8, 7, 8.25 ], "texture": "#texture" },
        "west":  { "uv": [ 6.75, 8, 7, 8.25 ], "texture": "#texture" },
        "east":  { "uv": [ 9, 8, 9.25, 8.25 ], "texture": "#texture" }
    }
},
{
    "__comment": "Ring",
    "from": [ 9, 7.75, 6.5 ],
    "to": [ 9.25, 8, 6.75 ],
    "faces": {
        "down":  { "uv": [ 7, 6.75, 6.75, 6.5 ], "texture": "#texture" },
        "up":    { "uv": [ 9, 6.5, 9.25, 6.75 ], "texture": "#texture" },
        "north": { "uv": [ 6.75, 8, 7, 8.25 ], "texture": "#texture" },
        "west":  { "uv": [ 6.5, 8, 6.75, 8.25 ], "texture": "#texture" },
        "east":  { "uv": [ 9.25, 8, 9.5, 8.25 ], "texture": "#texture" }
    }
},
{
    "__comment": "Ring",
    "from": [ 9.25, 7.75, 9 ],
    "to": [ 9.5, 8, 9.25 ],
    "faces": {
        "down":  { "uv": [ 6.75, 9.25, 6.5, 9 ], "texture": "#texture" },
        "up":    { "uv": [ 9.25, 9, 9.5, 9.25 ], "texture": "#texture" },
        "north": { "uv": [ 6.5, 8, 6.75, 8.25 ], "texture": "#texture" },
        "south": { "uv": [ 9.25, 8, 9.5, 8.25 ], "texture": "#texture" },
        "west":  { "uv": [ 9, 8, 9.25, 8.25 ], "texture": "#texture" },
        "east":  { "uv": [ 6.75, 8, 7, 8.25 ], "texture": "#texture" }
    }
},
{
    "__comment": "Ring",
    "from": [ 9.25, 7.75, 6.75 ],
    "to": [ 9.5, 8, 7 ],
    "faces": {
        "down":  { "uv": [ 6.75, 7, 6.5, 6.75 ], "texture": "#texture" },
        "up":    { "uv": [ 9.25, 6.75, 9.5, 7 ], "texture": "#texture" },
        "north": { "uv": [ 6.5, 8, 6.75, 8.25 ], "texture": "#texture" },
        "west":  { "uv": [ 6.75, 8, 7, 8.25 ], "texture": "#texture" },
        "east":  { "uv": [ 9, 8, 9.25, 8.25 ], "texture": "#texture" }
    }
},
{
    "__comment": "Outer",
    "from": [ 6, 8, 7 ],
    "to": [ 6.5, 8.5, 9 ],
    "faces": {
        "down":  { "uv": [ 10, 9, 9.5, 7 ], "texture": "#texture" },
        "up":    { "uv": [ 6, 7, 6.5, 9 ], "texture": "#texture" },
        "north": { "uv": [ 9.5, 7.5, 10, 8 ], "texture": "#texture" },
        "south": { "uv": [ 6, 7.5, 6.5, 8 ], "texture": "#texture" },
        "west":  { "uv": [ 7, 7.5, 9, 8 ], "texture": "#texture" }
    }
},
{
    "__comment": "Outer",
    "from": [ 9.5, 8, 7 ],
    "to": [ 10, 8.5, 9 ],
    "faces": {
        "down":  { "uv": [ 6.5, 9, 6, 7 ], "texture": "#texture" },
        "up":    { "uv": [ 9.5, 7, 10, 9 ], "texture": "#texture" },
        "north": { "uv": [ 6, 7.5, 6.5, 8 ], "texture": "#texture" },
        "south": { "uv": [ 9.5, 7.5, 10, 8 ], "texture": "#texture" },
        "east":  { "uv": [ 7, 7.5, 9, 8 ], "texture": "#texture" }
    }
},
{
    "__comment": "Outer",
    "from": [ 7, 8, 6 ],
    "to": [ 9, 8.5, 6.5 ],
    "faces": {
        "down":  { "uv": [ 9, 6.5, 7, 6 ], "texture": "#texture" },
        "up":    { "uv": [ 7, 6, 9, 6.5 ], "texture": "#texture" },
        "north": { "uv": [ 7, 7.5, 9, 8 ], "texture": "#texture" },
        "west":  { "uv": [ 6, 7.5, 6.5, 8 ], "texture": "#texture" },
        "east":  { "uv": [ 9.5, 7.5, 10, 8 ], "texture": "#texture" }
    }
},
{
    "__comment": "Outer",
    "from": [ 7, 8, 9.5 ],
    "to": [ 9, 8.5, 10 ],
    "faces": {
        "down":  { "uv": [ 9, 10, 7, 9.5 ], "texture": "#texture" },
        "up":    { "uv": [ 7, 9.5, 9, 10 ], "texture": "#texture" },
        "south": { "uv": [ 7, 7.5, 9, 8 ], "texture": "#texture" },
        "west":  { "uv": [ 9.5, 7.5, 10, 8 ], "texture": "#texture" },
        "east":  { "uv": [ 6, 7.5, 6.5, 8 ], "texture": "#texture" }
    }
},
{
    "__comment": "Outer",
    "from": [ 6.5, 8, 6.5 ],
    "to": [ 7, 8.5, 7 ],
    "faces": {
        "down":  { "uv": [ 9.5, 7, 9, 6.5 ], "texture": "#texture" },
        "up":    { "uv": [ 6.5, 6.5, 7, 7 ], "texture": "#texture" },
        "north": { "uv": [ 9, 7.5, 9.5, 8 ], "texture": "#texture" },
        "west":  { "uv": [ 6.5, 7.5, 7, 8 ], "texture": "#texture" }
    }
},
{
    "__comment": "Outer",
    "from": [ 6.5, 8, 9 ],
    "to": [ 7, 8.5, 9.5 ],
    "faces": {
        "down":  { "uv": [ 9.5, 9.5, 9, 9 ], "texture": "#texture" },
        "up":    { "uv": [ 6.5, 9, 7, 9.5 ], "texture": "#texture" },
        "south": { "uv": [ 6.5, 7.5, 7, 8 ], "texture": "#texture" },
        "west":  { "uv": [ 9, 7.5, 9.5, 8 ], "texture": "#texture" }
    }
},
{
    "__comment": "Outer",
    "from": [ 9, 8, 6.5 ],
    "to": [ 9.5, 8.5, 7 ],
    "faces": {
        "down":  { "uv": [ 7, 7, 6.5, 6.5 ], "texture": "#texture" },
        "up":    { "uv": [ 9, 6.5, 9.5, 7 ], "texture": "#texture" },
        "north": { "uv": [ 6.5, 7.5, 7, 8 ], "texture": "#texture" },
        "west":  { "uv": [ 6.5, 7.5, 7, 8 ], "texture": "#texture" },
        "east":  { "uv": [ 9, 7.5, 9.5, 8 ], "texture": "#texture" }
    }
},
{
    "__comment": "Outer",
    "from": [ 9, 8, 9 ],
    "to": [ 9.5, 8.5, 9.5 ],
    "faces": {
        "down":  { "uv": [ 7, 9.5, 6.5, 9 ], "texture": "#texture" },
        "up":    { "uv": [ 9, 9, 9.5, 9.5 ], "texture": "#texture" },
        "south": { "uv": [ 9, 7.5, 9.5, 8 ], "texture": "#texture" },
        "west":  { "uv": [ 9, 7.5, 9.5, 8 ], "texture": "#texture" },
        "east":  { "uv": [ 6.5, 7.5, 7, 8 ], "texture": "#texture" }
    }
},
{
    "__comment": "Ring",
    "from": [ 9.5, 8.5, 7 ],
    "to": [ 9.75, 8.75, 9 ],
    "faces": {
        "down":  { "uv": [ 6.5, 9, 6.25, 7 ], "texture": "#texture" },
        "up":    { "uv": [ 9.5, 7, 9.75, 9 ], "texture": "#texture" },
        "north": { "uv": [ 6.25, 7.25, 6.5, 7.5 ], "texture": "#texture" },
        "south": { "uv": [ 9.5, 7.25, 9.75, 7.5 ], "texture": "#texture" },
        "west":  { "uv": [ 7, 7.25, 9, 7.5 ], "texture": "#texture" },
        "east":  { "uv": [ 7, 7.25, 9, 7.5 ], "texture": "#texture" }
    }
},
{
    "__comment": "Ring",
    "from": [ 6.25, 8.5, 7 ],
    "to": [ 6.5, 8.75, 9 ],
    "faces": {
        "down":  { "uv": [ 9.75, 9, 9.5, 7 ], "texture": "#texture" },
        "up":    { "uv": [ 6.25, 7, 6.5, 9 ], "texture": "#texture" },
        "north": { "uv": [ 9.5, 7.25, 9.75, 7.5 ], "texture": "#texture" },
        "south": { "uv": [ 6.25, 7.25, 6.5, 7.5 ], "texture": "#texture" },
        "west":  { "uv": [ 7, 7.25, 9, 7.5 ], "texture": "#texture" }
    }
},
{
    "__comment": "Ring",
    "from": [ 7, 8.5, 6.25 ],
    "to": [ 9, 8.75, 6.5 ],
    "faces": {
        "down":  { "uv": [ 9, 6.5, 7, 6.25 ], "texture": "#texture" },
        "up":    { "uv": [ 7, 6.25, 9, 6.5 ], "texture": "#texture" },
        "north": { "uv": [ 7, 7.25, 9, 7.5 ], "texture": "#texture" },
        "west":  { "uv": [ 6.25, 7.25, 6.5, 7.5 ], "texture": "#texture" },
        "east":  { "uv": [ 9.5, 7.25, 9.75, 7.5 ], "texture": "#texture" }
    }
},
{
    "__comment": "Ring",
    "from": [ 7, 8.5, 9.5 ],
    "to": [ 9, 8.75, 9.75 ],
    "faces": {
        "down":  { "uv": [ 9, 9.75, 7, 9.5 ], "texture": "#texture" },
        "up":    { "uv": [ 7, 9.5, 9, 9.75 ], "texture": "#texture" },
        "south": { "uv": [ 7, 7.25, 9, 7.5 ], "texture": "#texture" },
        "west":  { "uv": [ 9.5, 7.25, 9.75, 7.5 ], "texture": "#texture" },
        "east":  { "uv": [ 6.25, 7.25, 6.5, 7.5 ], "texture": "#texture" }
    }
},
{
    "__comment": "Ring",
    "from": [ 6.75, 8.5, 9 ],
    "to": [ 7, 8.75, 9.25 ],
    "faces": {
        "down":  { "uv": [ 9.25, 9.25, 9, 9 ], "texture": "#texture" },
        "up":    { "uv": [ 6.75, 9, 7, 9.25 ], "texture": "#texture" },
        "north": { "uv": [ 9, 7.25, 9.25, 7.5 ], "texture": "#texture" },
        "south": { "uv": [ 6.75, 7.25, 7, 7.5 ], "texture": "#texture" },
        "west":  { "uv": [ 9, 7.25, 9.25, 7.5 ], "texture": "#texture" }
    }
},
{
    "__comment": "Ring",
    "from": [ 6.5, 8.5, 9 ],
    "to": [ 6.75, 8.75, 9.25 ],
    "faces": {
        "down":  { "uv": [ 9.5, 9.25, 9.25, 9 ], "texture": "#texture" },
        "up":    { "uv": [ 6.5, 9, 6.75, 9.25 ], "texture": "#texture" },
        "north": { "uv": [ 9.25, 7.25, 9.5, 7.5 ], "texture": "#texture" },
        "south": { "uv": [ 6.5, 7.25, 6.75, 7.5 ], "texture": "#texture" },
        "west":  { "uv": [ 9, 7.25, 9.25, 7.5 ], "texture": "#texture" }
    }
},
{
    "__comment": "Ring",
    "from": [ 6.75, 8.5, 9.25 ],
    "to": [ 7, 8.75, 9.5 ],
    "faces": {
        "down":  { "uv": [ 9.25, 9.5, 9, 9.25 ], "texture": "#texture" },
        "up":    { "uv": [ 6.75, 9.25, 7, 9.5 ], "texture": "#texture" },
        "north": { "uv": [ 9, 7.25, 9.25, 7.5 ], "texture": "#texture" },
        "south": { "uv": [ 6.75, 7.25, 7, 7.5 ], "texture": "#texture" },
        "west":  { "uv": [ 9.25, 7.25, 9.5, 7.5 ], "texture": "#texture" }
    }
},
{
    "__comment": "Ring",
    "from": [ 6.75, 8.5, 6.75 ],
    "to": [ 7, 8.75, 7 ],
    "faces": {
        "down":  { "uv": [ 9.25, 7, 9, 6.75 ], "texture": "#texture" },
        "up":    { "uv": [ 6.75, 6.75, 7, 7 ], "texture": "#texture" },
        "north": { "uv": [ 9, 7.25, 9.25, 7.5 ], "texture": "#texture" },
        "west":  { "uv": [ 6.75, 7.25, 7, 7.5 ], "texture": "#texture" }
    }
},
{
    "__comment": "Ring",
    "from": [ 6.75, 8.5, 6.5 ],
    "to": [ 7, 8.75, 6.75 ],
    "faces": {
        "down":  { "uv": [ 9.25, 6.75, 9, 6.5 ], "texture": "#texture" },
        "up":    { "uv": [ 6.75, 6.5, 7, 6.75 ], "texture": "#texture" },
        "north": { "uv": [ 9, 7.25, 9.25, 7.5 ], "texture": "#texture" },
        "west":  { "uv": [ 6.5, 7.25, 6.75, 7.5 ], "texture": "#texture" }
    }
},
{
    "__comment": "Ring",
    "from": [ 6.5, 8.5, 6.75 ],
    "to": [ 6.75, 8.75, 7 ],
    "faces": {
        "down":  { "uv": [ 9.5, 7, 9.25, 6.75 ], "texture": "#texture" },
        "up":    { "uv": [ 6.5, 6.75, 6.75, 7 ], "texture": "#texture" },
        "north": { "uv": [ 9.25, 7.25, 9.5, 7.5 ], "texture": "#texture" },
        "west":  { "uv": [ 6.75, 7.25, 7, 7.5 ], "texture": "#texture" }
    }
},
{
    "__comment": "Ring",
    "from": [ 9, 8.5, 9 ],
    "to": [ 9.25, 8.75, 9.25 ],
    "faces": {
        "down":  { "uv": [ 7, 9.25, 6.75, 9 ], "texture": "#texture" },
        "up":    { "uv": [ 9, 9, 9.25, 9.25 ], "texture": "#texture" },
        "north": { "uv": [ 6.75, 7.25, 7, 7.5 ], "texture": "#texture" },
        "south": { "uv": [ 9, 7.25, 9.25, 7.5 ], "texture": "#texture" },
        "west":  { "uv": [ 9, 7.25, 9.25, 7.5 ], "texture": "#texture" },
        "east":  { "uv": [ 6.75, 7.25, 7, 7.5 ], "texture": "#texture" }
    }
},
{
    "__comment": "Ring",
    "from": [ 9, 8.5, 9.25 ],
    "to": [ 9.25, 8.75, 9.5 ],
    "faces": {
        "down":  { "uv": [ 7, 9.5, 6.75, 9.25 ], "texture": "#texture" },
        "up":    { "uv": [ 9, 9.25, 9.25, 9.5 ], "texture": "#texture" },
        "north": { "uv": [ 6.75, 7.25, 7, 7.5 ], "texture": "#texture" },
        "south": { "uv": [ 9, 7.25, 9.25, 7.5 ], "texture": "#texture" },
        "west":  { "uv": [ 9.25, 7.25, 9.5, 7.5 ], "texture": "#texture" },
        "east":  { "uv": [ 6.5, 7.25, 6.75, 7.5 ], "texture": "#texture" }
    }
},
{
    "__comment": "Ring",
    "from": [ 9, 8.5, 6.75 ],
    "to": [ 9.25, 8.75, 7 ],
    "faces": {
        "down":  { "uv": [ 7, 7, 6.75, 6.75 ], "texture": "#texture" },
        "up":    { "uv": [ 9, 6.75, 9.25, 7 ], "texture": "#texture" },
        "north": { "uv": [ 6.75, 7.25, 7, 7.5 ], "texture": "#texture" },
        "west":  { "uv": [ 6.75, 7.25, 7, 7.5 ], "texture": "#texture" },
        "east":  { "uv": [ 9, 7.25, 9.25, 7.5 ], "texture": "#texture" }
    }
},
{
    "__comment": "Ring",
    "from": [ 9, 8.5, 6.5 ],
    "to": [ 9.25, 8.75, 6.75 ],
    "faces": {
        "down":  { "uv": [ 7, 6.75, 6.75, 6.5 ], "texture": "#texture" },
        "up":    { "uv": [ 9, 6.5, 9.25, 6.75 ], "texture": "#texture" },
        "north": { "uv": [ 6.75, 7.25, 7, 7.5 ], "texture": "#texture" },
        "west":  { "uv": [ 6.5, 7.25, 6.75, 7.5 ], "texture": "#texture" },
        "east":  { "uv": [ 9.25, 7.25, 9.5, 7.5 ], "texture": "#texture" }
    }
},
{
    "__comment": "Ring",
    "from": [ 9.25, 8.5, 9 ],
    "to": [ 9.5, 8.75, 9.25 ],
    "faces": {
        "down":  { "uv": [ 6.75, 9.25, 6.5, 9 ], "texture": "#texture" },
        "up":    { "uv": [ 9.25, 9, 9.5, 9.25 ], "texture": "#texture" },
        "north": { "uv": [ 6.5, 7.25, 6.75, 7.5 ], "texture": "#texture" },
        "south": { "uv": [ 9.25, 7.25, 9.5, 7.5 ], "texture": "#texture" },
        "west":  { "uv": [ 9, 7.25, 9.25, 7.5 ], "texture": "#texture" },
        "east":  { "uv": [ 6.75, 7.25, 7, 7.5 ], "texture": "#texture" }
    }
},
{
    "__comment": "Ring",
    "from": [ 9.25, 8.5, 6.75 ],
    "to": [ 9.5, 8.75, 7 ],
    "faces": {
        "down":  { "uv": [ 6.75, 7, 6.5, 6.75 ], "texture": "#texture" },
        "up":    { "uv": [ 9.25, 6.75, 9.5, 7 ], "texture": "#texture" },
        "north": { "uv": [ 6.5, 7.25, 6.75, 7.5 ], "texture": "#texture" },
        "west":  { "uv": [ 6.75, 7.25, 7, 7.5 ], "texture": "#texture" },
        "east":  { "uv": [ 9, 7.25, 9.25, 7.5 ], "texture": "#texture" }
    }
},
{
    "__comment": "Outer",
    "from": [ 6, 8.75, 7 ],
    "to": [ 6.5, 9.5, 9 ],
    "faces": {
        "down":  { "uv": [ 10, 9, 9.5, 7 ], "texture": "#texture" },
        "up":    { "uv": [ 6, 7, 6.5, 9 ], "texture": "#texture" },
        "north": { "uv": [ 9.5, 6.5, 10, 7.25 ], "texture": "#texture" },
        "south": { "uv": [ 6, 6.5, 6.5, 7.25 ], "texture": "#texture" },
        "west":  { "uv": [ 7, 6.5, 9, 7.25 ], "texture": "#texture" }
    }
},
{
    "__comment": "Outer",
    "from": [ 9.5, 8.75, 7 ],
    "to": [ 10, 9.5, 9 ],
    "faces": {
        "down":  { "uv": [ 6.5, 9, 6, 7 ], "texture": "#texture" },
        "up":    { "uv": [ 9.5, 7, 10, 9 ], "texture": "#texture" },
        "north": { "uv": [ 6, 6.5, 6.5, 7.25 ], "texture": "#texture" },
        "south": { "uv": [ 9.5, 6.5, 10, 7.25 ], "texture": "#texture" },
        "west":  { "uv": [ 7, 6.5, 9, 7.25 ], "texture": "#texture" },
        "east":  { "uv": [ 7, 6.5, 9, 7.25 ], "texture": "#texture" }
    }
},
{
    "__comment": "Outer",
    "from": [ 7, 8.75, 6 ],
    "to": [ 9, 9.5, 6.5 ],
    "faces": {
        "down":  { "uv": [ 9, 6.5, 7, 6 ], "texture": "#texture" },
        "up":    { "uv": [ 7, 6, 9, 6.5 ], "texture": "#texture" },
        "north": { "uv": [ 7, 6.5, 9, 7.25 ], "texture": "#texture" },
        "west":  { "uv": [ 6, 6.5, 6.5, 7.25 ], "texture": "#texture" },
        "east":  { "uv": [ 9.5, 6.5, 10, 7.25 ], "texture": "#texture" }
    }
},
{
    "__comment": "Outer",
    "from": [ 7, 8.75, 9.5 ],
    "to": [ 9, 9.5, 10 ],
    "faces": {
        "down":  { "uv": [ 9, 10, 7, 9.5 ], "texture": "#texture" },
        "up":    { "uv": [ 7, 9.5, 9, 10 ], "texture": "#texture" },
        "west":  { "uv": [ 9.5, 6.5, 10, 7.25 ], "texture": "#texture" },
        "east":  { "uv": [ 6, 6.5, 6.5, 7.25 ], "texture": "#texture" }
    }
},
{
    "__comment": "Outer",
    "from": [ 6.5, 8.75, 6.5 ],
    "to": [ 7, 9.5, 7 ],
    "faces": {
        "down":  { "uv": [ 9.5, 7, 9, 6.5 ], "texture": "#texture" },
        "up":    { "uv": [ 6.5, 6.5, 7, 7 ], "texture": "#texture" },
        "north": { "uv": [ 9, 6.5, 9.5, 7.25 ], "texture": "#texture" },
        "west":  { "uv": [ 6.5, 6.5, 7, 7.25 ], "texture": "#texture" }
    }
},
{
    "__comment": "Outer",
    "from": [ 6.5, 8.75, 9 ],
    "to": [ 7, 9.5, 9.5 ],
    "faces": {
        "down":  { "uv": [ 9.5, 9.5, 9, 9 ], "texture": "#texture" },
        "up":    { "uv": [ 6.5, 9, 7, 9.5 ], "texture": "#texture" },
        "south": { "uv": [ 6.5, 6.5, 7, 7.25 ], "texture": "#texture" },
        "west":  { "uv": [ 9, 6.5, 9.5, 7.25 ], "texture": "#texture" }
    }
},
{
    "__comment": "Outer",
    "from": [ 9, 8.75, 6.5 ],
    "to": [ 9.5, 9.5, 7 ],
    "faces": {
        "down":  { "uv": [ 7, 7, 6.5, 6.5 ], "texture": "#texture" },
        "up":    { "uv": [ 9, 6.5, 9.5, 7 ], "texture": "#texture" },
        "north": { "uv": [ 6.5, 6.5, 7, 7.25 ], "texture": "#texture" },
        "west":  { "uv": [ 6.5, 6.5, 7, 7.25 ], "texture": "#texture" },
        "east":  { "uv": [ 9, 6.5, 9.5, 7.25 ], "texture": "#texture" }
    }
},
{
    "__comment": "Outer",
    "from": [ 9, 8.75, 9 ],
    "to": [ 9.5, 9.5, 9.5 ],
    "faces": {
        "down":  { "uv": [ 7, 9.5, 6.5, 9 ], "texture": "#texture" },
        "up":    { "uv": [ 9, 9, 9.5, 9.5 ], "texture": "#texture" },
        "south": { "uv": [ 9, 6.5, 9.5, 7.25 ], "texture": "#texture" },
        "west":  { "uv": [ 9, 6.5, 9.5, 7.25 ], "texture": "#texture" },
        "east":  { "uv": [ 6.5, 6.5, 7, 7.25 ], "texture": "#texture" }
    }
},
{
    "__comment": "Ring",
    "from": [ 9.5, 9.5, 7 ],
    "to": [ 9.75, 10, 9 ],
    "faces": {
        "down":  { "uv": [ 6.5, 9, 6.25, 7 ], "texture": "#texture" },
        "up":    { "uv": [ 9.5, 7, 9.75, 9 ], "texture": "#texture" },
        "north": { "uv": [ 6.25, 6, 6.5, 6.5 ], "texture": "#texture" },
        "south": { "uv": [ 9.5, 6, 9.75, 6.5 ], "texture": "#texture" },
        "west":  { "uv": [ 7, 6, 9, 6.5 ], "texture": "#texture" },
        "east":  { "uv": [ 7, 6, 9, 6.5 ], "texture": "#texture" }
    }
},
{
    "__comment": "Ring",
    "from": [ 6.25, 9.5, 7 ],
    "to": [ 6.5, 10, 9 ],
    "faces": {
        "down":  { "uv": [ 9.75, 9, 9.5, 7 ], "texture": "#texture" },
        "up":    { "uv": [ 6.25, 7, 6.5, 9 ], "texture": "#texture" },
        "north": { "uv": [ 9.5, 6, 9.75, 6.5 ], "texture": "#texture" },
        "south": { "uv": [ 6.25, 6, 6.5, 6.5 ], "texture": "#texture" },
        "west":  { "uv": [ 7, 6, 9, 6.5 ], "texture": "#texture" }
    }
},
{
    "__comment": "Ring",
    "from": [ 7, 9.5, 6.25 ],
    "to": [ 9, 10, 6.5 ],
    "faces": {
        "down":  { "uv": [ 9, 6.5, 7, 6.25 ], "texture": "#texture" },
        "up":    { "uv": [ 7, 6.25, 9, 6.5 ], "texture": "#texture" },
        "north": { "uv": [ 7, 6, 9, 6.5 ], "texture": "#texture" },
        "south": { "uv": [ 7, 6, 9, 6.5 ], "texture": "#texture" },
        "west":  { "uv": [ 6.25, 6, 6.5, 6.5 ], "texture": "#texture" },
        "east":  { "uv": [ 9.5, 6, 9.75, 6.5 ], "texture": "#texture" }
    }
},
{
    "__comment": "Ring",
    "from": [ 7, 9.5, 9.5 ],
    "to": [ 9, 10, 9.75 ],
    "faces": {
        "down":  { "uv": [ 9, 9.75, 7, 9.5 ], "texture": "#texture" },
        "up":    { "uv": [ 7, 9.5, 9, 9.75 ], "texture": "#texture" },
        "south": { "uv": [ 7, 6, 9, 6.5 ], "texture": "#texture" },
        "west":  { "uv": [ 9.5, 6, 9.75, 6.5 ], "texture": "#texture" },
        "east":  { "uv": [ 6.25, 6, 6.5, 6.5 ], "texture": "#texture" }
    }
},
{
    "__comment": "Ring",
    "from": [ 6.75, 9.5, 9 ],
    "to": [ 7, 10, 9.25 ],
    "faces": {
        "down":  { "uv": [ 9.25, 9.25, 9, 9 ], "texture": "#texture" },
        "up":    { "uv": [ 6.75, 9, 7, 9.25 ], "texture": "#texture" },
        "north": { "uv": [ 9, 6, 9.25, 6.5 ], "texture": "#texture" },
        "south": { "uv": [ 6.75, 6, 7, 6.5 ], "texture": "#texture" },
        "west":  { "uv": [ 9, 6, 9.25, 6.5 ], "texture": "#texture" },
        "east":  { "uv": [ 6.75, 6, 7, 6.5 ], "texture": "#texture" }
    }
},
{
    "__comment": "Ring",
    "from": [ 6.5, 9.5, 9 ],
    "to": [ 6.75, 10, 9.25 ],
    "faces": {
        "down":  { "uv": [ 9.5, 9.25, 9.25, 9 ], "texture": "#texture" },
        "up":    { "uv": [ 6.5, 9, 6.75, 9.25 ], "texture": "#texture" },
        "north": { "uv": [ 9.25, 6, 9.5, 6.5 ], "texture": "#texture" },
        "south": { "uv": [ 6.5, 6, 6.75, 6.5 ], "texture": "#texture" },
        "west":  { "uv": [ 9, 6, 9.25, 6.5 ], "texture": "#texture" },
        "east":  { "uv": [ 6.75, 6, 7, 6.5 ], "texture": "#texture" }
    }
},
{
    "__comment": "Ring",
    "from": [ 6.75, 9.5, 9.25 ],
    "to": [ 7, 10, 9.5 ],
    "faces": {
        "down":  { "uv": [ 9.25, 9.5, 9, 9.25 ], "texture": "#texture" },
        "up":    { "uv": [ 6.75, 9.25, 7, 9.5 ], "texture": "#texture" },
        "north": { "uv": [ 9, 6, 9.25, 6.5 ], "texture": "#texture" },
        "south": { "uv": [ 6.75, 6, 7, 6.5 ], "texture": "#texture" },
        "west":  { "uv": [ 9.25, 6, 9.5, 6.5 ], "texture": "#texture" },
        "east":  { "uv": [ 6.5, 6, 6.75, 6.5 ], "texture": "#texture" }
    }
},
{
    "__comment": "Ring",
    "from": [ 6.75, 9.5, 6.75 ],
    "to": [ 7, 10, 7 ],
    "faces": {
        "down":  { "uv": [ 9.25, 7, 9, 6.75 ], "texture": "#texture" },
        "up":    { "uv": [ 6.75, 6.75, 7, 7 ], "texture": "#texture" },
        "north": { "uv": [ 9, 6, 9.25, 6.5 ], "texture": "#texture" },
        "south": { "uv": [ 6.75, 6, 7, 6.5 ], "texture": "#texture" },
        "west":  { "uv": [ 6.75, 6, 7, 6.5 ], "texture": "#texture" },
        "east":  { "uv": [ 9, 6, 9.25, 6.5 ], "texture": "#texture" }
    }
},
{
    "__comment": "Ring",
    "from": [ 6.75, 9.5, 6.5 ],
    "to": [ 7, 10, 6.75 ],
    "faces": {
        "down":  { "uv": [ 9.25, 6.75, 9, 6.5 ], "texture": "#texture" },
        "up":    { "uv": [ 6.75, 6.5, 7, 6.75 ], "texture": "#texture" },
        "north": { "uv": [ 9, 6, 9.25, 6.5 ], "texture": "#texture" },
        "south": { "uv": [ 6.75, 6, 7, 6.5 ], "texture": "#texture" },
        "west":  { "uv": [ 6.5, 6, 6.75, 6.5 ], "texture": "#texture" },
        "east":  { "uv": [ 9.25, 6, 9.5, 6.5 ], "texture": "#texture" }
    }
},
{
    "__comment": "Ring",
    "from": [ 6.5, 9.5, 6.75 ],
    "to": [ 6.75, 10, 7 ],
    "faces": {
        "down":  { "uv": [ 9.5, 7, 9.25, 6.75 ], "texture": "#texture" },
        "up":    { "uv": [ 6.5, 6.75, 6.75, 7 ], "texture": "#texture" },
        "north": { "uv": [ 9.25, 6, 9.5, 6.5 ], "texture": "#texture" },
        "south": { "uv": [ 6.5, 6, 6.75, 6.5 ], "texture": "#texture" },
        "west":  { "uv": [ 6.75, 6, 7, 6.5 ], "texture": "#texture" },
        "east":  { "uv": [ 9, 6, 9.25, 6.5 ], "texture": "#texture" }
    }
},
{
    "__comment": "Ring",
    "from": [ 9, 9.5, 9 ],
    "to": [ 9.25, 10, 9.25 ],
    "faces": {
        "down":  { "uv": [ 7, 9.25, 6.75, 9 ], "texture": "#texture" },
        "up":    { "uv": [ 9, 9, 9.25, 9.25 ], "texture": "#texture" },
        "north": { "uv": [ 6.75, 6, 7, 6.5 ], "texture": "#texture" },
        "south": { "uv": [ 9, 6, 9.25, 6.5 ], "texture": "#texture" },
        "west":  { "uv": [ 9, 6, 9.25, 6.5 ], "texture": "#texture" },
        "east":  { "uv": [ 6.75, 6, 7, 6.5 ], "texture": "#texture" }
    }
},
{
    "__comment": "Ring",
    "from": [ 9, 9.5, 9.25 ],
    "to": [ 9.25, 10, 9.5 ],
    "faces": {
        "down":  { "uv": [ 7, 9.5, 6.75, 9.25 ], "texture": "#texture" },
        "up":    { "uv": [ 9, 9.25, 9.25, 9.5 ], "texture": "#texture" },
        "north": { "uv": [ 6.75, 6, 7, 6.5 ], "texture": "#texture" },
        "south": { "uv": [ 9, 6, 9.25, 6.5 ], "texture": "#texture" },
        "west":  { "uv": [ 9.25, 6, 9.5, 6.5 ], "texture": "#texture" },
        "east":  { "uv": [ 6.5, 6, 6.75, 6.5 ], "texture": "#texture" }
    }
},
{
    "__comment": "Ring",
    "from": [ 9, 9.5, 6.75 ],
    "to": [ 9.25, 10, 7 ],
    "faces": {
        "down":  { "uv": [ 7, 7, 6.75, 6.75 ], "texture": "#texture" },
        "up":    { "uv": [ 9, 6.75, 9.25, 7 ], "texture": "#texture" },
        "north": { "uv": [ 6.75, 6, 7, 6.5 ], "texture": "#texture" },
        "south": { "uv": [ 9, 6, 9.25, 6.5 ], "texture": "#texture" },
        "west":  { "uv": [ 6.75, 6, 7, 6.5 ], "texture": "#texture" },
        "east":  { "uv": [ 9, 6, 9.25, 6.5 ], "texture": "#texture" }
    }
},
{
    "__comment": "Ring",
    "from": [ 9, 9.5, 6.5 ],
    "to": [ 9.25, 10, 6.75 ],
    "faces": {
        "down":  { "uv": [ 7, 6.75, 6.75, 6.5 ], "texture": "#texture" },
        "up":    { "uv": [ 9, 6.5, 9.25, 6.75 ], "texture": "#texture" },
        "north": { "uv": [ 6.75, 6, 7, 6.5 ], "texture": "#texture" },
        "south": { "uv": [ 9, 6, 9.25, 6.5 ], "texture": "#texture" },
        "west":  { "uv": [ 6.5, 6, 6.75, 6.5 ], "texture": "#texture" },
        "east":  { "uv": [ 9.25, 6, 9.5, 6.5 ], "texture": "#texture" }
    }
},
{
    "__comment": "Ring",
    "from": [ 9.25, 9.5, 9 ],
    "to": [ 9.5, 10, 9.25 ],
    "faces": {
        "down":  { "uv": [ 6.75, 9.25, 6.5, 9 ], "texture": "#texture" },
        "up":    { "uv": [ 9.25, 9, 9.5, 9.25 ], "texture": "#texture" },
        "north": { "uv": [ 6.5, 6, 6.75, 6.5 ], "texture": "#texture" },
        "south": { "uv": [ 9.25, 6, 9.5, 6.5 ], "texture": "#texture" },
        "west":  { "uv": [ 9, 6, 9.25, 6.5 ], "texture": "#texture" },
        "east":  { "uv": [ 6.75, 6, 7, 6.5 ], "texture": "#texture" }
    }
},
{
    "__comment": "Ring",
    "from": [ 9.25, 9.5, 6.75 ],
    "to": [ 9.5, 10, 7 ],
    "faces": {
        "down":  { "uv": [ 6.75, 7, 6.5, 6.75 ], "texture": "#texture" },
        "up":    { "uv": [ 9.25, 6.75, 9.5, 7 ], "texture": "#texture" },
        "north": { "uv": [ 6.5, 6, 6.75, 6.5 ], "texture": "#texture" },
        "south": { "uv": [ 9.25, 6, 9.5, 6.5 ], "texture": "#texture" },
        "west":  { "uv": [ 6.75, 6, 7, 6.5 ], "texture": "#texture" },
        "east":  { "uv": [ 9, 6, 9.25, 6.5 ], "texture": "#texture" }
    }
},
{
    "__comment": "Top1",
    "from": [ 9.25, 10, 7 ],
    "to": [ 9.5, 10.25, 9 ],
    "faces": {
        "down":  { "uv": [ 6.75, 9, 6.5, 7 ], "texture": "#texture" },
        "up":    { "uv": [ 9.25, 7, 9.5, 9 ], "texture": "#texture" },
        "north": { "uv": [ 6.5, 5.75, 6.75, 6 ], "texture": "#texture" },
        "south": { "uv": [ 9.25, 5.75, 9.5, 6 ], "texture": "#texture" },
        "west":  { "uv": [ 7, 5.75, 9, 6 ], "texture": "#texture" },
        "east":  { "uv": [ 7, 5.75, 9, 6 ], "texture": "#texture" }
    }
},
{
    "__comment": "Top1",
    "from": [ 6.5, 10, 7 ],
    "to": [ 6.75, 10.25, 9 ],
    "faces": {
        "down":  { "uv": [ 9.5, 9, 9.25, 7 ], "texture": "#texture" },
        "up":    { "uv": [ 6.5, 7, 6.75, 9 ], "texture": "#texture" },
        "north": { "uv": [ 9.25, 5.75, 9.5, 6 ], "texture": "#texture" },
        "south": { "uv": [ 6.5, 5.75, 6.75, 6 ], "texture": "#texture" },
        "west":  { "uv": [ 7, 5.75, 9, 6 ], "texture": "#texture" },
        "east":  { "uv": [ 7, 5.75, 9, 6 ], "texture": "#texture" }
    }
},
{
    "__comment": "Top1",
    "from": [ 7, 10, 6.5 ],
    "to": [ 9, 10.25, 6.75 ],
    "faces": {
        "down":  { "uv": [ 9, 6.75, 7, 6.5 ], "texture": "#texture" },
        "up":    { "uv": [ 7, 6.5, 9, 6.75 ], "texture": "#texture" },
        "north": { "uv": [ 7, 5.75, 9, 6 ], "texture": "#texture" },
        "south": { "uv": [ 7, 5.75, 9, 6 ], "texture": "#texture" },
        "west":  { "uv": [ 6.5, 5.75, 6.75, 6 ], "texture": "#texture" },
        "east":  { "uv": [ 9.25, 5.75, 9.5, 6 ], "texture": "#texture" }
    }
},
{
    "__comment": "Top1",
    "from": [ 7, 10, 9.25 ],
    "to": [ 9, 10.25, 9.5 ],
    "faces": {
        "down":  { "uv": [ 9, 9.5, 7, 9.25 ], "texture": "#texture" },
        "up":    { "uv": [ 7, 9.25, 9, 9.5 ], "texture": "#texture" },
        "north": { "uv": [ 7, 5.75, 9, 6 ], "texture": "#texture" },
        "south": { "uv": [ 7, 5.75, 9, 6 ], "texture": "#texture" },
        "west":  { "uv": [ 9.25, 5.75, 9.5, 6 ], "texture": "#texture" },
        "east":  { "uv": [ 6.5, 5.75, 6.75, 6 ], "texture": "#texture" }
    }
},
{
    "__comment": "Top1",
    "from": [ 9, 10, 9 ],
    "to": [ 9.25, 10.25, 9.25 ],
    "faces": {
        "down":  { "uv": [ 7, 9.25, 6.75, 9 ], "texture": "#texture" },
        "up":    { "uv": [ 9, 9, 9.25, 9.25 ], "texture": "#texture" },
        "north": { "uv": [ 6.75, 5.75, 7, 6 ], "texture": "#texture" },
        "south": { "uv": [ 9, 5.75, 9.25, 6 ], "texture": "#texture" },
        "west":  { "uv": [ 9, 5.75, 9.25, 6 ], "texture": "#texture" },
        "east":  { "uv": [ 6.75, 5.75, 7, 6 ], "texture": "#texture" }
    }
},
{
    "__comment": "Top1",
    "from": [ 6.75, 10, 9 ],
    "to": [ 7, 10.25, 9.25 ],
    "faces": {
        "down":  { "uv": [ 9.25, 9.25, 9, 9 ], "texture": "#texture" },
        "up":    { "uv": [ 6.75, 9, 7, 9.25 ], "texture": "#texture" },
        "north": { "uv": [ 9, 5.75, 9.25, 6 ], "texture": "#texture" },
        "south": { "uv": [ 6.75, 5.75, 7, 6 ], "texture": "#texture" },
        "west":  { "uv": [ 9, 5.75, 9.25, 6 ], "texture": "#texture" },
        "east":  { "uv": [ 6.75, 5.75, 7, 6 ], "texture": "#texture" }
    }
},
{
    "__comment": "Top1",
    "from": [ 9, 10, 6.75 ],
    "to": [ 9.25, 10.25, 7 ],
    "faces": {
        "down":  { "uv": [ 7, 7, 6.75, 6.75 ], "texture": "#texture" },
        "up":    { "uv": [ 9, 6.75, 9.25, 7 ], "texture": "#texture" },
        "north": { "uv": [ 6.75, 5.75, 7, 6 ], "texture": "#texture" },
        "south": { "uv": [ 9, 5.75, 9.25, 6 ], "texture": "#texture" },
        "west":  { "uv": [ 6.75, 5.75, 7, 6 ], "texture": "#texture" },
        "east":  { "uv": [ 9, 5.75, 9.25, 6 ], "texture": "#texture" }
    }
},
{
    "__comment": "Top1",
    "from": [ 6.75, 10, 6.75 ],
    "to": [ 7, 10.25, 7 ],
    "faces": {
        "down":  { "uv": [ 9.25, 7, 9, 6.75 ], "texture": "#texture" },
        "up":    { "uv": [ 6.75, 6.75, 7, 7 ], "texture": "#texture" },
        "north": { "uv": [ 9, 5.75, 9.25, 6 ], "texture": "#texture" },
        "south": { "uv": [ 6.75, 5.75, 7, 6 ], "texture": "#texture" },
        "west":  { "uv": [ 6.75, 5.75, 7, 6 ], "texture": "#texture" },
        "east":  { "uv": [ 9, 5.75, 9.25, 6 ], "texture": "#texture" }
    }
},
{
    "__comment": "Top2",
    "from": [ 7, 10.25, 9 ],
    "to": [ 9, 10.5, 9.25 ],
    "faces": {
        "down":  { "uv": [ 9, 9.25, 7, 9 ], "texture": "#texture" },
        "up":    { "uv": [ 7, 9, 9, 9.25 ], "texture": "#texture" },
        "north": { "uv": [ 7, 5.5, 9, 5.75 ], "texture": "#texture" },
        "south": { "uv": [ 7, 5.5, 9, 5.75 ], "texture": "#texture" },
        "west":  { "uv": [ 9, 5.5, 9.25, 5.75 ], "texture": "#texture" },
        "east":  { "uv": [ 6.75, 5.5, 7, 5.75 ], "texture": "#texture" }
    }
},
{
    "__comment": "Top2",
    "from": [ 7, 10.25, 6.75 ],
    "to": [ 9, 10.5, 7 ],
    "faces": {
        "down":  { "uv": [ 9, 7, 7, 6.75 ], "texture": "#texture" },
        "up":    { "uv": [ 7, 6.75, 9, 7 ], "texture": "#texture" },
        "north": { "uv": [ 7, 5.5, 9, 5.75 ], "texture": "#texture" },
        "south": { "uv": [ 7, 5.5, 9, 5.75 ], "texture": "#texture" },
        "west":  { "uv": [ 6.75, 5.5, 7, 5.75 ], "texture": "#texture" },
        "east":  { "uv": [ 9, 5.5, 9.25, 5.75 ], "texture": "#texture" }
    }
},
{
    "__comment": "Top2",
    "from": [ 9, 10.25, 7 ],
    "to": [ 9.25, 10.5, 9 ],
    "faces": {
        "down":  { "uv": [ 7, 9, 6.75, 7 ], "texture": "#texture" },
        "up":    { "uv": [ 9, 7, 9.25, 9 ], "texture": "#texture" },
        "north": { "uv": [ 6.75, 5.5, 7, 5.75 ], "texture": "#texture" },
        "south": { "uv": [ 9, 5.5, 9.25, 5.75 ], "texture": "#texture" },
        "west":  { "uv": [ 7, 5.5, 9, 5.75 ], "texture": "#texture" },
        "east":  { "uv": [ 7, 5.5, 9, 5.75 ], "texture": "#texture" }
    }
},
{
    "__comment": "Top2",
    "from": [ 6.75, 10.25, 7 ],
    "to": [ 7, 10.5, 9 ],
    "faces": {
        "down":  { "uv": [ 9.25, 9, 9, 7 ], "texture": "#texture" },
        "up":    { "uv": [ 6.75, 7, 7, 9 ], "texture": "#texture" },
        "north": { "uv": [ 9, 5.5, 9.25, 5.75 ], "texture": "#texture" },
        "south": { "uv": [ 6.75, 5.5, 7, 5.75 ], "texture": "#texture" },
        "west":  { "uv": [ 7, 5.5, 9, 5.75 ], "texture": "#texture" },
        "east":  { "uv": [ 7, 5.5, 9, 5.75 ], "texture": "#texture" }
    }
},
{
    "__comment": "Top2",
    "from": [ 7, 10.25, 7 ],
    "to": [ 7.25, 10.5, 7.25 ],
    "faces": {
        "down":  { "uv": [ 9, 7.25, 8.75, 7 ], "texture": "#texture" },
        "up":    { "uv": [ 7, 7, 7.25, 7.25 ], "texture": "#texture" },
        "north": { "uv": [ 8.75, 5.5, 9, 5.75 ], "texture": "#texture" },
        "south": { "uv": [ 7, 5.5, 7.25, 5.75 ], "texture": "#texture" },
        "west":  { "uv": [ 7, 5.5, 7.25, 5.75 ], "texture": "#texture" },
        "east":  { "uv": [ 8.75, 5.5, 9, 5.75 ], "texture": "#texture" }
    }
},
{
    "__comment": "Top2",
    "from": [ 7, 10.25, 8.75 ],
    "to": [ 7.25, 10.5, 9 ],
    "faces": {
        "down":  { "uv": [ 9, 9, 8.75, 8.75 ], "texture": "#texture" },
        "up":    { "uv": [ 7, 8.75, 7.25, 9 ], "texture": "#texture" },
        "north": { "uv": [ 8.75, 5.5, 9, 5.75 ], "texture": "#texture" },
        "south": { "uv": [ 7, 5.5, 7.25, 5.75 ], "texture": "#texture" },
        "west":  { "uv": [ 8.75, 5.5, 9, 5.75 ], "texture": "#texture" },
        "east":  { "uv": [ 7, 5.5, 7.25, 5.75 ], "texture": "#texture" }
    }
},
{
    "__comment": "Top2",
    "from": [ 8.75, 10.25, 8.75 ],
    "to": [ 9, 10.5, 9 ],
    "faces": {
        "down":  { "uv": [ 7.25, 9, 7, 8.75 ], "texture": "#texture" },
        "up":    { "uv": [ 8.75, 8.75, 9, 9 ], "texture": "#texture" },
        "north": { "uv": [ 7, 5.5, 7.25, 5.75 ], "texture": "#texture" },
        "south": { "uv": [ 8.75, 5.5, 9, 5.75 ], "texture": "#texture" },
        "west":  { "uv": [ 8.75, 5.5, 9, 5.75 ], "texture": "#texture" },
        "east":  { "uv": [ 7, 5.5, 7.25, 5.75 ], "texture": "#texture" }
    }
},
{
    "__comment": "Top2",
    "from": [ 8.75, 10.25, 7 ],
    "to": [ 9, 10.5, 7.25 ],
    "faces": {
        "down":  { "uv": [ 7.25, 7.25, 7, 7 ], "texture": "#texture" },
        "up":    { "uv": [ 8.75, 7, 9, 7.25 ], "texture": "#texture" },
        "north": { "uv": [ 7, 5.5, 7.25, 5.75 ], "texture": "#texture" },
        "south": { "uv": [ 8.75, 5.5, 9, 5.75 ], "texture": "#texture" },
        "west":  { "uv": [ 7, 5.5, 7.25, 5.75 ], "texture": "#texture" },
        "east":  { "uv": [ 8.75, 5.5, 9, 5.75 ], "texture": "#texture" }
    }
},
{
    "__comment": "Top3",
    "from": [ 7, 10.5, 7.25 ],
    "to": [ 7.25, 10.75, 8.75 ],
    "faces": {
        "down":  { "uv": [ 9, 8.75, 8.75, 7.25 ], "texture": "#texture" },
        "up":    { "uv": [ 7, 7.25, 7.25, 8.75 ], "texture": "#texture" },
        "north": { "uv": [ 8.75, 5.25, 9, 5.5 ], "texture": "#texture" },
        "south": { "uv": [ 7, 5.25, 7.25, 5.5 ], "texture": "#texture" },
        "west":  { "uv": [ 7.25, 5.25, 8.75, 5.5 ], "texture": "#texture" }
    }
},
{
    "__comment": "Top3",
    "from": [ 8.75, 10.5, 7.25 ],
    "to": [ 9, 10.75, 8.75 ],
    "faces": {
        "down":  { "uv": [ 7.25, 8.75, 7, 7.25 ], "texture": "#texture" },
        "up":    { "uv": [ 8.75, 7.25, 9, 8.75 ], "texture": "#texture" },
        "north": { "uv": [ 7, 5.25, 7.25, 5.5 ], "texture": "#texture" },
        "south": { "uv": [ 8.75, 5.25, 9, 5.5 ], "texture": "#texture" },
        "east":  { "uv": [ 7.25, 5.25, 8.75, 5.5 ], "texture": "#texture" }
    }
},
{
    "__comment": "Top3",
    "from": [ 7.25, 10.5, 7 ],
    "to": [ 8.75, 10.75, 7.5 ],
    "faces": {
        "down":  { "uv": [ 8.75, 7.5, 7.25, 7 ], "texture": "#texture" },
        "up":    { "uv": [ 7.25, 7, 8.75, 7.5 ], "texture": "#texture" },
        "north": { "uv": [ 7.25, 5.25, 8.75, 5.5 ], "texture": "#texture" },
        "south": { "uv": [ 7.25, 5.25, 8.75, 5.5 ], "texture": "#texture" },
        "west":  { "uv": [ 7, 5.25, 7.5, 5.5 ], "texture": "#texture" },
        "east":  { "uv": [ 8.5, 5.25, 9, 5.5 ], "texture": "#texture" }
    }
},
{
    "__comment": "Top3",
    "from": [ 7.25, 10.5, 8.5 ],
    "to": [ 8.75, 10.75, 9 ],
    "faces": {
        "down":  { "uv": [ 8.75, 9, 7.25, 8.5 ], "texture": "#texture" },
        "up":    { "uv": [ 7.25, 8.5, 8.75, 9 ], "texture": "#texture" },
        "north": { "uv": [ 7.25, 5.25, 8.75, 5.5 ], "texture": "#texture" },
        "south": { "uv": [ 7.25, 5.25, 8.75, 5.5 ], "texture": "#texture" },
        "west":  { "uv": [ 8.5, 5.25, 9, 5.5 ], "texture": "#texture" },
        "east":  { "uv": [ 7, 5.25, 7.5, 5.5 ], "texture": "#texture" }
    }
},
{
    "__comment": "Top3",
    "from": [ 8.5, 10.5, 7.5 ],
    "to": [ 8.75, 10.75, 8.5 ],
    "faces": {
        "down":  { "uv": [ 7.5, 8.5, 7.25, 7.5 ], "texture": "#texture" },
        "up":    { "uv": [ 8.5, 7.5, 8.75, 8.5 ], "texture": "#texture" }
    }
},
{
    "__comment": "Top3",
    "from": [ 7.25, 10.5, 7.5 ],
    "to": [ 7.5, 10.75, 8.5 ],
    "faces": {
        "down":  { "uv": [ 8.75, 8.5, 8.5, 7.5 ], "texture": "#texture" },
        "up":    { "uv": [ 7.25, 7.5, 7.5, 8.5 ], "texture": "#texture" }
    }
},
{
    "__comment": "Top4",
    "from": [ 7.5, 10.75, 7.5 ],
    "to": [ 7.75, 11.25, 8.5 ],
    "faces": {
        "down":  { "uv": [ 8.5, 8.5, 8.25, 7.5 ], "texture": "#texture" },
        "up":    { "uv": [ 7.5, 7.5, 7.75, 8.5 ], "texture": "#texture" },
        "north": { "uv": [ 8.25, 4.75, 8.5, 5.25 ], "texture": "#texture" },
        "south": { "uv": [ 7.5, 4.75, 7.75, 5.25 ], "texture": "#texture" },
        "west":  { "uv": [ 7.5, 4.75, 8.5, 5.25 ], "texture": "#texture" },
        "east":  { "uv": [ 7.5, 4.75, 8.5, 5.25 ], "texture": "#texture" }
    }
},
{
    "__comment": "Top4",
    "from": [ 7.75, 10.75, 7.5 ],
    "to": [ 8.25, 11.25, 7.75 ],
    "faces": {
        "down":  { "uv": [ 8.25, 7.75, 7.75, 7.5 ], "texture": "#texture" },
        "up":    { "uv": [ 7.75, 7.5, 8.25, 7.75 ], "texture": "#texture" },
        "north": { "uv": [ 7.75, 4.75, 8.25, 5.25 ], "texture": "#texture" },
        "south": { "uv": [ 7.75, 4.75, 8.25, 5.25 ], "texture": "#texture" },
        "west":  { "uv": [ 7.5, 4.75, 7.75, 5.25 ], "texture": "#texture" },
        "east":  { "uv": [ 8.25, 4.75, 8.5, 5.25 ], "texture": "#texture" }
    }
},
{
    "__comment": "Top4",
    "from": [ 8.25, 10.75, 7.5 ],
    "to": [ 8.5, 11.25, 8.5 ],
    "faces": {
        "down":  { "uv": [ 7.75, 8.5, 7.5, 7.5 ], "texture": "#texture" },
        "up":    { "uv": [ 8.25, 7.5, 8.5, 8.5 ], "texture": "#texture" },
        "north": { "uv": [ 7.5, 4.75, 7.75, 5.25 ], "texture": "#texture" },
        "south": { "uv": [ 8.25, 4.75, 8.5, 5.25 ], "texture": "#texture" },
        "west":  { "uv": [ 7.5, 4.75, 8.5, 5.25 ], "texture": "#texture" },
        "east":  { "uv": [ 7.5, 4.75, 8.5, 5.25 ], "texture": "#texture" }
    }
},
{
    "__comment": "Top4",
    "from": [ 7.75, 10.75, 8.25 ],
    "to": [ 8.25, 11.25, 8.5 ],
    "faces": {
        "down":  { "uv": [ 8.25, 8.5, 7.75, 8.25 ], "texture": "#texture" },
        "up":    { "uv": [ 7.75, 8.25, 8.25, 8.5 ], "texture": "#texture" },
        "north": { "uv": [ 7.75, 4.75, 8.25, 5.25 ], "texture": "#texture" },
        "south": { "uv": [ 7.75, 4.75, 8.25, 5.25 ], "texture": "#texture" },
        "west":  { "uv": [ 8.25, 4.75, 8.5, 5.25 ], "texture": "#texture" },
        "east":  { "uv": [ 7.5, 4.75, 7.75, 5.25 ], "texture": "#texture" }
    }
},
{
    "__comment": "Cap",
    "from": [ 7.5, 11.25, 7.25 ],
    "to": [ 8.5, 12, 8.75 ],
    "faces": {
        "down":  { "uv": [ 8.5, 8.75, 7.5, 7.25 ], "texture": "#lapis_block" },
        "up":    { "uv": [ 7.5, 7.25, 8.5, 8.75 ], "texture": "#lapis_block" },
        "north": { "uv": [ 7.5, 4, 8.5, 4.75 ], "texture": "#lapis_block" },
        "south": { "uv": [ 7.5, 4, 8.5, 4.75 ], "texture": "#lapis_block" },
        "west":  { "uv": [ 7.25, 4, 8.75, 4.75 ], "texture": "#lapis_block" },
        "east":  { "uv": [ 7.25, 4, 8.75, 4.75 ], "texture": "#lapis_block" }
    }
},
{
    "__comment": "Cap",
    "from": [ 7.25, 11.25, 7.5 ],
    "to": [ 7.5, 12, 8.5 ],
    "faces": {
        "down":  { "uv": [ 8.75, 8.5, 8.5, 7.5 ], "texture": "#lapis_block" },
        "up":    { "uv": [ 7.25, 7.5, 7.5, 8.5 ], "texture": "#lapis_block" },
        "north": { "uv": [ 8.5, 4, 8.75, 4.75 ], "texture": "#lapis_block" },
        "south": { "uv": [ 7.25, 4, 7.5, 4.75 ], "texture": "#lapis_block" },
        "west":  { "uv": [ 7.5, 4, 8.5, 4.75 ], "texture": "#lapis_block" },
        "east":  { "uv": [ 7.5, 4, 8.5, 4.75 ], "texture": "#lapis_block" }
    }
},
{
    "__comment": "Cap",
    "from": [ 8.5, 11.25, 7.5 ],
    "to": [ 8.75, 12, 8.5 ],
    "faces": {
        "down":  { "uv": [ 7.5, 8.5, 7.25, 7.5 ], "texture": "#lapis_block" },
        "up":    { "uv": [ 8.5, 7.5, 8.75, 8.5 ], "texture": "#lapis_block" },
        "north": { "uv": [ 7.25, 4, 7.5, 4.75 ], "texture": "#lapis_block" },
        "south": { "uv": [ 8.5, 4, 8.75, 4.75 ], "texture": "#lapis_block" },
        "west":  { "uv": [ 7.5, 4, 8.5, 4.75 ], "texture": "#lapis_block" },
        "east":  { "uv": [ 7.5, 4, 8.5, 4.75 ], "texture": "#lapis_block" }
    }
},
{
    "__comment": "Liquid",
    "from": [ 6.5, 0.5, 7 ],
    "to": [ 7, 8.5, 9 ],
    "faces": {
        "down":  { "uv": [ 9.5, 9, 9, 7 ], "texture": "#potion_overlay", "tintindex": 0 },
        "up":    { "uv": [ 6.5, 7, 7, 9 ], "texture": "#potion_overlay", "tintindex": 0 },
        "north": { "uv": [ 9, 7.5, 9.5, 15.5 ], "texture": "#potion_overlay", "tintindex": 0 },
        "south": { "uv": [ 6.5, 7.5, 7, 15.5 ], "texture": "#potion_overlay", "tintindex": 0 },
        "west":  { "uv": [ 7, 7.5, 9, 15.5 ], "texture": "#potion_overlay", "tintindex": 0 },
        "east":  { "uv": [ 7, 7.5, 9, 15.5 ], "texture": "#potion_overlay", "tintindex": 0 }
    }
},
{
    "__comment": "Liquid",
    "from": [ 9, 0.5, 7 ],
    "to": [ 9.5, 8.5, 9 ],
    "faces": {
        "down":  { "uv": [ 7, 9, 6.5, 7 ], "texture": "#potion_overlay", "tintindex": 0 },
        "up":    { "uv": [ 9, 7, 9.5, 9 ], "texture": "#potion_overlay", "tintindex": 0 },
        "north": { "uv": [ 6.5, 7.5, 7, 15.5 ], "texture": "#potion_overlay", "tintindex": 0 },
        "south": { "uv": [ 9, 7.5, 9.5, 15.5 ], "texture": "#potion_overlay", "tintindex": 0 },
        "west":  { "uv": [ 7, 7.5, 9, 15.5 ], "texture": "#potion_overlay", "tintindex": 0 },
        "east":  { "uv": [ 7, 7.5, 9, 15.5 ], "texture": "#potion_overlay", "tintindex": 0 }
    }
},
{
    "__comment": "Liquid",
    "from": [ 7, 0.5, 6.5 ],
    "to": [ 9, 8.5, 7 ],
    "faces": {
        "down":  { "uv": [ 9, 7, 7, 6.5 ], "texture": "#potion_overlay", "tintindex": 0 },
        "up":    { "uv": [ 7, 6.5, 9, 7 ], "texture": "#potion_overlay", "tintindex": 0 },
        "north": { "uv": [ 7, 7.5, 9, 15.5 ], "texture": "#potion_overlay", "tintindex": 0 },
        "south": { "uv": [ 7, 7.5, 9, 15.5 ], "texture": "#potion_overlay", "tintindex": 0 },
        "west":  { "uv": [ 6.5, 7.5, 7, 15.5 ], "texture": "#potion_overlay", "tintindex": 0 },
        "east":  { "uv": [ 9, 7.5, 9.5, 15.5 ], "texture": "#potion_overlay", "tintindex": 0 }
    }
},
{
    "__comment": "Liquid",
    "from": [ 7, 0.5, 9 ],
    "to": [ 9, 8.5, 9.5 ],
    "faces": {
        "down":  { "uv": [ 9, 9.5, 7, 9 ], "texture": "#potion_overlay", "tintindex": 0 },
        "up":    { "uv": [ 7, 9, 9, 9.5 ], "texture": "#potion_overlay", "tintindex": 0 },
        "north": { "uv": [ 7, 7.5, 9, 15.5 ], "texture": "#potion_overlay", "tintindex": 0 },
        "south": { "uv": [ 7, 7.5, 9, 15.5 ], "texture": "#potion_overlay", "tintindex": 0 },
        "west":  { "uv": [ 9, 7.5, 9.5, 15.5 ], "texture": "#potion_overlay", "tintindex": 0 },
        "east":  { "uv": [ 6.5, 7.5, 7, 15.5 ], "texture": "#potion_overlay", "tintindex": 0 }
    }
},
{
    "__comment": "Liquid",
    "from": [ 7, 0.5, 7 ],
    "to": [ 9, 8.5, 9 ],
    "faces": {
        "down":  { "uv": [ 9, 9, 7, 7 ], "texture": "#potion_overlay", "tintindex": 0 },
        "up":    { "uv": [ 7, 7, 9, 9 ], "texture": "#potion_overlay", "tintindex": 0 },
        "north": { "uv": [ 7, 7.5, 9, 15.5 ], "texture": "#potion_overlay", "tintindex": 0 },
        "south": { "uv": [ 7, 7.5, 9, 15.5 ], "texture": "#potion_overlay", "tintindex": 0 },
        "west":  { "uv": [ 7, 7.5, 9, 15.5 ], "texture": "#potion_overlay", "tintindex": 0 },
        "east":  { "uv": [ 7, 7.5, 9, 15.5 ], "texture": "#potion_overlay", "tintindex": 0 }
    }
}
],
"display": {
    "thirdperson_righthand": {
        "rotation": [ 0, 0, 0 ],
        "translation": [ 0.19, 0, 0.38 ],
        "scale": [ 0.6, 0.6, 0.6 ]
    },
    "thirdperson_lefthand": {
        "rotation": [ 0, 0, 0 ],
        "translation": [ 0.19, 0, 0.38 ],
        "scale": [ 0.6, 0.6, 0.6 ]
    },
    "ground": {
        "rotation": [ 90, 0, 0 ],
        "translation": [ 0, 1.7, 1.32 ],
        "scale": [ 0.7, 0.7, 0.7 ]
    },
    "firstperson_righthand": {
        "rotation": [ -10, 0, 0 ],
        "translation": [ 0, 2, 0 ],
        "scale": [ 0.7, 0.8, 0.7 ]
    },
    "firstperson_lefthand": {
        "rotation": [ -10, 0, 0 ],
        "translation": [ 0, 2, 0 ],
        "scale": [ 0.7, 0.8, 0.7 ]
    },
    "gui": {
        "rotation": [ -26, -38, 0 ],
        "translation": [ 0, 2.46, 0 ],
        "scale": [ 1.2, 1.2, 1.2 ]
    }
}
}