{
	"__comment": "Разработано специально для Hard-Days.SU  ::  If you steal our models - you PIDOR!",
"textures": {
    "particle": "blocks/wool_colored_white",
    "texture": "blocks/wool_colored_white",
    "strings": "blocks/quartz_block_side"
},
"elements": [ 
{
    "__comment": "Parachute",
    "from": [ -12, 17.75, 1.75 ],
    "to": [ -10.75, 20.25, 14.25 ],
    "faces": {
        "down":  { "uv": [ 16, 10.5, 15.5, 5.5 ], "texture": "#texture" },
        "up":    { "uv": [ 0, 5.5, 0.5, 10.5 ], "texture": "#texture" },
        "north": { "uv": [ 15.5, 3.5, 16, 4.5 ], "texture": "#texture" },
        "south": { "uv": [ 0, 3.5, 0.5, 4.5 ], "texture": "#texture" },
        "west":  { "uv": [ 5.5, 3.5, 10.5, 4.5 ], "texture": "#texture" },
        "east":  { "uv": [ 5.5, 3.5, 10.5, 4.5 ], "texture": "#texture" }
    }
},
{
    "__comment": "Parachute",
    "from": [ -12, 16.5, 4.25 ],
    "to": [ -10.75, 17.75, 11.75 ],
    "faces": {
        "down":  { "uv": [ 16, 9.5, 15.5, 6.5 ], "texture": "#texture" },
        "north": { "uv": [ 15.5, 4.5, 16, 5 ], "texture": "#texture" },
        "south": { "uv": [ 0, 4.5, 0.5, 5 ], "texture": "#texture" },
        "west":  { "uv": [ 6.5, 4.5, 9.5, 5 ], "texture": "#texture" },
        "east":  { "uv": [ 6.5, 4.5, 9.5, 5 ], "texture": "#texture" }
    }
},
{
    "__comment": "Parachute",
    "from": [ -10.75, 19, 0.5 ],
    "to": [ -9.5, 20.25, 15.5 ],
    "faces": {
        "down":  { "uv": [ 15.5, 11, 15, 5 ], "texture": "#texture" },
        "up":    { "uv": [ 0.5, 5, 1, 11 ], "texture": "#texture" },
        "north": { "uv": [ 15, 3.5, 15.5, 4 ], "texture": "#texture" },
        "south": { "uv": [ 0.5, 3.5, 1, 4 ], "texture": "#texture" },
        "west":  { "uv": [ 5, 3.5, 11, 4 ], "texture": "#texture" },
        "east":  { "uv": [ 5, 3.5, 11, 4 ], "texture": "#texture" }
    }
},
{
    "__comment": "Parachute",
    "from": [ -9.5, 19, 0.5 ],
    "to": [ -9.34375, 20.25, 1.75 ],
    "faces": {
        "down":  { "uv": [ 15, 5.5, 14.9375, 5 ], "texture": "#texture" },
        "north": { "uv": [ 14.9375, 3.5, 15, 4 ], "texture": "#texture" },
        "south": { "uv": [ 1, 3.5, 1.0625, 4 ], "texture": "#texture" },
        "east":  { "uv": [ 10.5, 3.5, 11, 4 ], "texture": "#texture" }
    }
},
{
    "__comment": "Parachute",
    "from": [ -9.5, 20.25, 0.5 ],
    "to": [ -3.25, 21.5, 1.75 ],
    "faces": {
        "down":  { "uv": [ 15, 5.5, 12.5, 5 ], "texture": "#texture" },
        "up":    { "uv": [ 1, 5, 3.5, 5.5 ], "texture": "#texture" },
        "north": { "uv": [ 12.5, 3, 15, 3.5 ], "texture": "#texture" },
        "south": { "uv": [ 1, 3, 3.5, 3.5 ], "texture": "#texture" },
        "west":  { "uv": [ 5, 3, 5.5, 3.5 ], "texture": "#texture" },
        "east":  { "uv": [ 10.5, 3, 11, 3.5 ], "texture": "#texture" }
    }
},
{
    "__comment": "Parachute",
    "from": [ -9.5, 19, 14.25 ],
    "to": [ -8.25, 20.25, 15.5 ],
    "faces": {
        "down":  { "uv": [ 15, 11, 14.5, 10.5 ], "texture": "#texture" },
        "north": { "uv": [ 14.5, 3.5, 15, 4 ], "texture": "#texture" },
        "south": { "uv": [ 1, 3.5, 1.5, 4 ], "texture": "#texture" },
        "east":  { "uv": [ 5, 3.5, 5.5, 4 ], "texture": "#texture" }
    }
},
{
    "__comment": "Parachute",
    "from": [ -9.5, 19, 0.5 ],
    "to": [ -8.25, 20.25, 1.75 ],
    "faces": {
        "down":  { "uv": [ 15, 5.5, 14.5, 5 ], "texture": "#texture" },
        "north": { "uv": [ 14.5, 3.5, 15, 4 ], "texture": "#texture" },
        "south": { "uv": [ 1, 3.5, 1.5, 4 ], "texture": "#texture" },
        "east":  { "uv": [ 10.5, 3.5, 11, 4 ], "texture": "#texture" }
    }
},
{
    "__comment": "Parachute",
    "from": [ -8.25, 21.5, 5.5 ],
    "to": [ -5.75, 22.75, 11.75 ],
    "faces": {
        "up":    { "uv": [ 1.5, 7, 2.5, 9.5 ], "texture": "#texture" },
        "north": { "uv": [ 13.5, 2.5, 14.5, 3 ], "texture": "#texture" },
        "south": { "uv": [ 1.5, 2.5, 2.5, 3 ], "texture": "#texture" },
        "west":  { "uv": [ 7, 2.5, 9.5, 3 ], "texture": "#texture" },
        "east":  { "uv": [ 6.5, 2.5, 9, 3 ], "texture": "#texture" }
    }
},
{
    "__comment": "Parachute",
    "from": [ -7, 21.5, 1.75 ],
    "to": [ -0.75, 22.75, 11.75 ],
    "faces": {
        "down":  { "uv": [ 14, 9.5, 11.5, 5.5 ], "texture": "#texture" },
        "up":    { "uv": [ 2, 5.5, 4.5, 9.5 ], "texture": "#texture" },
        "north": { "uv": [ 11.5, 2.5, 14, 3 ], "texture": "#texture" },
        "west":  { "uv": [ 5.5, 2.5, 9.5, 3 ], "texture": "#texture" },
        "east":  { "uv": [ 6.5, 2.5, 10.5, 3 ], "texture": "#texture" }
    }
},
{
    "__comment": "Parachute",
    "from": [ -7, 21.5, 11.75 ],
    "to": [ -0.75, 22.75, 15.5 ],
    "faces": {
        "down":  { "uv": [ 14, 11, 11.5, 9.5 ], "texture": "#texture" },
        "up":    { "uv": [ 2, 9.5, 4.5, 11 ], "texture": "#texture" },
        "south": { "uv": [ 2, 2.5, 4.5, 3 ], "texture": "#texture" },
        "west":  { "uv": [ 9.5, 2.5, 11, 3 ], "texture": "#texture" },
        "east":  { "uv": [ 5, 2.5, 6.5, 3 ], "texture": "#texture" }
    }
},
{
    "__comment": "Parachute",
    "from": [ -7, 20.25, 15.5 ],
    "to": [ -3.25, 21.5, 16.75 ],
    "faces": {
        "down":  { "uv": [ 14, 11.5, 12.5, 11 ], "texture": "#texture" },
        "up":    { "uv": [ 2, 11, 3.5, 11.5 ], "texture": "#texture" },
        "north": { "uv": [ 12.5, 3, 14, 3.5 ], "texture": "#texture" },
        "south": { "uv": [ 2, 3, 3.5, 3.5 ], "texture": "#texture" },
        "west":  { "uv": [ 11, 3, 11.5, 3.5 ], "texture": "#texture" },
        "east":  { "uv": [ 4.5, 3, 5, 3.5 ], "texture": "#texture" }
    }
},
{
    "__comment": "Parachute",
    "from": [ -5.75, 21.5, 0.5 ],
    "to": [ 21.75, 22.75, 1.75 ],
    "faces": {
        "down":  { "uv": [ 13.5, 5.5, 2.5, 5 ], "texture": "#texture" },
        "up":    { "uv": [ 2.5, 5, 13.5, 5.5 ], "texture": "#texture" },
        "north": { "uv": [ 2.5, 2.5, 13.5, 3 ], "texture": "#texture" },
        "south": { "uv": [ 2.5, 2.5, 13.5, 3 ], "texture": "#texture" },
        "west":  { "uv": [ 5, 2.5, 5.5, 3 ], "texture": "#texture" },
        "east":  { "uv": [ 10.5, 2.5, 11, 3 ], "texture": "#texture" }
    }
},
{
    "__comment": "Parachute",
    "from": [ -5.75, 22.75, 3 ],
    "to": [ -3.25, 24, 14.25 ],
    "faces": {
        "down":  { "uv": [ 13.5, 10.5, 12.5, 6 ], "texture": "#texture" },
        "up":    { "uv": [ 2.5, 6, 3.5, 10.5 ], "texture": "#texture" },
        "north": { "uv": [ 12.5, 2, 13.5, 2.5 ], "texture": "#texture" },
        "south": { "uv": [ 2.5, 2, 3.5, 2.5 ], "texture": "#texture" },
        "west":  { "uv": [ 6, 2, 10.5, 2.5 ], "texture": "#texture" },
        "east":  { "uv": [ 5.5, 2, 10, 2.5 ], "texture": "#texture" }
    }
},
{
    "__comment": "Parachute",
    "from": [ -4.5, 21.5, 15.5 ],
    "to": [ 20.5, 22.75, 16.75 ],
    "faces": {
        "down":  { "uv": [ 13, 11.5, 3, 11 ], "texture": "#texture" },
        "up":    { "uv": [ 3, 11, 13, 11.5 ], "texture": "#texture" },
        "north": { "uv": [ 3, 2.5, 13, 3 ], "texture": "#texture" },
        "south": { "uv": [ 3, 2.5, 13, 3 ], "texture": "#texture" },
        "west":  { "uv": [ 11, 2.5, 11.5, 3 ], "texture": "#texture" },
        "east":  { "uv": [ 4.5, 2.5, 5, 3 ], "texture": "#texture" }
    }
},
{
    "__comment": "Parachute",
    "from": [ -3.25, 22.75, 4.25 ],
    "to": [ 21.75, 24, 13 ],
    "faces": {
        "down":  { "uv": [ 12.5, 10, 2.5, 6.5 ], "texture": "#texture" },
        "up":    { "uv": [ 3.5, 6.5, 13.5, 10 ], "texture": "#texture" },
        "north": { "uv": [ 2.5, 2, 12.5, 2.5 ], "texture": "#texture" },
        "south": { "uv": [ 3.5, 2, 13.5, 2.5 ], "texture": "#texture" },
        "east":  { "uv": [ 6, 2, 9.5, 2.5 ], "texture": "#texture" }
    }
},
{
    "__comment": "Parachute",
    "from": [ -2, 22.75, 1.75 ],
    "to": [ 18, 24, 4.25 ],
    "faces": {
        "down":  { "uv": [ 12, 6.5, 4, 5.5 ], "texture": "#texture" },
        "up":    { "uv": [ 4, 5.5, 12, 6.5 ], "texture": "#texture" },
        "north": { "uv": [ 4, 2, 12, 2.5 ], "texture": "#texture" },
        "west":  { "uv": [ 5.5, 2, 6.5, 2.5 ], "texture": "#texture" },
        "east":  { "uv": [ 9.5, 2, 10.5, 2.5 ], "texture": "#texture" }
    }
},
{
    "__comment": "Parachute",
    "from": [ -2, 22.75, 13 ],
    "to": [ 18, 24, 15.5 ],
    "faces": {
        "down":  { "uv": [ 12, 11, 4, 10 ], "texture": "#texture" },
        "up":    { "uv": [ 4, 10, 12, 11 ], "texture": "#texture" },
        "south": { "uv": [ 4, 2, 12, 2.5 ], "texture": "#texture" },
        "west":  { "uv": [ 10, 2, 11, 2.5 ], "texture": "#texture" },
        "east":  { "uv": [ 5, 2, 6, 2.5 ], "texture": "#texture" }
    }
},
{
    "__comment": "Parachute",
    "from": [ -0.75, 21.5, -0.75 ],
    "to": [ 16.75, 22.75, 0.5 ],
    "faces": {
        "down":  { "uv": [ 11.5, 5, 4.5, 4.5 ], "texture": "#texture" },
        "up":    { "uv": [ 4.5, 4.5, 11.5, 5 ], "texture": "#texture" },
        "north": { "uv": [ 4.5, 2.5, 11.5, 3 ], "texture": "#texture" },
        "west":  { "uv": [ 4.5, 2.5, 5, 3 ], "texture": "#texture" },
        "east":  { "uv": [ 11, 2.5, 11.5, 3 ], "texture": "#texture" }
    }
},
{
    "__comment": "Parachute",
    "from": [ -0.75, 22.75, 0.5 ],
    "to": [ 16.75, 24, 1.75 ],
    "faces": {
        "up":    { "uv": [ 4.5, 5, 11.5, 5.5 ], "texture": "#texture" },
        "north": { "uv": [ 4.5, 2, 11.5, 2.5 ], "texture": "#texture" },
        "west":  { "uv": [ 5, 2, 5.5, 2.5 ], "texture": "#texture" },
        "east":  { "uv": [ 10.5, 2, 11, 2.5 ], "texture": "#texture" }
    }
},
{
    "__comment": "Parachute",
    "from": [ -0.75, 24, 5.5 ],
    "to": [ 1.75, 25.25, 11.75 ],
    "faces": {
        "up":    { "uv": [ 4.5, 7, 5.5, 9.5 ], "texture": "#texture" },
        "north": { "uv": [ 10.5, 1.5, 11.5, 2 ], "texture": "#texture" },
        "south": { "uv": [ 4.5, 1.5, 5.5, 2 ], "texture": "#texture" },
        "west":  { "uv": [ 7, 1.5, 9.5, 2 ], "texture": "#texture" },
        "east":  { "uv": [ 6.5, 1.5, 9, 2 ], "texture": "#texture" }
    }
},
{
    "__comment": "Parachute",
    "from": [ 14.25, 24, 5.5 ],
    "to": [ 16.75, 25.25, 11.75 ],
    "faces": {
        "up":    { "uv": [ 10.5, 7, 11.5, 9.5 ], "texture": "#texture" },
        "north": { "uv": [ 4.5, 1.5, 5.5, 2 ], "texture": "#texture" },
        "south": { "uv": [ 10.5, 1.5, 11.5, 2 ], "texture": "#texture" },
        "west":  { "uv": [ 7, 1.5, 9.5, 2 ], "texture": "#texture" },
        "east":  { "uv": [ 6.5, 1.5, 9, 2 ], "texture": "#texture" }
    }
},
{
    "__comment": "Parachute",
    "from": [ 16.75, 21.5, 14.25 ],
    "to": [ 23, 22.75, 15.5 ],
    "faces": {
        "down":  { "uv": [ 4.5, 11, 2, 10.5 ], "texture": "#texture" },
        "up":    { "uv": [ 11.5, 10.5, 14, 11 ], "texture": "#texture" },
        "south": { "uv": [ 11.5, 2.5, 14, 3 ], "texture": "#texture" },
        "west":  { "uv": [ 10.5, 2.5, 11, 3 ], "texture": "#texture" },
        "east":  { "uv": [ 5, 2.5, 5.5, 3 ], "texture": "#texture" }
    }
},
{
    "__comment": "Parachute",
    "from": [ 16.75, 21.5, 13 ],
    "to": [ 23, 22.75, 14.25 ],
    "faces": {
        "down":  { "uv": [ 4.5, 10.5, 2, 10 ], "texture": "#texture" },
        "up":    { "uv": [ 11.5, 10, 14, 10.5 ], "texture": "#texture" },
        "north": { "uv": [ 2, 2.5, 4.5, 3 ], "texture": "#texture" },
        "west":  { "uv": [ 10, 2.5, 10.5, 3 ], "texture": "#texture" },
        "east":  { "uv": [ 5.5, 2.5, 6, 3 ], "texture": "#texture" }
    }
},
{
    "__comment": "Parachute",
    "from": [ 16.75, 21.5, 1.75 ],
    "to": [ 23, 22.75, 15.5 ],
    "faces": {
        "down":  { "uv": [ 4.5, 11, 2, 5.5 ], "texture": "#texture" },
        "up":    { "uv": [ 11.5, 5.5, 14, 11 ], "texture": "#texture" },
        "north": { "uv": [ 2, 2.5, 4.5, 3 ], "texture": "#texture" },
        "south": { "uv": [ 11.5, 2.5, 14, 3 ], "texture": "#texture" },
        "west":  { "uv": [ 5.5, 2.5, 11, 3 ], "texture": "#texture" },
        "east":  { "uv": [ 5, 2.5, 10.5, 3 ], "texture": "#texture" }
    }
},
{
    "__comment": "Parachute",
    "from": [ 19.25, 20.25, 0.5 ],
    "to": [ 25.5, 21.5, 1.75 ],
    "faces": {
        "down":  { "uv": [ 3.5, 5.5, 1, 5 ], "texture": "#texture" },
        "up":    { "uv": [ 12.5, 5, 15, 5.5 ], "texture": "#texture" },
        "north": { "uv": [ 1, 3, 3.5, 3.5 ], "texture": "#texture" },
        "south": { "uv": [ 12.5, 3, 15, 3.5 ], "texture": "#texture" },
        "west":  { "uv": [ 5, 3, 5.5, 3.5 ], "texture": "#texture" },
        "east":  { "uv": [ 10.5, 3, 11, 3.5 ], "texture": "#texture" }
    }
},
{
    "__comment": "Parachute",
    "from": [ 19.25, 22.75, 3 ],
    "to": [ 21.75, 24, 4.25 ],
    "faces": {
        "up":    { "uv": [ 12.5, 6, 13.5, 6.5 ], "texture": "#texture" },
        "north": { "uv": [ 2.5, 2, 3.5, 2.5 ], "texture": "#texture" },
        "west":  { "uv": [ 6, 2, 6.5, 2.5 ], "texture": "#texture" },
        "east":  { "uv": [ 9.5, 2, 10, 2.5 ], "texture": "#texture" }
    }
},
{
    "__comment": "Parachute",
    "from": [ 19.25, 22.75, 13 ],
    "to": [ 21.75, 24, 14.25 ],
    "faces": {
        "up":    { "uv": [ 12.5, 10, 13.5, 10.5 ], "texture": "#texture" },
        "south": { "uv": [ 12.5, 2, 13.5, 2.5 ], "texture": "#texture" },
        "west":  { "uv": [ 10, 2, 10.5, 2.5 ], "texture": "#texture" },
        "east":  { "uv": [ 5.5, 2, 6, 2.5 ], "texture": "#texture" }
    }
},
{
    "__comment": "Parachute",
    "from": [ 19.25, 20.25, 15.5 ],
    "to": [ 23, 21.5, 16.75 ],
    "faces": {
        "down":  { "uv": [ 3.5, 11.5, 2, 11 ], "texture": "#texture" },
        "up":    { "uv": [ 12.5, 11, 14, 11.5 ], "texture": "#texture" },
        "north": { "uv": [ 2, 3, 3.5, 3.5 ], "texture": "#texture" },
        "south": { "uv": [ 12.5, 3, 14, 3.5 ], "texture": "#texture" },
        "west":  { "uv": [ 11, 3, 11.5, 3.5 ], "texture": "#texture" },
        "east":  { "uv": [ 4.5, 3, 5, 3.5 ], "texture": "#texture" }
    }
},
{
    "__comment": "Parachute",
    "from": [ 21.75, 20.25, 1.75 ],
    "to": [ 26.75, 21.5, 3 ],
    "faces": {
        "down":  { "uv": [ 2.5, 6, 0.5, 5.5 ], "texture": "#texture" },
        "up":    { "uv": [ 13.5, 5.5, 15.5, 6 ], "texture": "#texture" },
        "north": { "uv": [ 0.5, 3, 2.5, 3.5 ], "texture": "#texture" },
        "west":  { "uv": [ 5.5, 3, 6, 3.5 ], "texture": "#texture" },
        "east":  { "uv": [ 10, 3, 10.5, 3.5 ], "texture": "#texture" }
    }
},
{
    "__comment": "Parachute",
    "from": [ 23, 21.5, 5.5 ],
    "to": [ 24.25, 22.75, 11.75 ],
    "faces": {
        "up":    { "uv": [ 14, 7, 14.5, 9.5 ], "texture": "#texture" },
        "north": { "uv": [ 1.5, 2.5, 2, 3 ], "texture": "#texture" },
        "south": { "uv": [ 14, 2.5, 14.5, 3 ], "texture": "#texture" },
        "east":  { "uv": [ 6.5, 2.5, 9, 3 ], "texture": "#texture" }
    }
},
{
    "__comment": "Parachute",
    "from": [ 21.75, 20.25, 14.25 ],
    "to": [ 26.75, 21.5, 15.5 ],
    "faces": {
        "down":  { "uv": [ 2.5, 11, 0.5, 10.5 ], "texture": "#texture" },
        "up":    { "uv": [ 13.5, 10.5, 15.5, 11 ], "texture": "#texture" },
        "south": { "uv": [ 13.5, 3, 15.5, 3.5 ], "texture": "#texture" },
        "west":  { "uv": [ 10.5, 3, 11, 3.5 ], "texture": "#texture" },
        "east":  { "uv": [ 5, 3, 5.5, 3.5 ], "texture": "#texture" }
    }
},
{
    "__comment": "Parachute",
    "from": [ 21.75, 20.25, 3 ],
    "to": [ 26.75, 21.5, 14.25 ],
    "faces": {
        "down":  { "uv": [ 2.5, 10.5, 0.5, 6 ], "texture": "#texture" },
        "up":    { "uv": [ 13.5, 6, 15.5, 10.5 ], "texture": "#texture" },
        "west":  { "uv": [ 6, 3, 10.5, 3.5 ], "texture": "#texture" },
        "east":  { "uv": [ 5.5, 3, 10, 3.5 ], "texture": "#texture" }
    }
},
{
    "__comment": "Parachute",
    "from": [ 24.25, 19, 0.5 ],
    "to": [ 26.75, 20.25, 1.75 ],
    "faces": {
        "down":  { "uv": [ 1.5, 5.5, 0.5, 5 ], "texture": "#texture" },
        "up":    { "uv": [ 14.5, 5, 15.5, 5.5 ], "texture": "#texture" },
        "north": { "uv": [ 0.5, 3.5, 1.5, 4 ], "texture": "#texture" },
        "south": { "uv": [ 14.5, 3.5, 15.5, 4 ], "texture": "#texture" },
        "west":  { "uv": [ 5, 3.5, 5.5, 4 ], "texture": "#texture" },
        "east":  { "uv": [ 10.5, 3.5, 11, 4 ], "texture": "#texture" }
    }
},
{
    "__comment": "Parachute",
    "from": [ 24.25, 19, 14.25 ],
    "to": [ 26.75, 20.25, 15.5 ],
    "faces": {
        "down":  { "uv": [ 1.5, 11, 0.5, 10.5 ], "texture": "#texture" },
        "north": { "uv": [ 0.5, 3.5, 1.5, 4 ], "texture": "#texture" },
        "south": { "uv": [ 14.5, 3.5, 15.5, 4 ], "texture": "#texture" },
        "west":  { "uv": [ 10.5, 3.5, 11, 4 ], "texture": "#texture" },
        "east":  { "uv": [ 5, 3.5, 5.5, 4 ], "texture": "#texture" }
    }
},
{
    "__comment": "Parachute",
    "from": [ 25.5, 19, 1.75 ],
    "to": [ 26.75, 20.25, 14.25 ],
    "faces": {
        "down":  { "uv": [ 1, 10.5, 0.5, 5.5 ], "texture": "#texture" },
        "up":    { "uv": [ 15, 5.5, 15.5, 10.5 ], "texture": "#texture" },
        "west":  { "uv": [ 5.5, 3.5, 10.5, 4 ], "texture": "#texture" }
    }
},
{
    "__comment": "Parachute",
    "from": [ 26.75, 17.75, 1.75 ],
    "to": [ 28, 20.25, 14.25 ],
    "faces": {
        "down":  { "uv": [ 0.5, 10.5, 0, 5.5 ], "texture": "#texture" },
        "up":    { "uv": [ 15.5, 5.5, 16, 10.5 ], "texture": "#texture" },
        "north": { "uv": [ 0, 3.5, 0.5, 4.5 ], "texture": "#texture" },
        "south": { "uv": [ 15.5, 3.5, 16, 4.5 ], "texture": "#texture" },
        "west":  { "uv": [ 5.5, 3.5, 10.5, 4.5 ], "texture": "#texture" },
        "east":  { "uv": [ 5.5, 3.5, 10.5, 4.5 ], "texture": "#texture" }
    }
},
{
    "__comment": "Parachute",
    "from": [ 26.75, 16.5, 4.25 ],
    "to": [ 28, 17.75, 11.75 ],
    "faces": {
        "down":  { "uv": [ 0.5, 9.5, 0, 6.5 ], "texture": "#texture" },
        "north": { "uv": [ 0, 4.5, 0.5, 5 ], "texture": "#texture" },
        "south": { "uv": [ 15.5, 4.5, 16, 5 ], "texture": "#texture" },
        "west":  { "uv": [ 6.5, 4.5, 9.5, 5 ], "texture": "#texture" },
        "east":  { "uv": [ 6.5, 4.5, 9.5, 5 ], "texture": "#texture" }
    }
},
{
    "__comment": "Parachute",
    "from": [ -10.75, 20.25, 1.75 ],
    "to": [ -5.75, 21.5, 15.5 ],
    "faces": {
        "down":  { "uv": [ 15.5, 11, 13.5, 5.5 ], "texture": "#texture" },
        "up":    { "uv": [ 0.5, 5.5, 2.5, 11 ], "texture": "#texture" },
        "north": { "uv": [ 13.5, 3, 15.5, 3.5 ], "texture": "#texture" },
        "south": { "uv": [ 0.5, 3, 2.5, 3.5 ], "texture": "#texture" },
        "west":  { "uv": [ 5.5, 3, 11, 3.5 ], "texture": "#texture" },
        "east":  { "uv": [ 5, 3, 10.5, 3.5 ], "texture": "#texture" }
    }
},
{
    "__comment": "Strings",
    "from": [ -4, 7.75, 13 ],
    "to": [ -3.375, 21.5, 13.625 ],
    "rotation": { "origin": [ -4, 21.5, 13 ], "axis": "x", "angle": 22.5 },
    "faces": {
        "down":  { "uv": [ 15, 16, 14.75, 16 ], "texture": "#strings" },
        "up":    { "uv": [ 1, 16, 1.25, 16 ], "texture": "#strings" },
        "north": { "uv": [ 14.75, 5, 15, 16 ], "texture": "#strings" },
        "south": { "uv": [ 1, 5, 1.25, 16 ], "texture": "#strings" },
        "west":  { "uv": [ 16, 5, 16, 16 ], "texture": "#strings" },
        "east":  { "uv": [ 0, 5, 0, 16 ], "texture": "#strings" }
    }
},
{
    "__comment": "Long String",
    "from": [ 27.55, -7.875, 7.6875 ],
    "to": [ 28.175, 17.125, 8.3125 ],
    "rotation": { "origin": [ 27.55, 17.125, 7.6875 ], "axis": "z", "angle": -45 },
    "faces": {
        "down":  { "uv": [ 15, 16, 14.75, 16 ], "texture": "#strings" },
        "north": { "uv": [ 14.75, 5, 15, 16 ], "texture": "#strings" },
        "south": { "uv": [ 1, 5, 1.25, 16 ], "texture": "#strings" },
        "west":  { "uv": [ 16, 5, 16, 16 ], "texture": "#strings" },
        "east":  { "uv": [ 0, 5, 0, 16 ], "texture": "#strings" }
    }
},
{
    "__comment": "Strings",
    "from": [ 19.25, 7.5, 2.325 ],
    "to": [ 19.875, 21.5, 2.95 ],
    "rotation": { "origin": [ 19.25, 21.5, 2.325 ], "axis": "x", "angle": -22.5 },
    "faces": {
        "down":  { "uv": [ 15, 16, 14.75, 16 ], "texture": "#strings" },
        "up":    { "uv": [ 1, 16, 1.25, 16 ], "texture": "#strings" },
        "north": { "uv": [ 14.75, 5, 15, 16 ], "texture": "#strings" },
        "south": { "uv": [ 1, 5, 1.25, 16 ], "texture": "#strings" },
        "west":  { "uv": [ 16, 5, 16, 16 ], "texture": "#strings" },
        "east":  { "uv": [ 0, 5, 0, 16 ], "texture": "#strings" }
    }
},
{
    "__comment": "Strings",
    "from": [ 19.25, 7.75, 12.9975 ],
    "to": [ 19.875, 21.5, 13.6225 ],
    "rotation": { "origin": [ 19.25, 21.5, 12.9975 ], "axis": "x", "angle": 22.5 },
    "faces": {
        "down":  { "uv": [ 15, 16, 14.75, 16 ], "texture": "#strings" },
        "up":    { "uv": [ 1, 16, 1.25, 16 ], "texture": "#strings" },
        "north": { "uv": [ 14.75, 5, 15, 16 ], "texture": "#strings" },
        "south": { "uv": [ 1, 5, 1.25, 16 ], "texture": "#strings" },
        "west":  { "uv": [ 16, 5, 16, 16 ], "texture": "#strings" },
        "east":  { "uv": [ 0, 5, 0, 16 ], "texture": "#strings" }
    }
},
{
    "__comment": "Long String",
    "from": [ -12, -8.175, 7.6875 ],
    "to": [ -11.375, 16.5, 8.3125 ],
    "rotation": { "origin": [ -12, 16.5, 7.6875 ], "axis": "z", "angle": 45 },
    "faces": {
        "down":  { "uv": [ 15, 16, 14.75, 16 ], "texture": "#strings" },
        "north": { "uv": [ 14.75, 5, 15, 16 ], "texture": "#strings" },
        "south": { "uv": [ 1, 5, 1.25, 16 ], "texture": "#strings" },
        "west":  { "uv": [ 16, 5, 16, 16 ], "texture": "#strings" },
        "east":  { "uv": [ 0, 5, 0, 16 ], "texture": "#strings" }
    }
},
{
    "__comment": "Strings",
    "from": [ -4, 7.5, 2.325 ],
    "to": [ -3.375, 21.5, 2.95 ],
    "rotation": { "origin": [ -4, 21.5, 2.325 ], "axis": "x", "angle": -22.5 },
    "faces": {
        "down":  { "uv": [ 15, 16, 14.75, 16 ], "texture": "#strings" },
        "up":    { "uv": [ 1, 16, 1.25, 16 ], "texture": "#strings" },
        "north": { "uv": [ 14.75, 5, 15, 16 ], "texture": "#strings" },
        "south": { "uv": [ 1, 5, 1.25, 16 ], "texture": "#strings" },
        "west":  { "uv": [ 16, 5, 16, 16 ], "texture": "#strings" },
        "east":  { "uv": [ 0, 5, 0, 16 ], "texture": "#strings" }
    }
},
{
    "__comment": "Cross String",
    "from": [ 5.475, -0.98, 7.675 ],
    "to": [ 10.3, -0.33, 8.325 ],
    "faces": {
        "down":  { "uv": [ 9.01, 8.13, 7.08, 7.87 ], "texture": "#strings" },
        "up":    { "uv": [ 6.99, 7.87, 8.92, 8.13 ], "texture": "#strings" },
        "north": { "uv": [ 7.08, 11.732, 9.01, 11.992 ], "texture": "#strings" },
        "south": { "uv": [ 6.99, 11.732, 8.92, 11.992 ], "texture": "#strings" },
        "west":  { "uv": [ 7.87, 11.732, 8.13, 11.992 ], "texture": "#strings" },
        "east":  { "uv": [ 7.87, 11.732, 8.13, 11.992 ], "texture": "#strings" }
    }
}
],
"display": {
    "thirdperson_righthand": {
        "rotation": [ 70, 0, 0 ],
        "translation": [ -6.8, 4.72, 20.41 ],
        "scale": [ 2.5, 2.5, 2.5 ]
    },
    "thirdperson_lefthand": {
        "rotation": [ 70, 0, 0 ],
        "translation": [ -6.8, 4.72, 20.41 ],
        "scale": [ 2.5, 2.5, 2.5 ]
    },
    "head": {
        "rotation": [ 0, 0, 0 ],
        "translation": [ -0.57, 11.72, -2.83 ],
        "scale": [ 4, 4, 4 ]
    },
    "ground": {
        "rotation": [ 0, 0, 0 ],
        "translation": [ 0, 1.5, 0 ],
        "scale": [ 0.2, 0.2, 0.2 ]
    },
    "fixed": {
        "rotation": [ 0, 0, 0 ],
        "translation": [ 0, -1.7, 0 ],
        "scale": [ 0.4, 0.4, 0.4 ]
    },
    "firstperson_righthand": {
        "rotation": [ 0, 0, 0 ],
        "translation": [ -8.69, -8.5, -7.7 ],
        "scale": [ 3, 3, 3 ]
    },
    "firstperson_lefthand": {
        "rotation": [ 0, 0, 0 ],
        "translation": [ -8.69, -8.5, -7.7 ],
        "scale": [ 3, 3, 3 ]
    },
    "gui": {
        "rotation": [ 30, 45, 0 ],
        "translation": [ 0, -2.08, 0 ],
        "scale": [ 0.4, 0.4, 0.4 ]
    }
}
}