{
	"__comment": "Разработано специально для Hard-Days.SU  ::  If you steal our models - you PIDOR!",
	"textures": {"0": "gadgets/tent"},
	"elements": [
		{
			"name": "top",
			"from": [-5, 17, 13],
			"to": [21, 18, 14],
			"faces": {
				"north": {
					"uv": [
						0,
						0,
						10.07999984741211,
						1.0800000381469725
					],
					"texture": "#0"
				},
				"east": {"uv": [0, 0, 1, 1], "texture": "#0"},
				"south": {
					"uv": [
						0,
						0,
						10.05937530517578,
						1.0600000572204589
					],
					"texture": "#0"
				},
				"west": {"uv": [0, 0, 1, 1], "texture": "#0"},
				"up": {
					"uv": [
						0,
						0,
						10.100000305175781,
						1.1000000190734862
					],
					"texture": "#0"
				},
				"down": {"uv": [0, 0, 10.02, 1.02], "texture": "#0"}
			},
			"rotation": {
				"origin": [8, 10, 13],
				"axis": "x",
				"angle": -45
			}
		},
		{
			"name": "leftSide",
			"from": [-5, 2.5, 11],
			"to": [21, 19.5, 11.4],
			"faces": {
				"north": {"uv": [0, 0, 14, 10], "texture": "#0"},
				"east": {"uv": [0, 0, 0.4, 10], "texture": "#0"},
				"south": {"uv": [0, 0, 14, 10], "texture": "#0"},
				"west": {"uv": [0, 0, 0.4, 10], "texture": "#0"},
				"up": {"uv": [0, 0, 16, 0.4], "texture": "#0"},
				"down": {"uv": [0, 0, 16, 0.4], "texture": "#0"}
			},
			"rotation": {
				"origin": [3, 10.5, 19],
				"axis": "x",
				"angle": -22.5
			}
		},
		{
			"name": "rightSide",
			"from": [-5, -3.5, 3.5],
			"to": [21, 13.5, 3.9],
			"faces": {
				"north": {"uv": [0, 0, 14, 10], "texture": "#0"},
				"east": {"uv": [0, 0, 0.4, 10], "texture": "#0"},
				"south": {"uv": [0, 0, 14, 10], "texture": "#0"},
				"west": {"uv": [0, 0, 0.4, 10], "texture": "#0"},
				"up": {"uv": [0, 0, 10, 0.4], "texture": "#0"},
				"down": {"uv": [0, 0, 10, 0.4], "texture": "#0"}
			},
			"rotation": {
				"origin": [3, 4.5, 11.5],
				"axis": "x",
				"angle": 22.5
			}
		},
		{
			"name": "back1",
			"from": [20.5, 0, 7.5],
			"to": [20.9, 15.5, 8.5],
			"faces": {
				"north": {"uv": [0, 0, 1, 15.5], "texture": "#0"},
				"east": {"uv": [0, 0, 1, 15.5], "texture": "#0"},
				"south": {"uv": [0, 0, 1, 15.5], "texture": "#0"},
				"west": {"uv": [0, 0, 1, 15.5], "texture": "#0"},
				"up": {"uv": [0, 0, 1, 15.5], "texture": "#0"},
				"down": {"uv": [0, 0, 1, 15.5], "texture": "#0"}
			}
		},
		{
			"name": "back2",
			"from": [20.5, 0, 8.5],
			"to": [20.9, 15, 8.8],
			"faces": {
				"north": {
					"uv": [0.5, 0, 0.7, 15.5],
					"texture": "#0"
				},
				"east": {"uv": [0.5, 0, 0.7, 15], "texture": "#0"},
				"south": {
					"uv": [0.5, 0, 0.7, 15.5],
					"texture": "#0"
				},
				"west": {"uv": [0.5, 0, 0.7, 15], "texture": "#0"},
				"up": {"uv": [0.5, 0, 0.7, 15.5], "texture": "#0"},
				"down": {"uv": [0.5, 0, 0.7, 15.5], "texture": "#0"}
			}
		},
		{
			"name": "back3",
			"from": [20.5, 0, 8.8],
			"to": [20.9, 14.5, 9.100000000000001],
			"faces": {
				"north": {"uv": [0, 0, 0.4, 15.5], "texture": "#0"},
				"east": {"uv": [0.8, 0, 1, 14.5], "texture": "#0"},
				"south": {"uv": [0, 0, 0.4, 15.5], "texture": "#0"},
				"west": {"uv": [1, 0, 1.2, 14.5], "texture": "#0"},
				"up": {"uv": [0, 0, 0.4, 1], "texture": "#0"},
				"down": {"uv": [0, 0, 0.4, 1], "texture": "#0"}
			}
		},
		{
			"name": "back4",
			"from": [20.5, 0, 9.1],
			"to": [20.9, 13.8, 9.4],
			"faces": {
				"north": {"uv": [0, 0, 0.4, 15.5], "texture": "#0"},
				"east": {"uv": [1.8, 0, 2, 13.8], "texture": "#0"},
				"south": {"uv": [0, 0, 0.4, 15.5], "texture": "#0"},
				"west": {"uv": [2, 0, 2.2, 13.8], "texture": "#0"},
				"up": {"uv": [0, 0, 0.4, 1], "texture": "#0"},
				"down": {"uv": [0, 0, 0.4, 1], "texture": "#0"}
			}
		},
		{
			"name": "back5",
			"from": [20.5, 0, 9.4],
			"to": [20.9, 13, 9.700000000000001],
			"faces": {
				"north": {"uv": [0, 0, 0.4, 15.5], "texture": "#0"},
				"east": {"uv": [2.8, 0, 3, 13.1], "texture": "#0"},
				"south": {"uv": [0, 0, 0.4, 15.5], "texture": "#0"},
				"west": {"uv": [3, 0, 3.2, 13.1], "texture": "#0"},
				"up": {"uv": [0, 0, 0.4, 1], "texture": "#0"},
				"down": {"uv": [0, 0, 0.4, 1], "texture": "#0"}
			}
		},
		{
			"name": "back6",
			"from": [20.5, 0, 9.7],
			"to": [20.9, 12.3, 10],
			"faces": {
				"north": {"uv": [0, 0, 0.4, 15.5], "texture": "#0"},
				"east": {"uv": [3.8, 0, 4, 12.3], "texture": "#0"},
				"south": {"uv": [0, 0, 0.4, 15.5], "texture": "#0"},
				"west": {"uv": [4, 0, 4.2, 12.3], "texture": "#0"},
				"up": {"uv": [0, 0, 0.4, 1], "texture": "#0"},
				"down": {"uv": [0, 0, 0.4, 1], "texture": "#0"}
			}
		},
		{
			"name": "back7",
			"from": [20.5, 0, 10],
			"to": [20.9, 11.6, 10.3],
			"faces": {
				"north": {
					"uv": [4.800000000000001, 0, 4.9, 15.5],
					"texture": "#0"
				},
				"east": {
					"uv": [
						4.800000000000001,
						0,
						5.000000000000001,
						11.6
					],
					"texture": "#0"
				},
				"south": {
					"uv": [4.800000000000001, 0, 4.9, 15.5],
					"texture": "#0"
				},
				"west": {"uv": [5, 0, 5.2, 11.6], "texture": "#0"},
				"up": {
					"uv": [4.800000000000001, 0, 4.9, 15.5],
					"texture": "#0"
				},
				"down": {
					"uv": [4.800000000000001, 0, 4.9, 15.5],
					"texture": "#0"
				}
			}
		},
		{
			"name": "back8",
			"from": [20.5, 0, 10.3],
			"to": [20.9, 10.9, 10.600000000000001],
			"faces": {
				"north": {
					"uv": [4.800000000000001, 0, 4.9, 15.5],
					"texture": "#0"
				},
				"east": {
					"uv": [
						5.800000000000001,
						0,
						6.000000000000001,
						10.9
					],
					"texture": "#0"
				},
				"south": {
					"uv": [4.800000000000001, 0, 4.9, 15.5],
					"texture": "#0"
				},
				"west": {"uv": [6, 0, 6.1, 10.9], "texture": "#0"},
				"up": {
					"uv": [4.800000000000001, 0, 4.9, 15.5],
					"texture": "#0"
				},
				"down": {
					"uv": [4.800000000000001, 0, 4.9, 15.5],
					"texture": "#0"
				}
			}
		},
		{
			"name": "back9",
			"from": [20.5, 0, 10.6],
			"to": [20.9, 10.1, 10.9],
			"faces": {
				"north": {
					"uv": [4.800000000000001, 0, 4.9, 15.5],
					"texture": "#0"
				},
				"east": {
					"uv": [
						6.800000000000001,
						0,
						7.000000000000001,
						10.2
					],
					"texture": "#0"
				},
				"south": {
					"uv": [4.800000000000001, 0, 4.9, 15.5],
					"texture": "#0"
				},
				"west": {"uv": [7, 0, 7.1, 10.2], "texture": "#0"},
				"up": {
					"uv": [4.800000000000001, 0, 4.9, 15.5],
					"texture": "#0"
				},
				"down": {
					"uv": [4.800000000000001, 0, 4.9, 15.5],
					"texture": "#0"
				}
			}
		},
		{
			"name": "back10",
			"from": [20.5, 0, 10.9],
			"to": [20.9, 9.4, 11.200000000000001],
			"faces": {
				"north": {
					"uv": [4.800000000000001, 0, 4.9, 15.5],
					"texture": "#0"
				},
				"east": {"uv": [7.8, 0, 8, 9.5], "texture": "#0"},
				"south": {
					"uv": [4.800000000000001, 0, 4.9, 15.5],
					"texture": "#0"
				},
				"west": {"uv": [8, 0, 8.1, 9.5], "texture": "#0"},
				"up": {
					"uv": [4.800000000000001, 0, 4.9, 15.5],
					"texture": "#0"
				},
				"down": {
					"uv": [4.800000000000001, 0, 4.9, 15.5],
					"texture": "#0"
				}
			}
		},
		{
			"name": "back11",
			"from": [20.5, 0, 11.2],
			"to": [20.9, 8.7, 11.5],
			"faces": {
				"north": {
					"uv": [4.800000000000001, 0, 4.9, 15.5],
					"texture": "#0"
				},
				"east": {"uv": [8.8, 0, 9, 8.7], "texture": "#0"},
				"south": {
					"uv": [4.800000000000001, 0, 4.9, 15.5],
					"texture": "#0"
				},
				"west": {"uv": [9, 0, 9.1, 8.7], "texture": "#0"},
				"up": {
					"uv": [4.800000000000001, 0, 4.9, 15.5],
					"texture": "#0"
				},
				"down": {
					"uv": [4.800000000000001, 0, 4.9, 15.5],
					"texture": "#0"
				}
			}
		},
		{
			"name": "back12",
			"from": [20.5, 0, 11.5],
			"to": [20.9, 8, 11.8],
			"faces": {
				"north": {
					"uv": [4.800000000000001, 0, 4.9, 15.5],
					"texture": "#0"
				},
				"east": {"uv": [9.8, 0, 10, 8], "texture": "#0"},
				"south": {
					"uv": [4.800000000000001, 0, 4.9, 15.5],
					"texture": "#0"
				},
				"west": {"uv": [10, 0, 10.1, 8], "texture": "#0"},
				"up": {
					"uv": [4.800000000000001, 0, 4.9, 15.5],
					"texture": "#0"
				},
				"down": {
					"uv": [4.800000000000001, 0, 4.9, 15.5],
					"texture": "#0"
				}
			}
		},
		{
			"name": "back13",
			"from": [20.5, 0, 11.8],
			"to": [20.9, 7.2, 12.100000000000001],
			"faces": {
				"north": {
					"uv": [4.800000000000001, 0, 4.9, 15.5],
					"texture": "#0"
				},
				"east": {"uv": [10.8, 0, 11, 7.3], "texture": "#0"},
				"south": {
					"uv": [4.800000000000001, 0, 4.9, 15.5],
					"texture": "#0"
				},
				"west": {"uv": [10, 0, 10.1, 7.3], "texture": "#0"},
				"up": {
					"uv": [4.800000000000001, 0, 4.9, 15.5],
					"texture": "#0"
				},
				"down": {
					"uv": [4.800000000000001, 0, 4.9, 15.5],
					"texture": "#0"
				}
			}
		},
		{
			"name": "back14",
			"from": [20.5, 0, 12.1],
			"to": [20.9, 6.5, 12.4],
			"faces": {
				"north": {
					"uv": [4.800000000000001, 0, 4.9, 15.5],
					"texture": "#0"
				},
				"east": {"uv": [10.8, 0, 11, 6.5], "texture": "#0"},
				"south": {
					"uv": [4.800000000000001, 0, 4.9, 15.5],
					"texture": "#0"
				},
				"west": {"uv": [11, 0, 11.1, 6.5], "texture": "#0"},
				"up": {
					"uv": [4.800000000000001, 0, 4.9, 15.5],
					"texture": "#0"
				},
				"down": {
					"uv": [4.800000000000001, 0, 4.9, 15.5],
					"texture": "#0"
				}
			}
		},
		{
			"name": "back15",
			"from": [20.5, 0, 12.4],
			"to": [20.9, 5.8, 12.700000000000001],
			"faces": {
				"north": {
					"uv": [4.800000000000001, 0, 4.9, 15.5],
					"texture": "#0"
				},
				"east": {"uv": [11.8, 0, 12, 5.8], "texture": "#0"},
				"south": {
					"uv": [4.800000000000001, 0, 4.9, 15.5],
					"texture": "#0"
				},
				"west": {"uv": [12, 0, 12.1, 5.8], "texture": "#0"},
				"up": {
					"uv": [4.800000000000001, 0, 4.9, 15.5],
					"texture": "#0"
				},
				"down": {
					"uv": [4.800000000000001, 0, 4.9, 15.5],
					"texture": "#0"
				}
			}
		},
		{
			"name": "back16",
			"from": [20.5, 0, 12.7],
			"to": [20.9, 5.1, 13],
			"faces": {
				"north": {
					"uv": [4.800000000000001, 0, 4.9, 15.5],
					"texture": "#0"
				},
				"east": {"uv": [12.8, 0, 13, 5.1], "texture": "#0"},
				"south": {
					"uv": [4.800000000000001, 0, 4.9, 15.5],
					"texture": "#0"
				},
				"west": {"uv": [13, 0, 13.1, 5.1], "texture": "#0"},
				"up": {
					"uv": [4.800000000000001, 0, 4.9, 15.5],
					"texture": "#0"
				},
				"down": {
					"uv": [4.800000000000001, 0, 4.9, 15.5],
					"texture": "#0"
				}
			}
		},
		{
			"name": "back17",
			"from": [20.5, 0, 13],
			"to": [20.9, 4.4, 13.3],
			"faces": {
				"north": {
					"uv": [4.800000000000001, 0, 4.9, 15.5],
					"texture": "#0"
				},
				"east": {"uv": [13.8, 0, 14, 4.4], "texture": "#0"},
				"south": {
					"uv": [4.800000000000001, 0, 4.9, 15.5],
					"texture": "#0"
				},
				"west": {"uv": [14, 0, 14.1, 4.4], "texture": "#0"},
				"up": {
					"uv": [4.800000000000001, 0, 4.9, 15.5],
					"texture": "#0"
				},
				"down": {
					"uv": [4.800000000000001, 0, 4.9, 15.5],
					"texture": "#0"
				}
			}
		},
		{
			"name": "back18",
			"from": [20.5, 0, 13.3],
			"to": [20.9, 3.6, 13.600000000000001],
			"faces": {
				"north": {
					"uv": [4.800000000000001, 0, 4.9, 15.5],
					"texture": "#0"
				},
				"east": {"uv": [14.8, 0, 15, 3.7], "texture": "#0"},
				"south": {
					"uv": [4.800000000000001, 0, 4.9, 15.5],
					"texture": "#0"
				},
				"west": {"uv": [15, 0, 15.1, 3.7], "texture": "#0"},
				"up": {
					"uv": [4.800000000000001, 0, 4.9, 15.5],
					"texture": "#0"
				},
				"down": {
					"uv": [4.800000000000001, 0, 4.9, 15.5],
					"texture": "#0"
				}
			}
		},
		{
			"name": "back19",
			"from": [20.5, 0, 13.6],
			"to": [20.9, 2.9, 13.9],
			"faces": {
				"north": {
					"uv": [4.800000000000001, 0, 4.9, 15.5],
					"texture": "#0"
				},
				"east": {"uv": [13.8, 0, 14, 3], "texture": "#0"},
				"south": {
					"uv": [4.800000000000001, 0, 4.9, 15.5],
					"texture": "#0"
				},
				"west": {
					"uv": [1, 0, 1.0999999999999996, 3],
					"texture": "#0"
				},
				"up": {
					"uv": [4.800000000000001, 0, 4.9, 15.5],
					"texture": "#0"
				},
				"down": {
					"uv": [4.800000000000001, 0, 4.9, 15.5],
					"texture": "#0"
				}
			}
		},
		{
			"name": "back20",
			"from": [20.5, 0, 13.9],
			"to": [20.9, 2.2, 14.200000000000001],
			"faces": {
				"north": {
					"uv": [4.800000000000001, 0, 4.9, 15.5],
					"texture": "#0"
				},
				"east": {
					"uv": [0.8000000000000007, 0, 1, 2.2],
					"texture": "#0"
				},
				"south": {
					"uv": [4.800000000000001, 0, 4.9, 15.5],
					"texture": "#0"
				},
				"west": {
					"uv": [2, 0, 2.0999999999999996, 2.2],
					"texture": "#0"
				},
				"up": {
					"uv": [4.800000000000001, 0, 4.9, 15.5],
					"texture": "#0"
				},
				"down": {
					"uv": [4.800000000000001, 0, 4.9, 15.5],
					"texture": "#0"
				}
			}
		},
		{
			"name": "back21",
			"from": [20.5, 0, 14.2],
			"to": [20.9, 1.5, 14.5],
			"faces": {
				"north": {
					"uv": [4.800000000000001, 0, 4.9, 15.5],
					"texture": "#0"
				},
				"east": {
					"uv": [1.8000000000000007, 0, 2, 1.5],
					"texture": "#0"
				},
				"south": {
					"uv": [4.800000000000001, 0, 4.9, 15.5],
					"texture": "#0"
				},
				"west": {
					"uv": [3, 0, 3.0999999999999996, 1.5],
					"texture": "#0"
				},
				"up": {
					"uv": [4.800000000000001, 0, 4.9, 15.5],
					"texture": "#0"
				},
				"down": {
					"uv": [4.800000000000001, 0, 4.9, 15.5],
					"texture": "#0"
				}
			}
		},
		{
			"name": "back3",
			"from": [20.5, 0, 7.2],
			"to": [20.9, 15, 7.5],
			"faces": {
				"north": {
					"uv": [0.5, 0, 0.7, 15.5],
					"texture": "#0"
				},
				"east": {"uv": [0.5, 0, 0.7, 15], "texture": "#0"},
				"south": {
					"uv": [0.5, 0, 0.7, 15.5],
					"texture": "#0"
				},
				"west": {"uv": [0.5, 0, 0.7, 15], "texture": "#0"},
				"up": {"uv": [0.5, 0, 0.7, 15.5], "texture": "#0"},
				"down": {"uv": [0.5, 0, 0.7, 15.5], "texture": "#0"}
			}
		},
		{
			"name": "back4",
			"from": [20.5, 0, 6.9],
			"to": [20.9, 14.2, 7.2],
			"faces": {
				"north": {"uv": [0, 0, 0.4, 15.5], "texture": "#0"},
				"east": {"uv": [0.8, 0, 1, 14.3], "texture": "#0"},
				"south": {"uv": [0, 0, 0.4, 15.5], "texture": "#0"},
				"west": {"uv": [1, 0, 1.2, 14.3], "texture": "#0"},
				"up": {"uv": [0, 0, 0.4, 1], "texture": "#0"},
				"down": {"uv": [0, 0, 0.4, 1], "texture": "#0"}
			}
		},
		{
			"name": "back5",
			"from": [20.5, 0, 6.6],
			"to": [20.9, 13.5, 6.8999999999999995],
			"faces": {
				"north": {"uv": [0, 0, 0.4, 15.5], "texture": "#0"},
				"east": {"uv": [1.8, 0, 2, 13.5], "texture": "#0"},
				"south": {"uv": [0, 0, 0.4, 15.5], "texture": "#0"},
				"west": {"uv": [2, 0, 2.2, 13.5], "texture": "#0"},
				"up": {"uv": [0, 0, 0.4, 1], "texture": "#0"},
				"down": {"uv": [0, 0, 0.4, 1], "texture": "#0"}
			}
		},
		{
			"name": "back6",
			"from": [20.5, 0, 6.3],
			"to": [20.9, 12.8, 6.6],
			"faces": {
				"north": {"uv": [0, 0, 0.4, 15.5], "texture": "#0"},
				"east": {"uv": [2.8, 0, 3, 12.8], "texture": "#0"},
				"south": {"uv": [0, 0, 0.4, 15.5], "texture": "#0"},
				"west": {"uv": [3, 0, 3.2, 12.8], "texture": "#0"},
				"up": {"uv": [0, 0, 0.4, 1], "texture": "#0"},
				"down": {"uv": [0, 0, 0.4, 1], "texture": "#0"}
			}
		},
		{
			"name": "back7",
			"from": [20.5, 0, 6],
			"to": [20.9, 12, 6.3],
			"faces": {
				"north": {"uv": [0, 0, 0.4, 15.5], "texture": "#0"},
				"east": {"uv": [3.8, 0, 4, 12], "texture": "#0"},
				"south": {"uv": [0, 0, 0.4, 15.5], "texture": "#0"},
				"west": {"uv": [4, 0, 4.2, 12], "texture": "#0"},
				"up": {"uv": [0, 0, 0.4, 1], "texture": "#0"},
				"down": {"uv": [0, 0, 0.4, 1], "texture": "#0"}
			}
		},
		{
			"name": "back8",
			"from": [20.5, 0, 5.7],
			"to": [20.9, 11.4, 6],
			"faces": {
				"north": {
					"uv": [4.800000000000001, 0, 4.9, 15.5],
					"texture": "#0"
				},
				"east": {
					"uv": [
						4.800000000000001,
						0,
						5.000000000000001,
						11.4
					],
					"texture": "#0"
				},
				"south": {
					"uv": [4.800000000000001, 0, 4.9, 15.5],
					"texture": "#0"
				},
				"west": {"uv": [5, 0, 5.2, 11.4], "texture": "#0"},
				"up": {
					"uv": [4.800000000000001, 0, 4.9, 15.5],
					"texture": "#0"
				},
				"down": {
					"uv": [4.800000000000001, 0, 4.9, 15.5],
					"texture": "#0"
				}
			}
		},
		{
			"name": "back9",
			"from": [20.5, 0, 5.4],
			"to": [20.9, 10.6, 5.7],
			"faces": {
				"north": {
					"uv": [4.800000000000001, 0, 4.9, 15.5],
					"texture": "#0"
				},
				"east": {
					"uv": [
						5.800000000000001,
						0,
						6.000000000000001,
						10.6
					],
					"texture": "#0"
				},
				"south": {
					"uv": [4.800000000000001, 0, 4.9, 15.5],
					"texture": "#0"
				},
				"west": {"uv": [6, 0, 6.1, 10.6], "texture": "#0"},
				"up": {
					"uv": [4.800000000000001, 0, 4.9, 15.5],
					"texture": "#0"
				},
				"down": {
					"uv": [4.800000000000001, 0, 4.9, 15.5],
					"texture": "#0"
				}
			}
		},
		{
			"name": "back10",
			"from": [20.5, 0, 5.1],
			"to": [20.9, 9.9, 5.3999999999999995],
			"faces": {
				"north": {
					"uv": [4.800000000000001, 0, 4.9, 15.5],
					"texture": "#0"
				},
				"east": {
					"uv": [
						6.800000000000001,
						0,
						7.000000000000001,
						9.9
					],
					"texture": "#0"
				},
				"south": {
					"uv": [4.800000000000001, 0, 4.9, 15.5],
					"texture": "#0"
				},
				"west": {"uv": [7, 0, 7.1, 9.9], "texture": "#0"},
				"up": {
					"uv": [4.800000000000001, 0, 4.9, 15.5],
					"texture": "#0"
				},
				"down": {
					"uv": [4.800000000000001, 0, 4.9, 15.5],
					"texture": "#0"
				}
			}
		},
		{
			"name": "back11",
			"from": [20.5, 0, 4.8],
			"to": [20.9, 9.2, 5.1],
			"faces": {
				"north": {
					"uv": [4.800000000000001, 0, 4.9, 15.5],
					"texture": "#0"
				},
				"east": {"uv": [7.8, 0, 8, 9.2], "texture": "#0"},
				"south": {
					"uv": [4.800000000000001, 0, 4.9, 15.5],
					"texture": "#0"
				},
				"west": {"uv": [8, 0, 8.1, 9.2], "texture": "#0"},
				"up": {
					"uv": [4.800000000000001, 0, 4.9, 15.5],
					"texture": "#0"
				},
				"down": {
					"uv": [4.800000000000001, 0, 4.9, 15.5],
					"texture": "#0"
				}
			}
		},
		{
			"name": "back12",
			"from": [20.5, 0, 4.5],
			"to": [20.9, 8.5, 4.8],
			"faces": {
				"north": {
					"uv": [4.800000000000001, 0, 4.9, 15.5],
					"texture": "#0"
				},
				"east": {"uv": [8.8, 0, 9, 8.5], "texture": "#0"},
				"south": {
					"uv": [4.800000000000001, 0, 4.9, 15.5],
					"texture": "#0"
				},
				"west": {"uv": [9, 0, 9.1, 8.5], "texture": "#0"},
				"up": {
					"uv": [4.800000000000001, 0, 4.9, 15.5],
					"texture": "#0"
				},
				"down": {
					"uv": [4.800000000000001, 0, 4.9, 15.5],
					"texture": "#0"
				}
			}
		},
		{
			"name": "back13",
			"from": [20.5, 0, 4.2],
			"to": [20.9, 7.7, 4.5],
			"faces": {
				"north": {
					"uv": [4.800000000000001, 0, 4.9, 15.5],
					"texture": "#0"
				},
				"east": {"uv": [9.8, 0, 10, 7.8], "texture": "#0"},
				"south": {
					"uv": [4.800000000000001, 0, 4.9, 15.5],
					"texture": "#0"
				},
				"west": {"uv": [10, 0, 10.1, 7.8], "texture": "#0"},
				"up": {
					"uv": [4.800000000000001, 0, 4.9, 15.5],
					"texture": "#0"
				},
				"down": {
					"uv": [4.800000000000001, 0, 4.9, 15.5],
					"texture": "#0"
				}
			}
		},
		{
			"name": "back14",
			"from": [20.5, 0, 3.9000000000000004],
			"to": [20.9, 7, 4.2],
			"faces": {
				"north": {
					"uv": [4.800000000000001, 0, 4.9, 15.5],
					"texture": "#0"
				},
				"east": {"uv": [10.8, 0, 11, 7], "texture": "#0"},
				"south": {
					"uv": [4.800000000000001, 0, 4.9, 15.5],
					"texture": "#0"
				},
				"west": {"uv": [10, 0, 10.1, 7], "texture": "#0"},
				"up": {
					"uv": [4.800000000000001, 0, 4.9, 15.5],
					"texture": "#0"
				},
				"down": {
					"uv": [4.800000000000001, 0, 4.9, 15.5],
					"texture": "#0"
				}
			}
		},
		{
			"name": "back15",
			"from": [20.5, 0, 3.6],
			"to": [20.9, 6.3, 3.9],
			"faces": {
				"north": {
					"uv": [4.800000000000001, 0, 4.9, 15.5],
					"texture": "#0"
				},
				"east": {"uv": [10.8, 0, 11, 6.3], "texture": "#0"},
				"south": {
					"uv": [4.800000000000001, 0, 4.9, 15.5],
					"texture": "#0"
				},
				"west": {"uv": [11, 0, 11.1, 6.3], "texture": "#0"},
				"up": {
					"uv": [4.800000000000001, 0, 4.9, 15.5],
					"texture": "#0"
				},
				"down": {
					"uv": [4.800000000000001, 0, 4.9, 15.5],
					"texture": "#0"
				}
			}
		},
		{
			"name": "back16",
			"from": [20.5, 0, 3.3],
			"to": [20.9, 5.6, 3.5999999999999996],
			"faces": {
				"north": {
					"uv": [4.800000000000001, 0, 4.9, 15.5],
					"texture": "#0"
				},
				"east": {"uv": [11.8, 0, 12, 5.8], "texture": "#0"},
				"south": {
					"uv": [4.800000000000001, 0, 4.9, 15.5],
					"texture": "#0"
				},
				"west": {"uv": [12, 0, 12.1, 5.8], "texture": "#0"},
				"up": {
					"uv": [4.800000000000001, 0, 4.9, 15.5],
					"texture": "#0"
				},
				"down": {
					"uv": [4.800000000000001, 0, 4.9, 15.5],
					"texture": "#0"
				}
			}
		},
		{
			"name": "back17",
			"from": [20.5, 0, 3],
			"to": [20.9, 4.8, 3.3],
			"faces": {
				"north": {
					"uv": [4.800000000000001, 0, 4.9, 15.5],
					"texture": "#0"
				},
				"east": {"uv": [12.8, 0, 13, 4.8], "texture": "#0"},
				"south": {
					"uv": [4.800000000000001, 0, 4.9, 15.5],
					"texture": "#0"
				},
				"west": {"uv": [13, 0, 13.1, 4.8], "texture": "#0"},
				"up": {
					"uv": [4.800000000000001, 0, 4.9, 15.5],
					"texture": "#0"
				},
				"down": {
					"uv": [4.800000000000001, 0, 4.9, 15.5],
					"texture": "#0"
				}
			}
		},
		{
			"name": "back18",
			"from": [20.5, 0, 2.7],
			"to": [20.9, 4.1, 3],
			"faces": {
				"north": {
					"uv": [4.800000000000001, 0, 4.9, 15.5],
					"texture": "#0"
				},
				"east": {"uv": [13.8, 0, 14, 4.1], "texture": "#0"},
				"south": {
					"uv": [4.800000000000001, 0, 4.9, 15.5],
					"texture": "#0"
				},
				"west": {"uv": [14, 0, 14.1, 4.1], "texture": "#0"},
				"up": {
					"uv": [4.800000000000001, 0, 4.9, 15.5],
					"texture": "#0"
				},
				"down": {
					"uv": [4.800000000000001, 0, 4.9, 15.5],
					"texture": "#0"
				}
			}
		},
		{
			"name": "back19",
			"from": [20.5, 0, 2.4],
			"to": [20.9, 3.4, 2.6999999999999997],
			"faces": {
				"north": {
					"uv": [4.800000000000001, 0, 4.9, 15.5],
					"texture": "#0"
				},
				"east": {"uv": [14.8, 0, 15, 3.4], "texture": "#0"},
				"south": {
					"uv": [4.800000000000001, 0, 4.9, 15.5],
					"texture": "#0"
				},
				"west": {"uv": [15, 0, 15.1, 3.4], "texture": "#0"},
				"up": {
					"uv": [4.800000000000001, 0, 4.9, 15.5],
					"texture": "#0"
				},
				"down": {
					"uv": [4.800000000000001, 0, 4.9, 15.5],
					"texture": "#0"
				}
			}
		},
		{
			"name": "back20",
			"from": [20.5, 0, 2.1],
			"to": [20.9, 2.6, 2.4],
			"faces": {
				"north": {
					"uv": [4.800000000000001, 0, 4.9, 15.5],
					"texture": "#0"
				},
				"east": {"uv": [13.8, 0, 14, 2.6], "texture": "#0"},
				"south": {
					"uv": [4.800000000000001, 0, 4.9, 15.5],
					"texture": "#0"
				},
				"west": {
					"uv": [1, 0, 1.0999999999999996, 2.6],
					"texture": "#0"
				},
				"up": {
					"uv": [4.800000000000001, 0, 4.9, 15.5],
					"texture": "#0"
				},
				"down": {
					"uv": [4.800000000000001, 0, 4.9, 15.5],
					"texture": "#0"
				}
			}
		},
		{
			"name": "back21",
			"from": [20.5, 0, 1.8],
			"to": [20.9, 1.9, 2.1],
			"faces": {
				"north": {
					"uv": [4.800000000000001, 0, 4.9, 15.5],
					"texture": "#0"
				},
				"east": {
					"uv": [0.8000000000000007, 0, 1, 1.9],
					"texture": "#0"
				},
				"south": {
					"uv": [4.800000000000001, 0, 4.9, 15.5],
					"texture": "#0"
				},
				"west": {
					"uv": [2, 0, 2.0999999999999996, 1.9],
					"texture": "#0"
				},
				"up": {
					"uv": [4.800000000000001, 0, 4.9, 15.5],
					"texture": "#0"
				},
				"down": {
					"uv": [4.800000000000001, 0, 4.9, 15.5],
					"texture": "#0"
				}
			}
		},
		{
			"name": "back22",
			"from": [20.5, 0, 1.5],
			"to": [20.9, 1.2, 1.8],
			"faces": {
				"north": {
					"uv": [4.800000000000001, 0, 4.9, 15.5],
					"texture": "#0"
				},
				"east": {
					"uv": [1.8000000000000007, 0, 2, 1.2],
					"texture": "#0"
				},
				"south": {
					"uv": [4.800000000000001, 0, 4.9, 15.5],
					"texture": "#0"
				},
				"west": {
					"uv": [3, 0, 3.0999999999999996, 1.2],
					"texture": "#0"
				},
				"up": {
					"uv": [4.800000000000001, 0, 4.9, 15.5],
					"texture": "#0"
				},
				"down": {
					"uv": [4.800000000000001, 0, 4.9, 15.5],
					"texture": "#0"
				}
			}
		},
		{
			"name": "fastener1",
			"from": [19.5, 16, 7.7],
			"to": [20.2, 18, 8.4],
			"faces": {
				"north": {
					"uv": [15.3, 15.3, 16, 16],
					"texture": "#0"
				},
				"east": {
					"uv": [15.3, 15.3, 16, 16],
					"texture": "#0"
				},
				"south": {
					"uv": [15.3, 15.3, 16, 16],
					"texture": "#0"
				},
				"west": {
					"uv": [15.3, 15.3, 16, 16],
					"texture": "#0"
				},
				"up": {"uv": [15.3, 15.3, 16, 16], "texture": "#0"},
				"down": {
					"uv": [15.3, 15.3, 16, 16],
					"texture": "#0"
				}
			}
		},
		{
			"name": "fastener2",
			"from": [-4.5, 16, 7.7],
			"to": [-3.8, 18, 8.4],
			"faces": {
				"north": {
					"uv": [15.3, 15.3, 16, 16],
					"texture": "#0"
				},
				"east": {
					"uv": [15.3, 15.3, 16, 16],
					"texture": "#0"
				},
				"south": {
					"uv": [15.3, 15.3, 16, 16],
					"texture": "#0"
				},
				"west": {
					"uv": [15.3, 15.3, 16, 16],
					"texture": "#0"
				},
				"up": {"uv": [15.3, 15.3, 16, 16], "texture": "#0"},
				"down": {
					"uv": [15.3, 15.3, 16, 16],
					"texture": "#0"
				}
			}
		},
		{
			"name": "rope1",
			"from": [28.7, -9, 7.900000000000001],
			"to": [29, 11, 8.200000000000001],
			"faces": {
				"north": {"uv": [15.5, 0, 16, 16], "texture": "#0"},
				"east": {"uv": [15.5, 0, 16, 16], "texture": "#0"},
				"south": {"uv": [15.5, 0, 16, 16], "texture": "#0"},
				"west": {"uv": [15.5, 0, 16, 16], "texture": "#0"},
				"up": {"uv": [15.5, 0, 16, 16], "texture": "#0"},
				"down": {"uv": [15.5, 0, 16, 16], "texture": "#0"}
			},
			"rotation": {
				"origin": [
					7.699999999999999,
					-8,
					7.900000000000001
				],
				"axis": "z",
				"angle": 22.5
			}
		},
		{
			"name": "peg1",
			"from": [30, 7.5, 7.7],
			"to": [30.5, 9.5, 8.2],
			"faces": {
				"north": {
					"uv": [15.5, 15.5, 16, 16],
					"texture": "#0"
				},
				"east": {
					"uv": [15.5, 15.5, 16, 16],
					"texture": "#0"
				},
				"south": {
					"uv": [15.5, 15.5, 16, 16],
					"texture": "#0"
				},
				"west": {
					"uv": [15.5, 15.5, 16, 16],
					"texture": "#0"
				},
				"up": {"uv": [15.5, 15.5, 16, 16], "texture": "#0"},
				"down": {
					"uv": [15.5, 15.5, 16, 16],
					"texture": "#0"
				}
			},
			"rotation": {
				"origin": [11, 15.5, 8.7],
				"axis": "z",
				"angle": -22.5,
				"rescale": true
			}
		},
		{
			"name": "cap1",
			"from": [30.65, 9.5, 7.6000000000000005],
			"to": [31.45, 10.1, 8.4],
			"faces": {
				"north": {
					"uv": [15.5, 15.5, 16, 16],
					"texture": "#0"
				},
				"east": {
					"uv": [15.5, 15.5, 16, 16],
					"texture": "#0"
				},
				"south": {
					"uv": [15.5, 15.5, 16, 16],
					"texture": "#0"
				},
				"west": {
					"uv": [15.5, 15.5, 16, 16],
					"texture": "#0"
				},
				"up": {"uv": [15.5, 15.5, 16, 16], "texture": "#0"},
				"down": {
					"uv": [15.5, 15.5, 16, 16],
					"texture": "#0"
				}
			},
			"rotation": {
				"origin": [11.649999999999999, 17.5, 8.6],
				"axis": "z",
				"angle": -22.5,
				"rescale": true
			}
		},
		{
			"name": "peg2",
			"from": [-13.3, -8.4, 7.800000000000001],
			"to": [-12.8, -6.4, 8.3],
			"faces": {
				"north": {
					"uv": [15.5, 15.5, 16, 16],
					"texture": "#0"
				},
				"east": {
					"uv": [15.5, 15.5, 16, 16],
					"texture": "#0"
				},
				"south": {
					"uv": [15.5, 15.5, 16, 16],
					"texture": "#0"
				},
				"west": {
					"uv": [15.5, 15.5, 16, 16],
					"texture": "#0"
				},
				"up": {"uv": [15.5, 15.5, 16, 16], "texture": "#0"},
				"down": {
					"uv": [15.5, 15.5, 16, 16],
					"texture": "#0"
				}
			},
			"rotation": {
				"origin": [-32.3, -0.40000000000000036, 8.8],
				"axis": "z",
				"angle": 22.5
			}
		},
		{
			"name": "cap2",
			"from": [-14.15, -6.7, 7.650000000000001],
			"to": [
				-13.35,
				-6.1000000000000005,
				8.450000000000001
			],
			"faces": {
				"north": {
					"uv": [15.5, 15.5, 16, 16],
					"texture": "#0"
				},
				"east": {
					"uv": [15.5, 15.5, 16, 16],
					"texture": "#0"
				},
				"south": {
					"uv": [15.5, 15.5, 16, 16],
					"texture": "#0"
				},
				"west": {
					"uv": [15.5, 15.5, 16, 16],
					"texture": "#0"
				},
				"up": {"uv": [15.5, 15.5, 16, 16], "texture": "#0"},
				"down": {
					"uv": [15.5, 15.5, 16, 16],
					"texture": "#0"
				}
			},
			"rotation": {
				"origin": [
					-33.150000000000006,
					1.2999999999999994,
					8.65
				],
				"axis": "z",
				"angle": 22.5
			}
		},
		{
			"name": "rope2",
			"from": [-10, 7.399999999999999, 7.900000000000001],
			"to": [-9.7, 27.4, 8.200000000000001],
			"faces": {
				"north": {"uv": [15.5, 0, 16, 16], "texture": "#0"},
				"east": {"uv": [15.5, 0, 16, 16], "texture": "#0"},
				"south": {"uv": [15.5, 0, 16, 16], "texture": "#0"},
				"west": {"uv": [15.5, 0, 16, 16], "texture": "#0"},
				"up": {"uv": [15.5, 0, 16, 16], "texture": "#0"},
				"down": {"uv": [15.5, 0, 16, 16], "texture": "#0"}
			},
			"rotation": {
				"origin": [
					-31,
					8.399999999999999,
					7.900000000000001
				],
				"axis": "z",
				"angle": -22.5
			}
		}
	],
	"display": {
		"thirdperson_righthand": {
			"rotation": [0, -90, 0],
			"translation": [0, 1.32, 3.02],
			"scale": [0.2, 0.2, 0.2]
		},
		"head": {
			"rotation": [0, -90, 0],
			"translation": [8.5, 2.5, 4.5],
			"scale": [4, 4, 4]
		},
		"ground": {
			"rotation": [0, 0, 0],
			"translation": [0, 1.5, 0],
			"scale": [0.3, 0.3, 0.3]
		},
		"fixed": {
			"rotation": [0, 0, 0],
			"translation": [0, 0, 0],
			"scale": [0.4, 0.4, 0.4]
		},
		"firstperson_righthand": {
			"rotation": [0, -115, 0],
			"translation": [5.29, 1.32, 0],
			"scale": [0.3, 0.3, 0.3]
		},
		"gui": {
			"rotation": [30, 135, 0],
			"translation": [0, 0, 0],
			"scale": [0.375, 0.375, 0.375]
		}
	}
}