{
	"__comment": "Разработано специально для Hard-Days.SU  ::  If you steal our models - you PIDOR!",
    "parent": "item/handheld",
    "textures": {
        "layer0": "guns/m9_normal_zoomed"
    },
	"overrides": [
		{"predicate": {"damage": 0.000},"model": "guns/m9_normal_zoomed"},
		{"predicate": {"damage": 0.00064},"model": "guns/m9_normal"},
		{"predicate": {"damage": 0.00192},"model": "guns/m9_normal_zoomed"},
		{"predicate": {"damage": 0.00256},"model": "guns/m9_normal"},
		{"predicate": {"damage": 0.00384},"model": "guns/m9_normal_zoomed"},
		{"predicate": {"damage": 0.00448},"model": "guns/m9_normal"},
		{"predicate": {"damage": 0.00576},"model": "guns/m9_normal_zoomed"},
		{"predicate": {"damage": 0.0064},"model": "guns/m9_normal"},
		{"predicate": {"damage": 0.00768},"model": "guns/m9_normal_zoomed"},
		{"predicate": {"damage": 0.00832},"model": "guns/m9_normal"},
		{"predicate": {"damage": 0.0096},"model": "guns/m9_normal_zoomed"},
		{"predicate": {"damage": 0.01024},"model": "guns/m9_normal"},
		{"predicate": {"damage": 0.01152},"model": "guns/m9_normal_zoomed"},
		{"predicate": {"damage": 0.01216},"model": "guns/m9_normal"},
		{"predicate": {"damage": 0.01344},"model": "guns/glock_normal_zoomed"},
		{"predicate": {"damage": 0.01408},"model": "guns/glock_normal"},
		{"predicate": {"damage": 0.01536},"model": "guns/glock_normal_zoomed"},
		{"predicate": {"damage": 0.016},"model": "guns/glock_normal"},
		{"predicate": {"damage": 0.01728},"model": "guns/glock_normal_zoomed"},
		{"predicate": {"damage": 0.01792},"model": "guns/glock_normal"},
		{"predicate": {"damage": 0.0192},"model": "guns/glock_normal_zoomed"},
		{"predicate": {"damage": 0.01984},"model": "guns/glock_normal"},
		{"predicate": {"damage": 0.02112},"model": "guns/glock_normal_zoomed"},
		{"predicate": {"damage": 0.02176},"model": "guns/glock_normal"},
		{"predicate": {"damage": 0.02304},"model": "guns/glock_normal_zoomed"},
		{"predicate": {"damage": 0.02368},"model": "guns/glock_normal"},
		{"predicate": {"damage": 0.02496},"model": "guns/glock_normal_zoomed"},
		{"predicate": {"damage": 0.0256},"model": "guns/glock_normal"},
		{"predicate": {"damage": 0.02688},"model": "guns/colt_normal_zoomed"},
		{"predicate": {"damage": 0.02752},"model": "guns/colt_normal"},
		{"predicate": {"damage": 0.0288},"model": "guns/colt_normal_zoomed"},
		{"predicate": {"damage": 0.02944},"model": "guns/colt_normal"},
		{"predicate": {"damage": 0.03072},"model": "guns/colt_normal_zoomed"},
		{"predicate": {"damage": 0.03136},"model": "guns/colt_normal"},
		{"predicate": {"damage": 0.03264},"model": "guns/colt_normal_zoomed"},
		{"predicate": {"damage": 0.03328},"model": "guns/colt_normal"},
		{"predicate": {"damage": 0.03456},"model": "guns/colt_normal_zoomed"},
		{"predicate": {"damage": 0.0352},"model": "guns/colt_normal"},
		{"predicate": {"damage": 0.03648},"model": "guns/colt_normal_zoomed"},
		{"predicate": {"damage": 0.03712},"model": "guns/colt_normal"},
		{"predicate": {"damage": 0.0384},"model": "guns/colt_normal_zoomed"},
		{"predicate": {"damage": 0.03904},"model": "guns/colt_normal"},
		{"predicate": {"damage": 0.04032},"model": "guns/deagle_normal_zoomed"},
		{"predicate": {"damage": 0.04096},"model": "guns/deagle_normal"},
		{"predicate": {"damage": 0.04224},"model": "guns/deagle_normal_zoomed"},
		{"predicate": {"damage": 0.04288},"model": "guns/deagle_normal"},
		{"predicate": {"damage": 0.04416},"model": "guns/deagle_normal_zoomed"},
		{"predicate": {"damage": 0.0448},"model": "guns/deagle_normal"},
		{"predicate": {"damage": 0.04608},"model": "guns/deagle_normal_zoomed"},
		{"predicate": {"damage": 0.04672},"model": "guns/deagle_normal"},
		{"predicate": {"damage": 0.048},"model": "guns/deagle_normal_zoomed"},
		{"predicate": {"damage": 0.04864},"model": "guns/deagle_normal"},
		{"predicate": {"damage": 0.04992},"model": "guns/deagle_normal_zoomed"},
		{"predicate": {"damage": 0.05056},"model": "guns/deagle_normal"},
		{"predicate": {"damage": 0.05184},"model": "guns/deagle_normal_zoomed"},
		{"predicate": {"damage": 0.05248},"model": "guns/deagle_normal"}
    ]
}