{
	"__comment": "Разработано специально для Hard-Days.SU  ::  If you steal our models - you PIDOR!",
"textures": {
    "particle": "items/snowball",
    "texture": "blocks/gold_block",
    "cobblestone_mossy": "blocks/cobblestone_mossy",
    "stone_andesite_smooth": "blocks/wool_colored_silver",
    "bedrock": "blocks/coal_block",
    "clay": "blocks/clay"
},
"elements": [ 
{
    "__comment": "Case",
    "from": [ 2.9, 5.5, 6 ],
    "to": [ 3.9, 11.5, 10 ],
    "faces": {
        "down":  { "uv": [ 13.1, 10, 12.1, 6 ], "texture": "#cobblestone_mossy" },
        "up":    { "uv": [ 2.9, 6, 3.9, 10 ], "texture": "#cobblestone_mossy" },
        "north": { "uv": [ 12.1, 4.5, 13.1, 10.5 ], "texture": "#cobblestone_mossy" },
        "south": { "uv": [ 2.9, 4.5, 3.9, 10.5 ], "texture": "#cobblestone_mossy" },
        "west":  { "uv": [ 6, 4.5, 10, 10.5 ], "texture": "#cobblestone_mossy" },
        "east":  { "uv": [ 6, 4.5, 10, 10.5 ], "texture": "#cobblestone_mossy" }
    }
},
{
    "__comment": "Case",
    "from": [ 3.5, 5.5, 9.6 ],
    "to": [ 12.5, 11.5, 10.6 ],
    "faces": {
        "down":  { "uv": [ 12.5, 10.6, 3.5, 9.6 ], "texture": "#cobblestone_mossy" },
        "up":    { "uv": [ 3.5, 9.6, 12.5, 10.6 ], "texture": "#cobblestone_mossy" },
        "north": { "uv": [ 3.5, 4.5, 12.5, 10.5 ], "texture": "#cobblestone_mossy" },
        "south": { "uv": [ 3.5, 4.5, 12.5, 10.5 ], "texture": "#cobblestone_mossy" },
        "west":  { "uv": [ 9.6, 4.5, 10.6, 10.5 ], "texture": "#cobblestone_mossy" },
        "east":  { "uv": [ 5.4, 4.5, 6.4, 10.5 ], "texture": "#cobblestone_mossy" }
    }
},
{
    "__comment": "Case",
    "from": [ 3.5, 5.5, 5.4 ],
    "to": [ 12.5, 11.5, 6.4 ],
    "faces": {
        "down":  { "uv": [ 12.5, 6.4, 3.5, 5.4 ], "texture": "#cobblestone_mossy" },
        "up":    { "uv": [ 3.5, 5.4, 12.5, 6.4 ], "texture": "#cobblestone_mossy" },
        "north": { "uv": [ 3.5, 4.5, 12.5, 10.5 ], "texture": "#cobblestone_mossy" },
        "south": { "uv": [ 3.5, 4.5, 12.5, 10.5 ], "texture": "#cobblestone_mossy" },
        "west":  { "uv": [ 5.4, 4.5, 6.4, 10.5 ], "texture": "#cobblestone_mossy" },
        "east":  { "uv": [ 9.6, 4.5, 10.6, 10.5 ], "texture": "#cobblestone_mossy" }
    }
},
{
    "__comment": "Case",
    "from": [ 3.5, 5.1, 6 ],
    "to": [ 12.5, 6.1, 10 ],
    "faces": {
        "down":  { "uv": [ 12.5, 10, 3.5, 6 ], "texture": "#cobblestone_mossy" },
        "up":    { "uv": [ 3.5, 6, 12.5, 10 ], "texture": "#cobblestone_mossy" },
        "north": { "uv": [ 3.5, 9.9, 12.5, 10.9 ], "texture": "#cobblestone_mossy" },
        "south": { "uv": [ 3.5, 9.9, 12.5, 10.9 ], "texture": "#cobblestone_mossy" },
        "west":  { "uv": [ 6, 9.9, 10, 10.9 ], "texture": "#cobblestone_mossy" },
        "east":  { "uv": [ 6, 9.9, 10, 10.9 ], "texture": "#cobblestone_mossy" }
    }
},
{
    "__comment": "Case",
    "from": [ 12.1, 5.5, 6 ],
    "to": [ 13.1, 11.5, 10 ],
    "faces": {
        "down":  { "uv": [ 3.9, 10, 2.9, 6 ], "texture": "#cobblestone_mossy" },
        "up":    { "uv": [ 12.1, 6, 13.1, 10 ], "texture": "#cobblestone_mossy" },
        "north": { "uv": [ 2.9, 4.5, 3.9, 10.5 ], "texture": "#cobblestone_mossy" },
        "south": { "uv": [ 12.1, 4.5, 13.1, 10.5 ], "texture": "#cobblestone_mossy" },
        "west":  { "uv": [ 6, 4.5, 10, 10.5 ], "texture": "#cobblestone_mossy" },
        "east":  { "uv": [ 6, 4.5, 10, 10.5 ], "texture": "#cobblestone_mossy" }
    }
},
{
    "__comment": "Lid",
    "from": [ 5, 11.5, 5 ],
    "to": [ 14, 12, 11 ],
    "faces": {
        "down":  { "uv": [ 11, 11, 2, 5 ], "texture": "#stone_andesite_smooth" },
        "up":    { "uv": [ 5, 5, 14, 11 ], "texture": "#stone_andesite_smooth" },
        "north": { "uv": [ 2, 4, 11, 4.5 ], "texture": "#stone_andesite_smooth" },
        "south": { "uv": [ 5, 4, 14, 4.5 ], "texture": "#stone_andesite_smooth" },
        "west":  { "uv": [ 5, 4, 11, 4.5 ], "texture": "#stone_andesite_smooth" },
        "east":  { "uv": [ 5, 4, 11, 4.5 ], "texture": "#stone_andesite_smooth" }
    }
},
{
    "__comment": "Handle",
    "from": [ 7.5, 12.275, 7.5 ],
    "to": [ 11.5, 12.525, 8.5 ],
    "faces": {
        "down":  { "uv": [ 8.5, 8.5, 4.5, 7.5 ], "texture": "#clay" },
        "up":    { "uv": [ 7.5, 7.5, 11.5, 8.5 ], "texture": "#clay" },
        "north": { "uv": [ 4.5, 3.475, 8.5, 3.725 ], "texture": "#clay" },
        "south": { "uv": [ 7.5, 3.475, 11.5, 3.725 ], "texture": "#clay" },
        "west":  { "uv": [ 7.5, 3.475, 8.5, 3.725 ], "texture": "#clay" },
        "east":  { "uv": [ 7.5, 3.475, 8.5, 3.725 ], "texture": "#clay" }
    }
},
{
    "__comment": "Handle",
    "from": [ 7.75, 11.925, 7.5 ],
    "to": [ 8, 12.525, 8.5 ],
    "faces": {
        "down":  { "uv": [ 8.25, 8.5, 8, 7.5 ], "texture": "#clay" },
        "up":    { "uv": [ 7.75, 7.5, 8, 8.5 ], "texture": "#clay" },
        "north": { "uv": [ 8, 3.475, 8.25, 4.075 ], "texture": "#clay" },
        "south": { "uv": [ 7.75, 3.475, 8, 4.075 ], "texture": "#clay" },
        "west":  { "uv": [ 7.5, 3.475, 8.5, 4.075 ], "texture": "#clay" },
        "east":  { "uv": [ 7.5, 3.475, 8.5, 4.075 ], "texture": "#clay" }
    }
},
{
    "__comment": "Handle",
    "from": [ 11, 11.925, 7.5 ],
    "to": [ 11.25, 12.525, 8.5 ],
    "faces": {
        "down":  { "uv": [ 5, 8.5, 4.75, 7.5 ], "texture": "#clay" },
        "up":    { "uv": [ 11, 7.5, 11.25, 8.5 ], "texture": "#clay" },
        "north": { "uv": [ 4.75, 3.475, 5, 4.075 ], "texture": "#clay" },
        "south": { "uv": [ 11, 3.475, 11.25, 4.075 ], "texture": "#clay" },
        "west":  { "uv": [ 7.5, 3.475, 8.5, 4.075 ], "texture": "#clay" },
        "east":  { "uv": [ 7.5, 3.475, 8.5, 4.075 ], "texture": "#clay" }
    }
},
{
    "__comment": "Bullet",
    "from": [ 4.16898, 11.1406, 6.18046 ],
    "to": [ 4.90382, 11.6306, 8.62988 ],
    "faces": {
        "down":  { "uv": [ 6.5, 6, 9.5, 16 ], "texture": "#texture" },
        "up":    { "uv": [ 6.5, 6, 9.5, 16 ], "rotation": 180, "texture": "#texture" },
        "north": { "uv": [ 9.5, 9, 6.5, 7 ], "rotation": 180, "texture": "#texture" },
        "south": { "uv": [ 6.5, 7, 9.5, 9 ], "texture": "#texture" },
        "west":  { "uv": [ 7, 6, 9, 16 ], "rotation": 90, "texture": "#texture" },
        "east":  { "uv": [ 7, 6, 9, 16 ], "texture": "#texture" }
    }
},
{
    "__comment": "Bullet",
    "from": [ 4.16898, 11.263, 8.62988 ],
    "to": [ 4.90382, 11.508, 8.75488 ],
    "faces": {
        "down":  { "uv": [ 6.5, 5.5, 9.5, 6 ], "texture": "#texture" },
        "up":    { "uv": [ 6.5, 5.5, 9.5, 6 ], "rotation": 180, "texture": "#texture" },
        "north": { "uv": [ 9.5, 8.5, 6.5, 7.5 ], "rotation": 180, "texture": "#texture" },
        "south": { "uv": [ 6.5, 7.5, 9.5, 8.5 ], "texture": "#texture" },
        "west":  { "uv": [ 7.5, 5.5, 8.5, 6 ], "rotation": 90, "texture": "#texture" },
        "east":  { "uv": [ 7.5, 5.5, 8.5, 6 ], "texture": "#texture" }
    }
},
{
    "__comment": "Bullet",
    "from": [ 4.29144, 11.628, 6.18046 ],
    "to": [ 4.78134, 11.753, 8.62988 ],
    "faces": {
        "down":  { "uv": [ 7, 6, 9, 16 ], "texture": "#texture" },
        "up":    { "uv": [ 7, 6, 9, 16 ], "rotation": 180, "texture": "#texture" },
        "north": { "uv": [ 9, 7, 7, 6.5 ], "rotation": 180, "texture": "#texture" },
        "south": { "uv": [ 7, 6.5, 9, 7 ], "texture": "#texture" },
        "west":  { "uv": [ 6.5, 6, 7, 16 ], "rotation": 90, "texture": "#texture" },
        "east":  { "uv": [ 9, 6, 9.5, 16 ], "texture": "#texture" }
    }
},
{
    "__comment": "Bullet",
    "from": [ 4.29144, 11.5056, 8.62988 ],
    "to": [ 4.78134, 11.6306, 9.4872 ],
    "faces": {
        "down":  { "uv": [ 7, 2.5, 9, 6 ], "texture": "#texture" },
        "up":    { "uv": [ 7, 2.5, 9, 6 ], "rotation": 180, "texture": "#texture" },
        "north": { "uv": [ 9, 7.5, 7, 7 ], "rotation": 180, "texture": "#texture" },
        "south": { "uv": [ 7, 7, 9, 7.5 ], "texture": "#texture" },
        "west":  { "uv": [ 7, 2.5, 7.5, 6 ], "rotation": 90, "texture": "#texture" },
        "east":  { "uv": [ 8.5, 2.5, 9, 6 ], "texture": "#texture" }
    }
},
{
    "__comment": "Bullet",
    "from": [ 4.29144, 11.1406, 8.75236 ],
    "to": [ 4.78134, 11.508, 9.4872 ],
    "faces": {
        "down":  { "uv": [ 7, 2.5, 9, 5.5 ], "texture": "#texture" },
        "up":    { "uv": [ 7, 2.5, 9, 5.5 ], "rotation": 180, "texture": "#texture" },
        "north": { "uv": [ 9, 9, 7, 7.5 ], "rotation": 180, "texture": "#texture" },
        "south": { "uv": [ 7, 7.5, 9, 9 ], "texture": "#texture" },
        "west":  { "uv": [ 7.5, 2.5, 9, 5.5 ], "rotation": 90, "texture": "#texture" },
        "east":  { "uv": [ 7, 2.5, 8.5, 5.5 ], "texture": "#texture" }
    }
},
{
    "__comment": "Bullet",
    "from": [ 4.29144, 11.263, 9.48718 ],
    "to": [ 4.78134, 11.508, 9.73214 ],
    "faces": {
        "down":  { "uv": [ 7, 1.5, 9, 2.5 ], "texture": "#texture" },
        "up":    { "uv": [ 7, 1.5, 9, 2.5 ], "rotation": 180, "texture": "#texture" },
        "north": { "uv": [ 9, 8.5, 7, 7.5 ], "rotation": 180, "texture": "#texture" },
        "south": { "uv": [ 7, 7.5, 9, 8.5 ], "texture": "#texture" },
        "west":  { "uv": [ 7.5, 1.5, 8.5, 2.5 ], "rotation": 90, "texture": "#texture" },
        "east":  { "uv": [ 7.5, 1.5, 8.5, 2.5 ], "texture": "#texture" }
    }
},
{
    "__comment": "Bullet",
    "from": [ 4.29144, 11.1382, 8.62988 ],
    "to": [ 4.78134, 11.2632, 8.75488 ],
    "faces": {
        "down":  { "uv": [ 7, 5.5, 9, 6 ], "texture": "#texture" },
        "up":    { "uv": [ 7, 5.5, 9, 6 ], "rotation": 180, "texture": "#texture" },
        "north": { "uv": [ 9, 9, 7, 8.5 ], "rotation": 180, "texture": "#texture" },
        "south": { "uv": [ 7, 8.5, 9, 9 ], "texture": "#texture" },
        "west":  { "uv": [ 8.5, 5.5, 9, 6 ], "rotation": 90, "texture": "#texture" },
        "east":  { "uv": [ 7, 5.5, 7.5, 6 ], "texture": "#texture" }
    }
},
{
    "__comment": "Bullet",
    "from": [ 4.29144, 11.0156, 6.18046 ],
    "to": [ 4.78134, 11.1406, 8.62988 ],
    "faces": {
        "down":  { "uv": [ 7, 6, 9, 16 ], "texture": "#texture" },
        "up":    { "uv": [ 7, 6, 9, 16 ], "rotation": 180, "texture": "#texture" },
        "north": { "uv": [ 9, 9.5, 7, 9 ], "rotation": 180, "texture": "#texture" },
        "south": { "uv": [ 7, 9, 9, 9.5 ], "texture": "#texture" },
        "west":  { "uv": [ 9, 6, 9.5, 16 ], "rotation": 90, "texture": "#texture" },
        "east":  { "uv": [ 6.5, 6, 7, 16 ], "texture": "#texture" }
    }
},
{
    "__comment": "Bullet",
    "from": [ 4.41392, 11.628, 8.62988 ],
    "to": [ 4.65886, 11.753, 8.75488 ],
    "faces": {
        "down":  { "uv": [ 7.5, 5.5, 8.5, 6 ], "texture": "#texture" },
        "up":    { "uv": [ 7.5, 5.5, 8.5, 6 ], "rotation": 180, "texture": "#texture" },
        "north": { "uv": [ 8.5, 7, 7.5, 6.5 ], "rotation": 180, "texture": "#texture" },
        "south": { "uv": [ 7.5, 6.5, 8.5, 7 ], "texture": "#texture" },
        "west":  { "uv": [ 6.5, 5.5, 7, 6 ], "rotation": 90, "texture": "#texture" },
        "east":  { "uv": [ 9, 5.5, 9.5, 6 ], "texture": "#texture" }
    }
},
{
    "__comment": "Bullet",
    "from": [ 4.41392, 11.5056, 9.48718 ],
    "to": [ 4.65886, 11.6306, 9.73214 ],
    "faces": {
        "down":  { "uv": [ 7.5, 1.5, 8.5, 2.5 ], "texture": "#texture" },
        "up":    { "uv": [ 7.5, 1.5, 8.5, 2.5 ], "rotation": 180, "texture": "#texture" },
        "north": { "uv": [ 8.5, 7.5, 7.5, 7 ], "rotation": 180, "texture": "#texture" },
        "south": { "uv": [ 7.5, 7, 8.5, 7.5 ], "texture": "#texture" },
        "west":  { "uv": [ 7, 1.5, 7.5, 2.5 ], "rotation": 90, "texture": "#texture" },
        "east":  { "uv": [ 8.5, 1.5, 9, 2.5 ], "texture": "#texture" }
    }
},
{
    "__comment": "Bullet",
    "from": [ 4.41392, 11.263, 9.73214 ],
    "to": [ 4.65886, 11.508, 10.0996 ],
    "faces": {
        "down":  { "uv": [ 7.5, 0, 8.5, 1.5 ], "texture": "#texture" },
        "up":    { "uv": [ 7.5, 0, 8.5, 1.5 ], "rotation": 180, "texture": "#texture" },
        "north": { "uv": [ 8.5, 8.5, 7.5, 7.5 ], "rotation": 180, "texture": "#texture" },
        "south": { "uv": [ 7.5, 7.5, 8.5, 8.5 ], "texture": "#texture" },
        "west":  { "uv": [ 7.5, 0, 8.5, 1.5 ], "rotation": 90, "texture": "#texture" },
        "east":  { "uv": [ 7.5, 0, 8.5, 1.5 ], "texture": "#texture" }
    }
},
{
    "__comment": "Bullet",
    "from": [ 4.41392, 11.1382, 9.48718 ],
    "to": [ 4.65886, 11.2632, 9.73214 ],
    "faces": {
        "down":  { "uv": [ 7.5, 1.5, 8.5, 2.5 ], "texture": "#texture" },
        "up":    { "uv": [ 7.5, 1.5, 8.5, 2.5 ], "rotation": 180, "texture": "#texture" },
        "north": { "uv": [ 8.5, 9, 7.5, 8.5 ], "rotation": 180, "texture": "#texture" },
        "south": { "uv": [ 7.5, 8.5, 8.5, 9 ], "texture": "#texture" },
        "west":  { "uv": [ 8.5, 1.5, 9, 2.5 ], "rotation": 90, "texture": "#texture" },
        "east":  { "uv": [ 7, 1.5, 7.5, 2.5 ], "texture": "#texture" }
    }
},
{
    "__comment": "Bullet",
    "from": [ 4.41392, 11.0156, 8.62988 ],
    "to": [ 4.65886, 11.1406, 8.75488 ],
    "faces": {
        "down":  { "uv": [ 7.5, 5.5, 8.5, 6 ], "texture": "#texture" },
        "up":    { "uv": [ 7.5, 5.5, 8.5, 6 ], "rotation": 180, "texture": "#texture" },
        "north": { "uv": [ 8.5, 9.5, 7.5, 9 ], "rotation": 180, "texture": "#texture" },
        "south": { "uv": [ 7.5, 9, 8.5, 9.5 ], "texture": "#texture" },
        "west":  { "uv": [ 9, 5.5, 9.5, 6 ], "rotation": 90, "texture": "#texture" },
        "east":  { "uv": [ 6.5, 5.5, 7, 6 ], "texture": "#texture" }
    }
},
{
    "__comment": "Bullet",
    "from": [ 3.56898, 11.5406, 6.18046 ],
    "to": [ 4.30382, 12.0306, 8.62988 ],
    "faces": {
        "down":  { "uv": [ 6.5, 6, 9.5, 16 ], "texture": "#texture" },
        "up":    { "uv": [ 6.5, 6, 9.5, 16 ], "rotation": 180, "texture": "#texture" },
        "north": { "uv": [ 9.5, 9, 6.5, 7 ], "rotation": 180, "texture": "#texture" },
        "south": { "uv": [ 6.5, 7, 9.5, 9 ], "texture": "#texture" },
        "west":  { "uv": [ 7, 6, 9, 16 ], "rotation": 90, "texture": "#texture" },
        "east":  { "uv": [ 7, 6, 9, 16 ], "texture": "#texture" }
    }
},
{
    "__comment": "Bullet",
    "from": [ 3.56898, 11.663, 8.62988 ],
    "to": [ 4.30382, 11.908, 8.75488 ],
    "faces": {
        "down":  { "uv": [ 6.5, 5.5, 9.5, 6 ], "texture": "#texture" },
        "up":    { "uv": [ 6.5, 5.5, 9.5, 6 ], "rotation": 180, "texture": "#texture" },
        "north": { "uv": [ 9.5, 8.5, 6.5, 7.5 ], "rotation": 180, "texture": "#texture" },
        "south": { "uv": [ 6.5, 7.5, 9.5, 8.5 ], "texture": "#texture" },
        "west":  { "uv": [ 7.5, 5.5, 8.5, 6 ], "rotation": 90, "texture": "#texture" },
        "east":  { "uv": [ 7.5, 5.5, 8.5, 6 ], "texture": "#texture" }
    }
},
{
    "__comment": "Bullet",
    "from": [ 3.69144, 12.028, 6.18046 ],
    "to": [ 4.18134, 12.153, 8.62988 ],
    "faces": {
        "down":  { "uv": [ 7, 6, 9, 16 ], "texture": "#texture" },
        "up":    { "uv": [ 7, 6, 9, 16 ], "rotation": 180, "texture": "#texture" },
        "north": { "uv": [ 9, 7, 7, 6.5 ], "rotation": 180, "texture": "#texture" },
        "south": { "uv": [ 7, 6.5, 9, 7 ], "texture": "#texture" },
        "west":  { "uv": [ 6.5, 6, 7, 16 ], "rotation": 90, "texture": "#texture" },
        "east":  { "uv": [ 9, 6, 9.5, 16 ], "texture": "#texture" }
    }
},
{
    "__comment": "Bullet",
    "from": [ 3.69144, 11.9056, 8.62988 ],
    "to": [ 4.18134, 12.0306, 9.4872 ],
    "faces": {
        "down":  { "uv": [ 7, 2.5, 9, 6 ], "texture": "#texture" },
        "up":    { "uv": [ 7, 2.5, 9, 6 ], "rotation": 180, "texture": "#texture" },
        "north": { "uv": [ 9, 7.5, 7, 7 ], "rotation": 180, "texture": "#texture" },
        "south": { "uv": [ 7, 7, 9, 7.5 ], "texture": "#texture" },
        "west":  { "uv": [ 7, 2.5, 7.5, 6 ], "rotation": 90, "texture": "#texture" },
        "east":  { "uv": [ 8.5, 2.5, 9, 6 ], "texture": "#texture" }
    }
},
{
    "__comment": "Bullet",
    "from": [ 3.69144, 11.5406, 8.75236 ],
    "to": [ 4.18134, 11.908, 9.4872 ],
    "faces": {
        "down":  { "uv": [ 7, 2.5, 9, 5.5 ], "texture": "#texture" },
        "up":    { "uv": [ 7, 2.5, 9, 5.5 ], "rotation": 180, "texture": "#texture" },
        "north": { "uv": [ 9, 9, 7, 7.5 ], "rotation": 180, "texture": "#texture" },
        "south": { "uv": [ 7, 7.5, 9, 9 ], "texture": "#texture" },
        "west":  { "uv": [ 7.5, 2.5, 9, 5.5 ], "rotation": 90, "texture": "#texture" },
        "east":  { "uv": [ 7, 2.5, 8.5, 5.5 ], "texture": "#texture" }
    }
},
{
    "__comment": "Bullet",
    "from": [ 3.69144, 11.663, 9.48718 ],
    "to": [ 4.18134, 11.908, 9.73214 ],
    "faces": {
        "down":  { "uv": [ 7, 1.5, 9, 2.5 ], "texture": "#texture" },
        "up":    { "uv": [ 7, 1.5, 9, 2.5 ], "rotation": 180, "texture": "#texture" },
        "north": { "uv": [ 9, 8.5, 7, 7.5 ], "rotation": 180, "texture": "#texture" },
        "south": { "uv": [ 7, 7.5, 9, 8.5 ], "texture": "#texture" },
        "west":  { "uv": [ 7.5, 1.5, 8.5, 2.5 ], "rotation": 90, "texture": "#texture" },
        "east":  { "uv": [ 7.5, 1.5, 8.5, 2.5 ], "texture": "#texture" }
    }
},
{
    "__comment": "Bullet",
    "from": [ 3.69144, 11.5382, 8.62988 ],
    "to": [ 4.18134, 11.6632, 8.75488 ],
    "faces": {
        "down":  { "uv": [ 7, 5.5, 9, 6 ], "texture": "#texture" },
        "up":    { "uv": [ 7, 5.5, 9, 6 ], "rotation": 180, "texture": "#texture" },
        "north": { "uv": [ 9, 9, 7, 8.5 ], "rotation": 180, "texture": "#texture" },
        "south": { "uv": [ 7, 8.5, 9, 9 ], "texture": "#texture" },
        "west":  { "uv": [ 8.5, 5.5, 9, 6 ], "rotation": 90, "texture": "#texture" },
        "east":  { "uv": [ 7, 5.5, 7.5, 6 ], "texture": "#texture" }
    }
},
{
    "__comment": "Bullet",
    "from": [ 3.69144, 11.4156, 6.18046 ],
    "to": [ 4.18134, 11.5406, 8.62988 ],
    "faces": {
        "down":  { "uv": [ 7, 6, 9, 16 ], "texture": "#texture" },
        "up":    { "uv": [ 7, 6, 9, 16 ], "rotation": 180, "texture": "#texture" },
        "north": { "uv": [ 9, 9.5, 7, 9 ], "rotation": 180, "texture": "#texture" },
        "south": { "uv": [ 7, 9, 9, 9.5 ], "texture": "#texture" },
        "west":  { "uv": [ 9, 6, 9.5, 16 ], "rotation": 90, "texture": "#texture" },
        "east":  { "uv": [ 6.5, 6, 7, 16 ], "texture": "#texture" }
    }
},
{
    "__comment": "Bullet",
    "from": [ 3.81392, 12.028, 8.62988 ],
    "to": [ 4.05886, 12.153, 8.75488 ],
    "faces": {
        "down":  { "uv": [ 7.5, 5.5, 8.5, 6 ], "texture": "#texture" },
        "up":    { "uv": [ 7.5, 5.5, 8.5, 6 ], "rotation": 180, "texture": "#texture" },
        "north": { "uv": [ 8.5, 7, 7.5, 6.5 ], "rotation": 180, "texture": "#texture" },
        "south": { "uv": [ 7.5, 6.5, 8.5, 7 ], "texture": "#texture" },
        "west":  { "uv": [ 6.5, 5.5, 7, 6 ], "rotation": 90, "texture": "#texture" },
        "east":  { "uv": [ 9, 5.5, 9.5, 6 ], "texture": "#texture" }
    }
},
{
    "__comment": "Bullet",
    "from": [ 3.81392, 11.9056, 9.48718 ],
    "to": [ 4.05886, 12.0306, 9.73214 ],
    "faces": {
        "down":  { "uv": [ 7.5, 1.5, 8.5, 2.5 ], "texture": "#texture" },
        "up":    { "uv": [ 7.5, 1.5, 8.5, 2.5 ], "rotation": 180, "texture": "#texture" },
        "north": { "uv": [ 8.5, 7.5, 7.5, 7 ], "rotation": 180, "texture": "#texture" },
        "south": { "uv": [ 7.5, 7, 8.5, 7.5 ], "texture": "#texture" },
        "west":  { "uv": [ 7, 1.5, 7.5, 2.5 ], "rotation": 90, "texture": "#texture" },
        "east":  { "uv": [ 8.5, 1.5, 9, 2.5 ], "texture": "#texture" }
    }
},
{
    "__comment": "Bullet",
    "from": [ 3.81392, 11.663, 9.73214 ],
    "to": [ 4.05886, 11.908, 10.0996 ],
    "faces": {
        "down":  { "uv": [ 7.5, 0, 8.5, 1.5 ], "texture": "#texture" },
        "up":    { "uv": [ 7.5, 0, 8.5, 1.5 ], "rotation": 180, "texture": "#texture" },
        "north": { "uv": [ 8.5, 8.5, 7.5, 7.5 ], "rotation": 180, "texture": "#texture" },
        "south": { "uv": [ 7.5, 7.5, 8.5, 8.5 ], "texture": "#texture" },
        "west":  { "uv": [ 7.5, 0, 8.5, 1.5 ], "rotation": 90, "texture": "#texture" },
        "east":  { "uv": [ 7.5, 0, 8.5, 1.5 ], "texture": "#texture" }
    }
},
{
    "__comment": "Bullet",
    "from": [ 3.81392, 11.5382, 9.48718 ],
    "to": [ 4.05886, 11.6632, 9.73214 ],
    "faces": {
        "down":  { "uv": [ 7.5, 1.5, 8.5, 2.5 ], "texture": "#texture" },
        "up":    { "uv": [ 7.5, 1.5, 8.5, 2.5 ], "rotation": 180, "texture": "#texture" },
        "north": { "uv": [ 8.5, 9, 7.5, 8.5 ], "rotation": 180, "texture": "#texture" },
        "south": { "uv": [ 7.5, 8.5, 8.5, 9 ], "texture": "#texture" },
        "west":  { "uv": [ 8.5, 1.5, 9, 2.5 ], "rotation": 90, "texture": "#texture" },
        "east":  { "uv": [ 7, 1.5, 7.5, 2.5 ], "texture": "#texture" }
    }
},
{
    "__comment": "Bullet",
    "from": [ 3.81392, 11.4156, 8.62988 ],
    "to": [ 4.05886, 11.5406, 8.75488 ],
    "faces": {
        "down":  { "uv": [ 7.5, 5.5, 8.5, 6 ], "texture": "#texture" },
        "up":    { "uv": [ 7.5, 5.5, 8.5, 6 ], "rotation": 180, "texture": "#texture" },
        "north": { "uv": [ 8.5, 9.5, 7.5, 9 ], "rotation": 180, "texture": "#texture" },
        "south": { "uv": [ 7.5, 9, 8.5, 9.5 ], "texture": "#texture" },
        "west":  { "uv": [ 9, 5.5, 9.5, 6 ], "rotation": 90, "texture": "#texture" },
        "east":  { "uv": [ 6.5, 5.5, 7, 6 ], "texture": "#texture" }
    }
},
{
    "__comment": "Bullet",
    "from": [ 2.86898, 11.5406, 6.18046 ],
    "to": [ 3.60382, 12.0306, 8.62988 ],
    "faces": {
        "down":  { "uv": [ 6.5, 6, 9.5, 16 ], "texture": "#texture" },
        "up":    { "uv": [ 6.5, 6, 9.5, 16 ], "rotation": 180, "texture": "#texture" },
        "north": { "uv": [ 9.5, 9, 6.5, 7 ], "rotation": 180, "texture": "#texture" },
        "south": { "uv": [ 6.5, 7, 9.5, 9 ], "texture": "#texture" },
        "west":  { "uv": [ 7, 6, 9, 16 ], "rotation": 90, "texture": "#texture" },
        "east":  { "uv": [ 7, 6, 9, 16 ], "texture": "#texture" }
    }
},
{
    "__comment": "Bullet",
    "from": [ 2.86898, 11.663, 8.62988 ],
    "to": [ 3.60382, 11.908, 8.75488 ],
    "faces": {
        "down":  { "uv": [ 6.5, 5.5, 9.5, 6 ], "texture": "#texture" },
        "up":    { "uv": [ 6.5, 5.5, 9.5, 6 ], "rotation": 180, "texture": "#texture" },
        "north": { "uv": [ 9.5, 8.5, 6.5, 7.5 ], "rotation": 180, "texture": "#texture" },
        "south": { "uv": [ 6.5, 7.5, 9.5, 8.5 ], "texture": "#texture" },
        "west":  { "uv": [ 7.5, 5.5, 8.5, 6 ], "rotation": 90, "texture": "#texture" },
        "east":  { "uv": [ 7.5, 5.5, 8.5, 6 ], "texture": "#texture" }
    }
},
{
    "__comment": "Bullet",
    "from": [ 2.99146, 12.028, 6.18046 ],
    "to": [ 3.48134, 12.153, 8.62988 ],
    "faces": {
        "down":  { "uv": [ 7, 6, 9, 16 ], "texture": "#texture" },
        "up":    { "uv": [ 7, 6, 9, 16 ], "rotation": 180, "texture": "#texture" },
        "north": { "uv": [ 9, 7, 7, 6.5 ], "rotation": 180, "texture": "#texture" },
        "south": { "uv": [ 7, 6.5, 9, 7 ], "texture": "#texture" },
        "west":  { "uv": [ 6.5, 6, 7, 16 ], "rotation": 90, "texture": "#texture" },
        "east":  { "uv": [ 9, 6, 9.5, 16 ], "texture": "#texture" }
    }
},
{
    "__comment": "Bullet",
    "from": [ 2.99146, 11.9056, 8.62988 ],
    "to": [ 3.48134, 12.0306, 9.4872 ],
    "faces": {
        "down":  { "uv": [ 7, 2.5, 9, 6 ], "texture": "#texture" },
        "up":    { "uv": [ 7, 2.5, 9, 6 ], "rotation": 180, "texture": "#texture" },
        "north": { "uv": [ 9, 7.5, 7, 7 ], "rotation": 180, "texture": "#texture" },
        "south": { "uv": [ 7, 7, 9, 7.5 ], "texture": "#texture" },
        "west":  { "uv": [ 7, 2.5, 7.5, 6 ], "rotation": 90, "texture": "#texture" },
        "east":  { "uv": [ 8.5, 2.5, 9, 6 ], "texture": "#texture" }
    }
},
{
    "__comment": "Bullet",
    "from": [ 2.99146, 11.5406, 8.75236 ],
    "to": [ 3.48134, 11.908, 9.4872 ],
    "faces": {
        "down":  { "uv": [ 7, 2.5, 9, 5.5 ], "texture": "#texture" },
        "up":    { "uv": [ 7, 2.5, 9, 5.5 ], "rotation": 180, "texture": "#texture" },
        "north": { "uv": [ 9, 9, 7, 7.5 ], "rotation": 180, "texture": "#texture" },
        "south": { "uv": [ 7, 7.5, 9, 9 ], "texture": "#texture" },
        "west":  { "uv": [ 7.5, 2.5, 9, 5.5 ], "rotation": 90, "texture": "#texture" },
        "east":  { "uv": [ 7, 2.5, 8.5, 5.5 ], "texture": "#texture" }
    }
},
{
    "__comment": "Bullet",
    "from": [ 2.99146, 11.663, 9.48718 ],
    "to": [ 3.48134, 11.908, 9.73214 ],
    "faces": {
        "down":  { "uv": [ 7, 1.5, 9, 2.5 ], "texture": "#texture" },
        "up":    { "uv": [ 7, 1.5, 9, 2.5 ], "rotation": 180, "texture": "#texture" },
        "north": { "uv": [ 9, 8.5, 7, 7.5 ], "rotation": 180, "texture": "#texture" },
        "south": { "uv": [ 7, 7.5, 9, 8.5 ], "texture": "#texture" },
        "west":  { "uv": [ 7.5, 1.5, 8.5, 2.5 ], "rotation": 90, "texture": "#texture" },
        "east":  { "uv": [ 7.5, 1.5, 8.5, 2.5 ], "texture": "#texture" }
    }
},
{
    "__comment": "Bullet",
    "from": [ 2.99146, 11.5382, 8.62988 ],
    "to": [ 3.48134, 11.6632, 8.75488 ],
    "faces": {
        "down":  { "uv": [ 7, 5.5, 9, 6 ], "texture": "#texture" },
        "up":    { "uv": [ 7, 5.5, 9, 6 ], "rotation": 180, "texture": "#texture" },
        "north": { "uv": [ 9, 9, 7, 8.5 ], "rotation": 180, "texture": "#texture" },
        "south": { "uv": [ 7, 8.5, 9, 9 ], "texture": "#texture" },
        "west":  { "uv": [ 8.5, 5.5, 9, 6 ], "rotation": 90, "texture": "#texture" },
        "east":  { "uv": [ 7, 5.5, 7.5, 6 ], "texture": "#texture" }
    }
},
{
    "__comment": "Bullet",
    "from": [ 2.99146, 11.4156, 6.18046 ],
    "to": [ 3.48134, 11.5406, 8.62988 ],
    "faces": {
        "down":  { "uv": [ 7, 6, 9, 16 ], "texture": "#texture" },
        "up":    { "uv": [ 7, 6, 9, 16 ], "rotation": 180, "texture": "#texture" },
        "north": { "uv": [ 9, 9.5, 7, 9 ], "rotation": 180, "texture": "#texture" },
        "south": { "uv": [ 7, 9, 9, 9.5 ], "texture": "#texture" },
        "west":  { "uv": [ 9, 6, 9.5, 16 ], "rotation": 90, "texture": "#texture" },
        "east":  { "uv": [ 6.5, 6, 7, 16 ], "texture": "#texture" }
    }
},
{
    "__comment": "Bullet",
    "from": [ 3.11392, 12.028, 8.62988 ],
    "to": [ 3.35886, 12.153, 8.75488 ],
    "faces": {
        "down":  { "uv": [ 7.5, 5.5, 8.5, 6 ], "texture": "#texture" },
        "up":    { "uv": [ 7.5, 5.5, 8.5, 6 ], "rotation": 180, "texture": "#texture" },
        "north": { "uv": [ 8.5, 7, 7.5, 6.5 ], "rotation": 180, "texture": "#texture" },
        "south": { "uv": [ 7.5, 6.5, 8.5, 7 ], "texture": "#texture" },
        "west":  { "uv": [ 6.5, 5.5, 7, 6 ], "rotation": 90, "texture": "#texture" },
        "east":  { "uv": [ 9, 5.5, 9.5, 6 ], "texture": "#texture" }
    }
},
{
    "__comment": "Bullet",
    "from": [ 3.11392, 11.9056, 9.48718 ],
    "to": [ 3.35886, 12.0306, 9.73214 ],
    "faces": {
        "down":  { "uv": [ 7.5, 1.5, 8.5, 2.5 ], "texture": "#texture" },
        "up":    { "uv": [ 7.5, 1.5, 8.5, 2.5 ], "rotation": 180, "texture": "#texture" },
        "north": { "uv": [ 8.5, 7.5, 7.5, 7 ], "rotation": 180, "texture": "#texture" },
        "south": { "uv": [ 7.5, 7, 8.5, 7.5 ], "texture": "#texture" },
        "west":  { "uv": [ 7, 1.5, 7.5, 2.5 ], "rotation": 90, "texture": "#texture" },
        "east":  { "uv": [ 8.5, 1.5, 9, 2.5 ], "texture": "#texture" }
    }
},
{
    "__comment": "Bullet",
    "from": [ 3.11392, 11.663, 9.73214 ],
    "to": [ 3.35886, 11.908, 10.0996 ],
    "faces": {
        "down":  { "uv": [ 7.5, 0, 8.5, 1.5 ], "texture": "#texture" },
        "up":    { "uv": [ 7.5, 0, 8.5, 1.5 ], "rotation": 180, "texture": "#texture" },
        "north": { "uv": [ 8.5, 8.5, 7.5, 7.5 ], "rotation": 180, "texture": "#texture" },
        "south": { "uv": [ 7.5, 7.5, 8.5, 8.5 ], "texture": "#texture" },
        "west":  { "uv": [ 7.5, 0, 8.5, 1.5 ], "rotation": 90, "texture": "#texture" },
        "east":  { "uv": [ 7.5, 0, 8.5, 1.5 ], "texture": "#texture" }
    }
},
{
    "__comment": "Bullet",
    "from": [ 3.11392, 11.5382, 9.48718 ],
    "to": [ 3.35886, 11.6632, 9.73214 ],
    "faces": {
        "down":  { "uv": [ 7.5, 1.5, 8.5, 2.5 ], "texture": "#texture" },
        "up":    { "uv": [ 7.5, 1.5, 8.5, 2.5 ], "rotation": 180, "texture": "#texture" },
        "north": { "uv": [ 8.5, 9, 7.5, 8.5 ], "rotation": 180, "texture": "#texture" },
        "south": { "uv": [ 7.5, 8.5, 8.5, 9 ], "texture": "#texture" },
        "west":  { "uv": [ 8.5, 1.5, 9, 2.5 ], "rotation": 90, "texture": "#texture" },
        "east":  { "uv": [ 7, 1.5, 7.5, 2.5 ], "texture": "#texture" }
    }
},
{
    "__comment": "Bullet",
    "from": [ 3.11392, 11.4156, 8.62988 ],
    "to": [ 3.35886, 11.5406, 8.75488 ],
    "faces": {
        "down":  { "uv": [ 7.5, 5.5, 8.5, 6 ], "texture": "#texture" },
        "up":    { "uv": [ 7.5, 5.5, 8.5, 6 ], "rotation": 180, "texture": "#texture" },
        "north": { "uv": [ 8.5, 9.5, 7.5, 9 ], "rotation": 180, "texture": "#texture" },
        "south": { "uv": [ 7.5, 9, 8.5, 9.5 ], "texture": "#texture" },
        "west":  { "uv": [ 9, 5.5, 9.5, 6 ], "rotation": 90, "texture": "#texture" },
        "east":  { "uv": [ 6.5, 5.5, 7, 6 ], "texture": "#texture" }
    }
},
{
    "__comment": "Bullet",
    "from": [ 2.16898, 11.1406, 6.18046 ],
    "to": [ 2.90382, 11.6306, 8.62988 ],
    "faces": {
        "down":  { "uv": [ 6.5, 6, 9.5, 16 ], "texture": "#texture" },
        "up":    { "uv": [ 6.5, 6, 9.5, 16 ], "rotation": 180, "texture": "#texture" },
        "north": { "uv": [ 9.5, 9, 6.5, 7 ], "rotation": 180, "texture": "#texture" },
        "south": { "uv": [ 6.5, 7, 9.5, 9 ], "texture": "#texture" },
        "west":  { "uv": [ 7, 6, 9, 16 ], "rotation": 90, "texture": "#texture" },
        "east":  { "uv": [ 7, 6, 9, 16 ], "texture": "#texture" }
    }
},
{
    "__comment": "Bullet",
    "from": [ 2.16898, 11.263, 8.62988 ],
    "to": [ 2.90382, 11.508, 8.75488 ],
    "faces": {
        "down":  { "uv": [ 6.5, 5.5, 9.5, 6 ], "texture": "#texture" },
        "up":    { "uv": [ 6.5, 5.5, 9.5, 6 ], "rotation": 180, "texture": "#texture" },
        "north": { "uv": [ 9.5, 8.5, 6.5, 7.5 ], "rotation": 180, "texture": "#texture" },
        "south": { "uv": [ 6.5, 7.5, 9.5, 8.5 ], "texture": "#texture" },
        "west":  { "uv": [ 7.5, 5.5, 8.5, 6 ], "rotation": 90, "texture": "#texture" },
        "east":  { "uv": [ 7.5, 5.5, 8.5, 6 ], "texture": "#texture" }
    }
},
{
    "__comment": "Bullet",
    "from": [ 2.29144, 11.628, 6.18046 ],
    "to": [ 2.78134, 11.753, 8.62988 ],
    "faces": {
        "down":  { "uv": [ 7, 6, 9, 16 ], "texture": "#texture" },
        "up":    { "uv": [ 7, 6, 9, 16 ], "rotation": 180, "texture": "#texture" },
        "north": { "uv": [ 9, 7, 7, 6.5 ], "rotation": 180, "texture": "#texture" },
        "south": { "uv": [ 7, 6.5, 9, 7 ], "texture": "#texture" },
        "west":  { "uv": [ 6.5, 6, 7, 16 ], "rotation": 90, "texture": "#texture" },
        "east":  { "uv": [ 9, 6, 9.5, 16 ], "texture": "#texture" }
    }
},
{
    "__comment": "Bullet",
    "from": [ 2.29144, 11.5056, 8.62988 ],
    "to": [ 2.78134, 11.6306, 9.4872 ],
    "faces": {
        "down":  { "uv": [ 7, 2.5, 9, 6 ], "texture": "#texture" },
        "up":    { "uv": [ 7, 2.5, 9, 6 ], "rotation": 180, "texture": "#texture" },
        "north": { "uv": [ 9, 7.5, 7, 7 ], "rotation": 180, "texture": "#texture" },
        "south": { "uv": [ 7, 7, 9, 7.5 ], "texture": "#texture" },
        "west":  { "uv": [ 7, 2.5, 7.5, 6 ], "rotation": 90, "texture": "#texture" },
        "east":  { "uv": [ 8.5, 2.5, 9, 6 ], "texture": "#texture" }
    }
},
{
    "__comment": "Bullet",
    "from": [ 2.29144, 11.1406, 8.75236 ],
    "to": [ 2.78134, 11.508, 9.4872 ],
    "faces": {
        "down":  { "uv": [ 7, 2.5, 9, 5.5 ], "texture": "#texture" },
        "up":    { "uv": [ 7, 2.5, 9, 5.5 ], "rotation": 180, "texture": "#texture" },
        "north": { "uv": [ 9, 9, 7, 7.5 ], "rotation": 180, "texture": "#texture" },
        "south": { "uv": [ 7, 7.5, 9, 9 ], "texture": "#texture" },
        "west":  { "uv": [ 7.5, 2.5, 9, 5.5 ], "rotation": 90, "texture": "#texture" },
        "east":  { "uv": [ 7, 2.5, 8.5, 5.5 ], "texture": "#texture" }
    }
},
{
    "__comment": "Bullet",
    "from": [ 2.29144, 11.263, 9.48718 ],
    "to": [ 2.78134, 11.508, 9.73214 ],
    "faces": {
        "down":  { "uv": [ 7, 1.5, 9, 2.5 ], "texture": "#texture" },
        "up":    { "uv": [ 7, 1.5, 9, 2.5 ], "rotation": 180, "texture": "#texture" },
        "north": { "uv": [ 9, 8.5, 7, 7.5 ], "rotation": 180, "texture": "#texture" },
        "south": { "uv": [ 7, 7.5, 9, 8.5 ], "texture": "#texture" },
        "west":  { "uv": [ 7.5, 1.5, 8.5, 2.5 ], "rotation": 90, "texture": "#texture" },
        "east":  { "uv": [ 7.5, 1.5, 8.5, 2.5 ], "texture": "#texture" }
    }
},
{
    "__comment": "Bullet",
    "from": [ 2.29144, 11.1382, 8.62988 ],
    "to": [ 2.78134, 11.2632, 8.75488 ],
    "faces": {
        "down":  { "uv": [ 7, 5.5, 9, 6 ], "texture": "#texture" },
        "up":    { "uv": [ 7, 5.5, 9, 6 ], "rotation": 180, "texture": "#texture" },
        "north": { "uv": [ 9, 9, 7, 8.5 ], "rotation": 180, "texture": "#texture" },
        "south": { "uv": [ 7, 8.5, 9, 9 ], "texture": "#texture" },
        "west":  { "uv": [ 8.5, 5.5, 9, 6 ], "rotation": 90, "texture": "#texture" },
        "east":  { "uv": [ 7, 5.5, 7.5, 6 ], "texture": "#texture" }
    }
},
{
    "__comment": "Bullet",
    "from": [ 2.29144, 11.0156, 6.18046 ],
    "to": [ 2.78134, 11.1406, 8.62988 ],
    "faces": {
        "down":  { "uv": [ 7, 6, 9, 16 ], "texture": "#texture" },
        "up":    { "uv": [ 7, 6, 9, 16 ], "rotation": 180, "texture": "#texture" },
        "north": { "uv": [ 9, 9.5, 7, 9 ], "rotation": 180, "texture": "#texture" },
        "south": { "uv": [ 7, 9, 9, 9.5 ], "texture": "#texture" },
        "west":  { "uv": [ 9, 6, 9.5, 16 ], "rotation": 90, "texture": "#texture" },
        "east":  { "uv": [ 6.5, 6, 7, 16 ], "texture": "#texture" }
    }
},
{
    "__comment": "Bullet",
    "from": [ 2.41392, 11.628, 8.62988 ],
    "to": [ 2.65886, 11.753, 8.75488 ],
    "faces": {
        "down":  { "uv": [ 7.5, 5.5, 8.5, 6 ], "texture": "#texture" },
        "up":    { "uv": [ 7.5, 5.5, 8.5, 6 ], "rotation": 180, "texture": "#texture" },
        "north": { "uv": [ 8.5, 7, 7.5, 6.5 ], "rotation": 180, "texture": "#texture" },
        "south": { "uv": [ 7.5, 6.5, 8.5, 7 ], "texture": "#texture" },
        "west":  { "uv": [ 6.5, 5.5, 7, 6 ], "rotation": 90, "texture": "#texture" },
        "east":  { "uv": [ 9, 5.5, 9.5, 6 ], "texture": "#texture" }
    }
},
{
    "__comment": "Bullet",
    "from": [ 2.41392, 11.5056, 9.48718 ],
    "to": [ 2.65886, 11.6306, 9.73214 ],
    "faces": {
        "down":  { "uv": [ 7.5, 1.5, 8.5, 2.5 ], "texture": "#texture" },
        "up":    { "uv": [ 7.5, 1.5, 8.5, 2.5 ], "rotation": 180, "texture": "#texture" },
        "north": { "uv": [ 8.5, 7.5, 7.5, 7 ], "rotation": 180, "texture": "#texture" },
        "south": { "uv": [ 7.5, 7, 8.5, 7.5 ], "texture": "#texture" },
        "west":  { "uv": [ 7, 1.5, 7.5, 2.5 ], "rotation": 90, "texture": "#texture" },
        "east":  { "uv": [ 8.5, 1.5, 9, 2.5 ], "texture": "#texture" }
    }
},
{
    "__comment": "Bullet",
    "from": [ 2.41392, 11.263, 9.73214 ],
    "to": [ 2.65886, 11.508, 10.0996 ],
    "faces": {
        "down":  { "uv": [ 7.5, 0, 8.5, 1.5 ], "texture": "#texture" },
        "up":    { "uv": [ 7.5, 0, 8.5, 1.5 ], "rotation": 180, "texture": "#texture" },
        "north": { "uv": [ 8.5, 8.5, 7.5, 7.5 ], "rotation": 180, "texture": "#texture" },
        "south": { "uv": [ 7.5, 7.5, 8.5, 8.5 ], "texture": "#texture" },
        "west":  { "uv": [ 7.5, 0, 8.5, 1.5 ], "rotation": 90, "texture": "#texture" },
        "east":  { "uv": [ 7.5, 0, 8.5, 1.5 ], "texture": "#texture" }
    }
},
{
    "__comment": "Bullet",
    "from": [ 2.41392, 11.1382, 9.48718 ],
    "to": [ 2.65886, 11.2632, 9.73214 ],
    "faces": {
        "down":  { "uv": [ 7.5, 1.5, 8.5, 2.5 ], "texture": "#texture" },
        "up":    { "uv": [ 7.5, 1.5, 8.5, 2.5 ], "rotation": 180, "texture": "#texture" },
        "north": { "uv": [ 8.5, 9, 7.5, 8.5 ], "rotation": 180, "texture": "#texture" },
        "south": { "uv": [ 7.5, 8.5, 8.5, 9 ], "texture": "#texture" },
        "west":  { "uv": [ 8.5, 1.5, 9, 2.5 ], "rotation": 90, "texture": "#texture" },
        "east":  { "uv": [ 7, 1.5, 7.5, 2.5 ], "texture": "#texture" }
    }
},
{
    "__comment": "Bullet",
    "from": [ 2.41392, 11.0156, 8.62988 ],
    "to": [ 2.65886, 11.1406, 8.75488 ],
    "faces": {
        "down":  { "uv": [ 7.5, 5.5, 8.5, 6 ], "texture": "#texture" },
        "up":    { "uv": [ 7.5, 5.5, 8.5, 6 ], "rotation": 180, "texture": "#texture" },
        "north": { "uv": [ 8.5, 9.5, 7.5, 9 ], "rotation": 180, "texture": "#texture" },
        "south": { "uv": [ 7.5, 9, 8.5, 9.5 ], "texture": "#texture" },
        "west":  { "uv": [ 9, 5.5, 9.5, 6 ], "rotation": 90, "texture": "#texture" },
        "east":  { "uv": [ 6.5, 5.5, 7, 6 ], "texture": "#texture" }
    }
},
{
    "__comment": "Bullet",
    "from": [ 1.86898, 10.4406, 6.18046 ],
    "to": [ 2.60382, 10.9304, 8.62988 ],
    "faces": {
        "down":  { "uv": [ 6.5, 6, 9.5, 16 ], "texture": "#texture" },
        "up":    { "uv": [ 6.5, 6, 9.5, 16 ], "rotation": 180, "texture": "#texture" },
        "north": { "uv": [ 9.5, 9, 6.5, 7 ], "rotation": 180, "texture": "#texture" },
        "south": { "uv": [ 6.5, 7, 9.5, 9 ], "texture": "#texture" },
        "west":  { "uv": [ 7, 6, 9, 16 ], "rotation": 90, "texture": "#texture" },
        "east":  { "uv": [ 7, 6, 9, 16 ], "texture": "#texture" }
    }
},
{
    "__comment": "Bullet",
    "from": [ 1.86898, 10.563, 8.62988 ],
    "to": [ 2.60382, 10.808, 8.75488 ],
    "faces": {
        "down":  { "uv": [ 6.5, 5.5, 9.5, 6 ], "texture": "#texture" },
        "up":    { "uv": [ 6.5, 5.5, 9.5, 6 ], "rotation": 180, "texture": "#texture" },
        "north": { "uv": [ 9.5, 8.5, 6.5, 7.5 ], "rotation": 180, "texture": "#texture" },
        "south": { "uv": [ 6.5, 7.5, 9.5, 8.5 ], "texture": "#texture" },
        "west":  { "uv": [ 7.5, 5.5, 8.5, 6 ], "rotation": 90, "texture": "#texture" },
        "east":  { "uv": [ 7.5, 5.5, 8.5, 6 ], "texture": "#texture" }
    }
},
{
    "__comment": "Bullet",
    "from": [ 1.99146, 10.928, 6.18046 ],
    "to": [ 2.48134, 11.053, 8.62988 ],
    "faces": {
        "down":  { "uv": [ 7, 6, 9, 16 ], "texture": "#texture" },
        "up":    { "uv": [ 7, 6, 9, 16 ], "rotation": 180, "texture": "#texture" },
        "north": { "uv": [ 9, 7, 7, 6.5 ], "rotation": 180, "texture": "#texture" },
        "south": { "uv": [ 7, 6.5, 9, 7 ], "texture": "#texture" },
        "west":  { "uv": [ 6.5, 6, 7, 16 ], "rotation": 90, "texture": "#texture" },
        "east":  { "uv": [ 9, 6, 9.5, 16 ], "texture": "#texture" }
    }
},
{
    "__comment": "Bullet",
    "from": [ 1.99146, 10.8054, 8.62988 ],
    "to": [ 2.48134, 10.9304, 9.4872 ],
    "faces": {
        "down":  { "uv": [ 7, 2.5, 9, 6 ], "texture": "#texture" },
        "up":    { "uv": [ 7, 2.5, 9, 6 ], "rotation": 180, "texture": "#texture" },
        "north": { "uv": [ 9, 7.5, 7, 7 ], "rotation": 180, "texture": "#texture" },
        "south": { "uv": [ 7, 7, 9, 7.5 ], "texture": "#texture" },
        "west":  { "uv": [ 7, 2.5, 7.5, 6 ], "rotation": 90, "texture": "#texture" },
        "east":  { "uv": [ 8.5, 2.5, 9, 6 ], "texture": "#texture" }
    }
},
{
    "__comment": "Bullet",
    "from": [ 1.99146, 10.4406, 8.75236 ],
    "to": [ 2.48134, 10.808, 9.4872 ],
    "faces": {
        "down":  { "uv": [ 7, 2.5, 9, 5.5 ], "texture": "#texture" },
        "up":    { "uv": [ 7, 2.5, 9, 5.5 ], "rotation": 180, "texture": "#texture" },
        "north": { "uv": [ 9, 9, 7, 7.5 ], "rotation": 180, "texture": "#texture" },
        "south": { "uv": [ 7, 7.5, 9, 9 ], "texture": "#texture" },
        "west":  { "uv": [ 7.5, 2.5, 9, 5.5 ], "rotation": 90, "texture": "#texture" },
        "east":  { "uv": [ 7, 2.5, 8.5, 5.5 ], "texture": "#texture" }
    }
},
{
    "__comment": "Bullet",
    "from": [ 1.99146, 10.563, 9.48718 ],
    "to": [ 2.48134, 10.808, 9.73214 ],
    "faces": {
        "down":  { "uv": [ 7, 1.5, 9, 2.5 ], "texture": "#texture" },
        "up":    { "uv": [ 7, 1.5, 9, 2.5 ], "rotation": 180, "texture": "#texture" },
        "north": { "uv": [ 9, 8.5, 7, 7.5 ], "rotation": 180, "texture": "#texture" },
        "south": { "uv": [ 7, 7.5, 9, 8.5 ], "texture": "#texture" },
        "west":  { "uv": [ 7.5, 1.5, 8.5, 2.5 ], "rotation": 90, "texture": "#texture" },
        "east":  { "uv": [ 7.5, 1.5, 8.5, 2.5 ], "texture": "#texture" }
    }
},
{
    "__comment": "Bullet",
    "from": [ 1.99146, 10.4382, 8.62988 ],
    "to": [ 2.48134, 10.5632, 8.75488 ],
    "faces": {
        "down":  { "uv": [ 7, 5.5, 9, 6 ], "texture": "#texture" },
        "up":    { "uv": [ 7, 5.5, 9, 6 ], "rotation": 180, "texture": "#texture" },
        "north": { "uv": [ 9, 9, 7, 8.5 ], "rotation": 180, "texture": "#texture" },
        "south": { "uv": [ 7, 8.5, 9, 9 ], "texture": "#texture" },
        "west":  { "uv": [ 8.5, 5.5, 9, 6 ], "rotation": 90, "texture": "#texture" },
        "east":  { "uv": [ 7, 5.5, 7.5, 6 ], "texture": "#texture" }
    }
},
{
    "__comment": "Bullet",
    "from": [ 1.99146, 10.3156, 6.18046 ],
    "to": [ 2.48134, 10.4406, 8.62988 ],
    "faces": {
        "down":  { "uv": [ 7, 6, 9, 16 ], "texture": "#texture" },
        "up":    { "uv": [ 7, 6, 9, 16 ], "rotation": 180, "texture": "#texture" },
        "north": { "uv": [ 9, 9.5, 7, 9 ], "rotation": 180, "texture": "#texture" },
        "south": { "uv": [ 7, 9, 9, 9.5 ], "texture": "#texture" },
        "west":  { "uv": [ 9, 6, 9.5, 16 ], "rotation": 90, "texture": "#texture" },
        "east":  { "uv": [ 6.5, 6, 7, 16 ], "texture": "#texture" }
    }
},
{
    "__comment": "Bullet",
    "from": [ 2.11392, 10.928, 8.62988 ],
    "to": [ 2.35886, 11.053, 8.75488 ],
    "faces": {
        "down":  { "uv": [ 7.5, 5.5, 8.5, 6 ], "texture": "#texture" },
        "up":    { "uv": [ 7.5, 5.5, 8.5, 6 ], "rotation": 180, "texture": "#texture" },
        "north": { "uv": [ 8.5, 7, 7.5, 6.5 ], "rotation": 180, "texture": "#texture" },
        "south": { "uv": [ 7.5, 6.5, 8.5, 7 ], "texture": "#texture" },
        "west":  { "uv": [ 6.5, 5.5, 7, 6 ], "rotation": 90, "texture": "#texture" },
        "east":  { "uv": [ 9, 5.5, 9.5, 6 ], "texture": "#texture" }
    }
},
{
    "__comment": "Bullet",
    "from": [ 2.11392, 10.8054, 9.48718 ],
    "to": [ 2.35886, 10.9304, 9.73214 ],
    "faces": {
        "down":  { "uv": [ 7.5, 1.5, 8.5, 2.5 ], "texture": "#texture" },
        "up":    { "uv": [ 7.5, 1.5, 8.5, 2.5 ], "rotation": 180, "texture": "#texture" },
        "north": { "uv": [ 8.5, 7.5, 7.5, 7 ], "rotation": 180, "texture": "#texture" },
        "south": { "uv": [ 7.5, 7, 8.5, 7.5 ], "texture": "#texture" },
        "west":  { "uv": [ 7, 1.5, 7.5, 2.5 ], "rotation": 90, "texture": "#texture" },
        "east":  { "uv": [ 8.5, 1.5, 9, 2.5 ], "texture": "#texture" }
    }
},
{
    "__comment": "Bullet",
    "from": [ 2.11392, 10.563, 9.73214 ],
    "to": [ 2.35886, 10.808, 10.0996 ],
    "faces": {
        "down":  { "uv": [ 7.5, 0, 8.5, 1.5 ], "texture": "#texture" },
        "up":    { "uv": [ 7.5, 0, 8.5, 1.5 ], "rotation": 180, "texture": "#texture" },
        "north": { "uv": [ 8.5, 8.5, 7.5, 7.5 ], "rotation": 180, "texture": "#texture" },
        "south": { "uv": [ 7.5, 7.5, 8.5, 8.5 ], "texture": "#texture" },
        "west":  { "uv": [ 7.5, 0, 8.5, 1.5 ], "rotation": 90, "texture": "#texture" },
        "east":  { "uv": [ 7.5, 0, 8.5, 1.5 ], "texture": "#texture" }
    }
},
{
    "__comment": "Bullet",
    "from": [ 2.11392, 10.4382, 9.48718 ],
    "to": [ 2.35886, 10.5632, 9.73214 ],
    "faces": {
        "down":  { "uv": [ 7.5, 1.5, 8.5, 2.5 ], "texture": "#texture" },
        "up":    { "uv": [ 7.5, 1.5, 8.5, 2.5 ], "rotation": 180, "texture": "#texture" },
        "north": { "uv": [ 8.5, 9, 7.5, 8.5 ], "rotation": 180, "texture": "#texture" },
        "south": { "uv": [ 7.5, 8.5, 8.5, 9 ], "texture": "#texture" },
        "west":  { "uv": [ 8.5, 1.5, 9, 2.5 ], "rotation": 90, "texture": "#texture" },
        "east":  { "uv": [ 7, 1.5, 7.5, 2.5 ], "texture": "#texture" }
    }
},
{
    "__comment": "Bullet",
    "from": [ 2.11392, 10.3156, 8.62988 ],
    "to": [ 2.35886, 10.4406, 8.75488 ],
    "faces": {
        "down":  { "uv": [ 7.5, 5.5, 8.5, 6 ], "texture": "#texture" },
        "up":    { "uv": [ 7.5, 5.5, 8.5, 6 ], "rotation": 180, "texture": "#texture" },
        "north": { "uv": [ 8.5, 9.5, 7.5, 9 ], "rotation": 180, "texture": "#texture" },
        "south": { "uv": [ 7.5, 9, 8.5, 9.5 ], "texture": "#texture" },
        "west":  { "uv": [ 9, 5.5, 9.5, 6 ], "rotation": 90, "texture": "#texture" },
        "east":  { "uv": [ 6.5, 5.5, 7, 6 ], "texture": "#texture" }
    }
},
{
    "__comment": "Bullet",
    "from": [ 1.86898, 9.7406, 6.18046 ],
    "to": [ 2.60382, 10.2306, 8.62988 ],
    "faces": {
        "down":  { "uv": [ 6.5, 6, 9.5, 16 ], "texture": "#texture" },
        "up":    { "uv": [ 6.5, 6, 9.5, 16 ], "rotation": 180, "texture": "#texture" },
        "north": { "uv": [ 9.5, 9, 6.5, 7 ], "rotation": 180, "texture": "#texture" },
        "south": { "uv": [ 6.5, 7, 9.5, 9 ], "texture": "#texture" },
        "west":  { "uv": [ 7, 6, 9, 16 ], "rotation": 90, "texture": "#texture" },
        "east":  { "uv": [ 7, 6, 9, 16 ], "texture": "#texture" }
    }
},
{
    "__comment": "Bullet",
    "from": [ 1.86898, 9.863, 8.62988 ],
    "to": [ 2.60382, 10.108, 8.75488 ],
    "faces": {
        "down":  { "uv": [ 6.5, 5.5, 9.5, 6 ], "texture": "#texture" },
        "up":    { "uv": [ 6.5, 5.5, 9.5, 6 ], "rotation": 180, "texture": "#texture" },
        "north": { "uv": [ 9.5, 8.5, 6.5, 7.5 ], "rotation": 180, "texture": "#texture" },
        "south": { "uv": [ 6.5, 7.5, 9.5, 8.5 ], "texture": "#texture" },
        "west":  { "uv": [ 7.5, 5.5, 8.5, 6 ], "rotation": 90, "texture": "#texture" },
        "east":  { "uv": [ 7.5, 5.5, 8.5, 6 ], "texture": "#texture" }
    }
},
{
    "__comment": "Bullet",
    "from": [ 1.99146, 10.228, 6.18046 ],
    "to": [ 2.48134, 10.353, 8.62988 ],
    "faces": {
        "down":  { "uv": [ 7, 6, 9, 16 ], "texture": "#texture" },
        "up":    { "uv": [ 7, 6, 9, 16 ], "rotation": 180, "texture": "#texture" },
        "north": { "uv": [ 9, 7, 7, 6.5 ], "rotation": 180, "texture": "#texture" },
        "south": { "uv": [ 7, 6.5, 9, 7 ], "texture": "#texture" },
        "west":  { "uv": [ 6.5, 6, 7, 16 ], "rotation": 90, "texture": "#texture" },
        "east":  { "uv": [ 9, 6, 9.5, 16 ], "texture": "#texture" }
    }
},
{
    "__comment": "Bullet",
    "from": [ 1.99146, 10.1056, 8.62988 ],
    "to": [ 2.48134, 10.2306, 9.4872 ],
    "faces": {
        "down":  { "uv": [ 7, 2.5, 9, 6 ], "texture": "#texture" },
        "up":    { "uv": [ 7, 2.5, 9, 6 ], "rotation": 180, "texture": "#texture" },
        "north": { "uv": [ 9, 7.5, 7, 7 ], "rotation": 180, "texture": "#texture" },
        "south": { "uv": [ 7, 7, 9, 7.5 ], "texture": "#texture" },
        "west":  { "uv": [ 7, 2.5, 7.5, 6 ], "rotation": 90, "texture": "#texture" },
        "east":  { "uv": [ 8.5, 2.5, 9, 6 ], "texture": "#texture" }
    }
},
{
    "__comment": "Bullet",
    "from": [ 1.99146, 9.7406, 8.75236 ],
    "to": [ 2.48134, 10.108, 9.4872 ],
    "faces": {
        "down":  { "uv": [ 7, 2.5, 9, 5.5 ], "texture": "#texture" },
        "up":    { "uv": [ 7, 2.5, 9, 5.5 ], "rotation": 180, "texture": "#texture" },
        "north": { "uv": [ 9, 9, 7, 7.5 ], "rotation": 180, "texture": "#texture" },
        "south": { "uv": [ 7, 7.5, 9, 9 ], "texture": "#texture" },
        "west":  { "uv": [ 7.5, 2.5, 9, 5.5 ], "rotation": 90, "texture": "#texture" },
        "east":  { "uv": [ 7, 2.5, 8.5, 5.5 ], "texture": "#texture" }
    }
},
{
    "__comment": "Bullet",
    "from": [ 1.99146, 9.863, 9.48718 ],
    "to": [ 2.48134, 10.108, 9.73214 ],
    "faces": {
        "down":  { "uv": [ 7, 1.5, 9, 2.5 ], "texture": "#texture" },
        "up":    { "uv": [ 7, 1.5, 9, 2.5 ], "rotation": 180, "texture": "#texture" },
        "north": { "uv": [ 9, 8.5, 7, 7.5 ], "rotation": 180, "texture": "#texture" },
        "south": { "uv": [ 7, 7.5, 9, 8.5 ], "texture": "#texture" },
        "west":  { "uv": [ 7.5, 1.5, 8.5, 2.5 ], "rotation": 90, "texture": "#texture" },
        "east":  { "uv": [ 7.5, 1.5, 8.5, 2.5 ], "texture": "#texture" }
    }
},
{
    "__comment": "Bullet",
    "from": [ 1.99146, 9.7382, 8.62988 ],
    "to": [ 2.48134, 9.8632, 8.75488 ],
    "faces": {
        "down":  { "uv": [ 7, 5.5, 9, 6 ], "texture": "#texture" },
        "up":    { "uv": [ 7, 5.5, 9, 6 ], "rotation": 180, "texture": "#texture" },
        "north": { "uv": [ 9, 9, 7, 8.5 ], "rotation": 180, "texture": "#texture" },
        "south": { "uv": [ 7, 8.5, 9, 9 ], "texture": "#texture" },
        "west":  { "uv": [ 8.5, 5.5, 9, 6 ], "rotation": 90, "texture": "#texture" },
        "east":  { "uv": [ 7, 5.5, 7.5, 6 ], "texture": "#texture" }
    }
},
{
    "__comment": "Bullet",
    "from": [ 1.99146, 9.6156, 6.18046 ],
    "to": [ 2.48134, 9.7406, 8.62988 ],
    "faces": {
        "down":  { "uv": [ 7, 6, 9, 16 ], "texture": "#texture" },
        "up":    { "uv": [ 7, 6, 9, 16 ], "rotation": 180, "texture": "#texture" },
        "north": { "uv": [ 9, 9.5, 7, 9 ], "rotation": 180, "texture": "#texture" },
        "south": { "uv": [ 7, 9, 9, 9.5 ], "texture": "#texture" },
        "west":  { "uv": [ 9, 6, 9.5, 16 ], "rotation": 90, "texture": "#texture" },
        "east":  { "uv": [ 6.5, 6, 7, 16 ], "texture": "#texture" }
    }
},
{
    "__comment": "Bullet",
    "from": [ 2.11392, 10.228, 8.62988 ],
    "to": [ 2.35886, 10.353, 8.75488 ],
    "faces": {
        "down":  { "uv": [ 7.5, 5.5, 8.5, 6 ], "texture": "#texture" },
        "up":    { "uv": [ 7.5, 5.5, 8.5, 6 ], "rotation": 180, "texture": "#texture" },
        "north": { "uv": [ 8.5, 7, 7.5, 6.5 ], "rotation": 180, "texture": "#texture" },
        "south": { "uv": [ 7.5, 6.5, 8.5, 7 ], "texture": "#texture" },
        "west":  { "uv": [ 6.5, 5.5, 7, 6 ], "rotation": 90, "texture": "#texture" },
        "east":  { "uv": [ 9, 5.5, 9.5, 6 ], "texture": "#texture" }
    }
},
{
    "__comment": "Bullet",
    "from": [ 2.11392, 10.1056, 9.48718 ],
    "to": [ 2.35886, 10.2306, 9.73214 ],
    "faces": {
        "down":  { "uv": [ 7.5, 1.5, 8.5, 2.5 ], "texture": "#texture" },
        "up":    { "uv": [ 7.5, 1.5, 8.5, 2.5 ], "rotation": 180, "texture": "#texture" },
        "north": { "uv": [ 8.5, 7.5, 7.5, 7 ], "rotation": 180, "texture": "#texture" },
        "south": { "uv": [ 7.5, 7, 8.5, 7.5 ], "texture": "#texture" },
        "west":  { "uv": [ 7, 1.5, 7.5, 2.5 ], "rotation": 90, "texture": "#texture" },
        "east":  { "uv": [ 8.5, 1.5, 9, 2.5 ], "texture": "#texture" }
    }
},
{
    "__comment": "Bullet",
    "from": [ 2.11392, 9.863, 9.73214 ],
    "to": [ 2.35886, 10.108, 10.0996 ],
    "faces": {
        "down":  { "uv": [ 7.5, 0, 8.5, 1.5 ], "texture": "#texture" },
        "up":    { "uv": [ 7.5, 0, 8.5, 1.5 ], "rotation": 180, "texture": "#texture" },
        "north": { "uv": [ 8.5, 8.5, 7.5, 7.5 ], "rotation": 180, "texture": "#texture" },
        "south": { "uv": [ 7.5, 7.5, 8.5, 8.5 ], "texture": "#texture" },
        "west":  { "uv": [ 7.5, 0, 8.5, 1.5 ], "rotation": 90, "texture": "#texture" },
        "east":  { "uv": [ 7.5, 0, 8.5, 1.5 ], "texture": "#texture" }
    }
},
{
    "__comment": "Bullet",
    "from": [ 2.11392, 9.7382, 9.48718 ],
    "to": [ 2.35886, 9.8632, 9.73214 ],
    "faces": {
        "down":  { "uv": [ 7.5, 1.5, 8.5, 2.5 ], "texture": "#texture" },
        "up":    { "uv": [ 7.5, 1.5, 8.5, 2.5 ], "rotation": 180, "texture": "#texture" },
        "north": { "uv": [ 8.5, 9, 7.5, 8.5 ], "rotation": 180, "texture": "#texture" },
        "south": { "uv": [ 7.5, 8.5, 8.5, 9 ], "texture": "#texture" },
        "west":  { "uv": [ 8.5, 1.5, 9, 2.5 ], "rotation": 90, "texture": "#texture" },
        "east":  { "uv": [ 7, 1.5, 7.5, 2.5 ], "texture": "#texture" }
    }
},
{
    "__comment": "Bullet",
    "from": [ 2.11392, 9.6156, 8.62988 ],
    "to": [ 2.35886, 9.7406, 8.75488 ],
    "faces": {
        "down":  { "uv": [ 7.5, 5.5, 8.5, 6 ], "texture": "#texture" },
        "up":    { "uv": [ 7.5, 5.5, 8.5, 6 ], "rotation": 180, "texture": "#texture" },
        "north": { "uv": [ 8.5, 9.5, 7.5, 9 ], "rotation": 180, "texture": "#texture" },
        "south": { "uv": [ 7.5, 9, 8.5, 9.5 ], "texture": "#texture" },
        "west":  { "uv": [ 9, 5.5, 9.5, 6 ], "rotation": 90, "texture": "#texture" },
        "east":  { "uv": [ 6.5, 5.5, 7, 6 ], "texture": "#texture" }
    }
},
{
    "__comment": "Bullet",
    "from": [ 1.66898, 9.0406, 6.18046 ],
    "to": [ 2.40382, 9.5306, 8.62988 ],
    "faces": {
        "down":  { "uv": [ 6.5, 6, 9.5, 16 ], "texture": "#texture" },
        "up":    { "uv": [ 6.5, 6, 9.5, 16 ], "rotation": 180, "texture": "#texture" },
        "north": { "uv": [ 9.5, 9, 6.5, 7 ], "rotation": 180, "texture": "#texture" },
        "south": { "uv": [ 6.5, 7, 9.5, 9 ], "texture": "#texture" },
        "west":  { "uv": [ 7, 6, 9, 16 ], "rotation": 90, "texture": "#texture" },
        "east":  { "uv": [ 7, 6, 9, 16 ], "texture": "#texture" }
    }
},
{
    "__comment": "Bullet",
    "from": [ 1.66898, 9.163, 8.62988 ],
    "to": [ 2.40382, 9.408, 8.75488 ],
    "faces": {
        "down":  { "uv": [ 6.5, 5.5, 9.5, 6 ], "texture": "#texture" },
        "up":    { "uv": [ 6.5, 5.5, 9.5, 6 ], "rotation": 180, "texture": "#texture" },
        "north": { "uv": [ 9.5, 8.5, 6.5, 7.5 ], "rotation": 180, "texture": "#texture" },
        "south": { "uv": [ 6.5, 7.5, 9.5, 8.5 ], "texture": "#texture" },
        "west":  { "uv": [ 7.5, 5.5, 8.5, 6 ], "rotation": 90, "texture": "#texture" },
        "east":  { "uv": [ 7.5, 5.5, 8.5, 6 ], "texture": "#texture" }
    }
},
{
    "__comment": "Bullet",
    "from": [ 1.79144, 9.528, 6.18046 ],
    "to": [ 2.28134, 9.653, 8.62988 ],
    "faces": {
        "down":  { "uv": [ 7, 6, 9, 16 ], "texture": "#texture" },
        "up":    { "uv": [ 7, 6, 9, 16 ], "rotation": 180, "texture": "#texture" },
        "north": { "uv": [ 9, 7, 7, 6.5 ], "rotation": 180, "texture": "#texture" },
        "south": { "uv": [ 7, 6.5, 9, 7 ], "texture": "#texture" },
        "west":  { "uv": [ 6.5, 6, 7, 16 ], "rotation": 90, "texture": "#texture" },
        "east":  { "uv": [ 9, 6, 9.5, 16 ], "texture": "#texture" }
    }
},
{
    "__comment": "Bullet",
    "from": [ 1.79144, 9.4056, 8.62988 ],
    "to": [ 2.28134, 9.5306, 9.4872 ],
    "faces": {
        "down":  { "uv": [ 7, 2.5, 9, 6 ], "texture": "#texture" },
        "up":    { "uv": [ 7, 2.5, 9, 6 ], "rotation": 180, "texture": "#texture" },
        "north": { "uv": [ 9, 7.5, 7, 7 ], "rotation": 180, "texture": "#texture" },
        "south": { "uv": [ 7, 7, 9, 7.5 ], "texture": "#texture" },
        "west":  { "uv": [ 7, 2.5, 7.5, 6 ], "rotation": 90, "texture": "#texture" },
        "east":  { "uv": [ 8.5, 2.5, 9, 6 ], "texture": "#texture" }
    }
},
{
    "__comment": "Bullet",
    "from": [ 1.79144, 9.0406, 8.75236 ],
    "to": [ 2.28134, 9.408, 9.4872 ],
    "faces": {
        "down":  { "uv": [ 7, 2.5, 9, 5.5 ], "texture": "#texture" },
        "up":    { "uv": [ 7, 2.5, 9, 5.5 ], "rotation": 180, "texture": "#texture" },
        "north": { "uv": [ 9, 9, 7, 7.5 ], "rotation": 180, "texture": "#texture" },
        "south": { "uv": [ 7, 7.5, 9, 9 ], "texture": "#texture" },
        "west":  { "uv": [ 7.5, 2.5, 9, 5.5 ], "rotation": 90, "texture": "#texture" },
        "east":  { "uv": [ 7, 2.5, 8.5, 5.5 ], "texture": "#texture" }
    }
},
{
    "__comment": "Bullet",
    "from": [ 1.79144, 9.163, 9.48718 ],
    "to": [ 2.28134, 9.408, 9.73214 ],
    "faces": {
        "down":  { "uv": [ 7, 1.5, 9, 2.5 ], "texture": "#texture" },
        "up":    { "uv": [ 7, 1.5, 9, 2.5 ], "rotation": 180, "texture": "#texture" },
        "north": { "uv": [ 9, 8.5, 7, 7.5 ], "rotation": 180, "texture": "#texture" },
        "south": { "uv": [ 7, 7.5, 9, 8.5 ], "texture": "#texture" },
        "west":  { "uv": [ 7.5, 1.5, 8.5, 2.5 ], "rotation": 90, "texture": "#texture" },
        "east":  { "uv": [ 7.5, 1.5, 8.5, 2.5 ], "texture": "#texture" }
    }
},
{
    "__comment": "Bullet",
    "from": [ 1.79144, 9.0382, 8.62988 ],
    "to": [ 2.28134, 9.1632, 8.75488 ],
    "faces": {
        "down":  { "uv": [ 7, 5.5, 9, 6 ], "texture": "#texture" },
        "up":    { "uv": [ 7, 5.5, 9, 6 ], "rotation": 180, "texture": "#texture" },
        "north": { "uv": [ 9, 9, 7, 8.5 ], "rotation": 180, "texture": "#texture" },
        "south": { "uv": [ 7, 8.5, 9, 9 ], "texture": "#texture" },
        "west":  { "uv": [ 8.5, 5.5, 9, 6 ], "rotation": 90, "texture": "#texture" },
        "east":  { "uv": [ 7, 5.5, 7.5, 6 ], "texture": "#texture" }
    }
},
{
    "__comment": "Bullet",
    "from": [ 1.79144, 8.9156, 6.18046 ],
    "to": [ 2.28134, 9.0406, 8.62988 ],
    "faces": {
        "down":  { "uv": [ 7, 6, 9, 16 ], "texture": "#texture" },
        "up":    { "uv": [ 7, 6, 9, 16 ], "rotation": 180, "texture": "#texture" },
        "north": { "uv": [ 9, 9.5, 7, 9 ], "rotation": 180, "texture": "#texture" },
        "south": { "uv": [ 7, 9, 9, 9.5 ], "texture": "#texture" },
        "west":  { "uv": [ 9, 6, 9.5, 16 ], "rotation": 90, "texture": "#texture" },
        "east":  { "uv": [ 6.5, 6, 7, 16 ], "texture": "#texture" }
    }
},
{
    "__comment": "Bullet",
    "from": [ 1.91392, 9.528, 8.62988 ],
    "to": [ 2.15886, 9.653, 8.75488 ],
    "faces": {
        "down":  { "uv": [ 7.5, 5.5, 8.5, 6 ], "texture": "#texture" },
        "up":    { "uv": [ 7.5, 5.5, 8.5, 6 ], "rotation": 180, "texture": "#texture" },
        "north": { "uv": [ 8.5, 7, 7.5, 6.5 ], "rotation": 180, "texture": "#texture" },
        "south": { "uv": [ 7.5, 6.5, 8.5, 7 ], "texture": "#texture" },
        "west":  { "uv": [ 6.5, 5.5, 7, 6 ], "rotation": 90, "texture": "#texture" },
        "east":  { "uv": [ 9, 5.5, 9.5, 6 ], "texture": "#texture" }
    }
},
{
    "__comment": "Bullet",
    "from": [ 1.91392, 9.4056, 9.48718 ],
    "to": [ 2.15886, 9.5306, 9.73214 ],
    "faces": {
        "down":  { "uv": [ 7.5, 1.5, 8.5, 2.5 ], "texture": "#texture" },
        "up":    { "uv": [ 7.5, 1.5, 8.5, 2.5 ], "rotation": 180, "texture": "#texture" },
        "north": { "uv": [ 8.5, 7.5, 7.5, 7 ], "rotation": 180, "texture": "#texture" },
        "south": { "uv": [ 7.5, 7, 8.5, 7.5 ], "texture": "#texture" },
        "west":  { "uv": [ 7, 1.5, 7.5, 2.5 ], "rotation": 90, "texture": "#texture" },
        "east":  { "uv": [ 8.5, 1.5, 9, 2.5 ], "texture": "#texture" }
    }
},
{
    "__comment": "Bullet",
    "from": [ 1.91392, 9.163, 9.73214 ],
    "to": [ 2.15886, 9.408, 10.0996 ],
    "faces": {
        "down":  { "uv": [ 7.5, 0, 8.5, 1.5 ], "texture": "#texture" },
        "up":    { "uv": [ 7.5, 0, 8.5, 1.5 ], "rotation": 180, "texture": "#texture" },
        "north": { "uv": [ 8.5, 8.5, 7.5, 7.5 ], "rotation": 180, "texture": "#texture" },
        "south": { "uv": [ 7.5, 7.5, 8.5, 8.5 ], "texture": "#texture" },
        "west":  { "uv": [ 7.5, 0, 8.5, 1.5 ], "rotation": 90, "texture": "#texture" },
        "east":  { "uv": [ 7.5, 0, 8.5, 1.5 ], "texture": "#texture" }
    }
},
{
    "__comment": "Bullet",
    "from": [ 1.91392, 9.0382, 9.48718 ],
    "to": [ 2.15886, 9.1632, 9.73214 ],
    "faces": {
        "down":  { "uv": [ 7.5, 1.5, 8.5, 2.5 ], "texture": "#texture" },
        "up":    { "uv": [ 7.5, 1.5, 8.5, 2.5 ], "rotation": 180, "texture": "#texture" },
        "north": { "uv": [ 8.5, 9, 7.5, 8.5 ], "rotation": 180, "texture": "#texture" },
        "south": { "uv": [ 7.5, 8.5, 8.5, 9 ], "texture": "#texture" },
        "west":  { "uv": [ 8.5, 1.5, 9, 2.5 ], "rotation": 90, "texture": "#texture" },
        "east":  { "uv": [ 7, 1.5, 7.5, 2.5 ], "texture": "#texture" }
    }
},
{
    "__comment": "Bullet",
    "from": [ 1.91392, 8.9156, 8.62988 ],
    "to": [ 2.15886, 9.0406, 8.75488 ],
    "faces": {
        "down":  { "uv": [ 7.5, 5.5, 8.5, 6 ], "texture": "#texture" },
        "up":    { "uv": [ 7.5, 5.5, 8.5, 6 ], "rotation": 180, "texture": "#texture" },
        "north": { "uv": [ 8.5, 9.5, 7.5, 9 ], "rotation": 180, "texture": "#texture" },
        "south": { "uv": [ 7.5, 9, 8.5, 9.5 ], "texture": "#texture" },
        "west":  { "uv": [ 9, 5.5, 9.5, 6 ], "rotation": 90, "texture": "#texture" },
        "east":  { "uv": [ 6.5, 5.5, 7, 6 ], "texture": "#texture" }
    }
},
{
    "__comment": "Bullet",
    "from": [ 4.96898, 10.5406, 6.18046 ],
    "to": [ 5.70382, 11.0306, 8.62988 ],
    "faces": {
        "down":  { "uv": [ 6.5, 6, 9.5, 16 ], "texture": "#texture" },
        "up":    { "uv": [ 6.5, 6, 9.5, 16 ], "rotation": 180, "texture": "#texture" },
        "north": { "uv": [ 9.5, 9, 6.5, 7 ], "rotation": 180, "texture": "#texture" },
        "south": { "uv": [ 6.5, 7, 9.5, 9 ], "texture": "#texture" },
        "west":  { "uv": [ 7, 6, 9, 16 ], "rotation": 90, "texture": "#texture" },
        "east":  { "uv": [ 7, 6, 9, 16 ], "texture": "#texture" }
    }
},
{
    "__comment": "Bullet",
    "from": [ 4.9375, 10.663, 8.625 ],
    "to": [ 5.67234, 10.908, 8.75 ],
    "faces": {
        "down":  { "uv": [ 6.5, 5.5, 9.5, 6 ], "texture": "#texture" },
        "up":    { "uv": [ 6.5, 5.5, 9.5, 6 ], "rotation": 180, "texture": "#texture" },
        "north": { "uv": [ 9.5, 8.5, 6.5, 7.5 ], "rotation": 180, "texture": "#texture" },
        "south": { "uv": [ 6.5, 7.5, 9.5, 8.5 ], "texture": "#texture" },
        "west":  { "uv": [ 7.5, 5.5, 8.5, 6 ], "rotation": 90, "texture": "#texture" },
        "east":  { "uv": [ 7.5, 5.5, 8.5, 6 ], "texture": "#texture" }
    }
},
{
    "__comment": "Bullet",
    "from": [ 5.09144, 11.028, 6.18046 ],
    "to": [ 5.58134, 11.153, 8.62988 ],
    "faces": {
        "down":  { "uv": [ 7, 6, 9, 16 ], "texture": "#texture" },
        "up":    { "uv": [ 7, 6, 9, 16 ], "rotation": 180, "texture": "#texture" },
        "north": { "uv": [ 9, 7, 7, 6.5 ], "rotation": 180, "texture": "#texture" },
        "south": { "uv": [ 7, 6.5, 9, 7 ], "texture": "#texture" },
        "west":  { "uv": [ 6.5, 6, 7, 16 ], "rotation": 90, "texture": "#texture" },
        "east":  { "uv": [ 9, 6, 9.5, 16 ], "texture": "#texture" }
    }
},
{
    "__comment": "Bullet",
    "from": [ 5.09144, 10.9056, 8.62988 ],
    "to": [ 5.58134, 11.0306, 9.4872 ],
    "faces": {
        "down":  { "uv": [ 7, 2.5, 9, 6 ], "texture": "#texture" },
        "up":    { "uv": [ 7, 2.5, 9, 6 ], "rotation": 180, "texture": "#texture" },
        "north": { "uv": [ 9, 7.5, 7, 7 ], "rotation": 180, "texture": "#texture" },
        "south": { "uv": [ 7, 7, 9, 7.5 ], "texture": "#texture" },
        "west":  { "uv": [ 7, 2.5, 7.5, 6 ], "rotation": 90, "texture": "#texture" },
        "east":  { "uv": [ 8.5, 2.5, 9, 6 ], "texture": "#texture" }
    }
},
{
    "__comment": "Bullet",
    "from": [ 5.09144, 10.5406, 8.75236 ],
    "to": [ 5.58134, 10.908, 9.4872 ],
    "faces": {
        "down":  { "uv": [ 7, 2.5, 9, 5.5 ], "texture": "#texture" },
        "up":    { "uv": [ 7, 2.5, 9, 5.5 ], "rotation": 180, "texture": "#texture" },
        "north": { "uv": [ 9, 9, 7, 7.5 ], "rotation": 180, "texture": "#texture" },
        "south": { "uv": [ 7, 7.5, 9, 9 ], "texture": "#texture" },
        "west":  { "uv": [ 7.5, 2.5, 9, 5.5 ], "rotation": 90, "texture": "#texture" },
        "east":  { "uv": [ 7, 2.5, 8.5, 5.5 ], "texture": "#texture" }
    }
},
{
    "__comment": "Bullet",
    "from": [ 5.09144, 10.663, 9.48718 ],
    "to": [ 5.58134, 10.908, 9.73214 ],
    "faces": {
        "down":  { "uv": [ 7, 1.5, 9, 2.5 ], "texture": "#texture" },
        "up":    { "uv": [ 7, 1.5, 9, 2.5 ], "rotation": 180, "texture": "#texture" },
        "north": { "uv": [ 9, 8.5, 7, 7.5 ], "rotation": 180, "texture": "#texture" },
        "south": { "uv": [ 7, 7.5, 9, 8.5 ], "texture": "#texture" },
        "west":  { "uv": [ 7.5, 1.5, 8.5, 2.5 ], "rotation": 90, "texture": "#texture" },
        "east":  { "uv": [ 7.5, 1.5, 8.5, 2.5 ], "texture": "#texture" }
    }
},
{
    "__comment": "Bullet",
    "from": [ 5.09144, 10.5382, 8.62988 ],
    "to": [ 5.58134, 10.6632, 8.75488 ],
    "faces": {
        "down":  { "uv": [ 7, 5.5, 9, 6 ], "texture": "#texture" },
        "up":    { "uv": [ 7, 5.5, 9, 6 ], "rotation": 180, "texture": "#texture" },
        "north": { "uv": [ 9, 9, 7, 8.5 ], "rotation": 180, "texture": "#texture" },
        "south": { "uv": [ 7, 8.5, 9, 9 ], "texture": "#texture" },
        "west":  { "uv": [ 8.5, 5.5, 9, 6 ], "rotation": 90, "texture": "#texture" },
        "east":  { "uv": [ 7, 5.5, 7.5, 6 ], "texture": "#texture" }
    }
},
{
    "__comment": "Bullet",
    "from": [ 5.09144, 10.4156, 6.18046 ],
    "to": [ 5.58134, 10.5406, 8.62988 ],
    "faces": {
        "down":  { "uv": [ 7, 6, 9, 16 ], "texture": "#texture" },
        "up":    { "uv": [ 7, 6, 9, 16 ], "rotation": 180, "texture": "#texture" },
        "north": { "uv": [ 9, 9.5, 7, 9 ], "rotation": 180, "texture": "#texture" },
        "south": { "uv": [ 7, 9, 9, 9.5 ], "texture": "#texture" },
        "west":  { "uv": [ 9, 6, 9.5, 16 ], "rotation": 90, "texture": "#texture" },
        "east":  { "uv": [ 6.5, 6, 7, 16 ], "texture": "#texture" }
    }
},
{
    "__comment": "Bullet",
    "from": [ 5.21392, 11.028, 8.62988 ],
    "to": [ 5.45886, 11.153, 8.75488 ],
    "faces": {
        "down":  { "uv": [ 7.5, 5.5, 8.5, 6 ], "texture": "#texture" },
        "up":    { "uv": [ 7.5, 5.5, 8.5, 6 ], "rotation": 180, "texture": "#texture" },
        "north": { "uv": [ 8.5, 7, 7.5, 6.5 ], "rotation": 180, "texture": "#texture" },
        "south": { "uv": [ 7.5, 6.5, 8.5, 7 ], "texture": "#texture" },
        "west":  { "uv": [ 6.5, 5.5, 7, 6 ], "rotation": 90, "texture": "#texture" },
        "east":  { "uv": [ 9, 5.5, 9.5, 6 ], "texture": "#texture" }
    }
},
{
    "__comment": "Bullet",
    "from": [ 5.21392, 10.9056, 9.48718 ],
    "to": [ 5.45886, 11.0306, 9.73214 ],
    "faces": {
        "down":  { "uv": [ 7.5, 1.5, 8.5, 2.5 ], "texture": "#texture" },
        "up":    { "uv": [ 7.5, 1.5, 8.5, 2.5 ], "rotation": 180, "texture": "#texture" },
        "north": { "uv": [ 8.5, 7.5, 7.5, 7 ], "rotation": 180, "texture": "#texture" },
        "south": { "uv": [ 7.5, 7, 8.5, 7.5 ], "texture": "#texture" },
        "west":  { "uv": [ 7, 1.5, 7.5, 2.5 ], "rotation": 90, "texture": "#texture" },
        "east":  { "uv": [ 8.5, 1.5, 9, 2.5 ], "texture": "#texture" }
    }
},
{
    "__comment": "Bullet",
    "from": [ 5.21392, 10.663, 9.73214 ],
    "to": [ 5.45886, 10.908, 10.0996 ],
    "faces": {
        "down":  { "uv": [ 7.5, 0, 8.5, 1.5 ], "texture": "#texture" },
        "up":    { "uv": [ 7.5, 0, 8.5, 1.5 ], "rotation": 180, "texture": "#texture" },
        "north": { "uv": [ 8.5, 8.5, 7.5, 7.5 ], "rotation": 180, "texture": "#texture" },
        "south": { "uv": [ 7.5, 7.5, 8.5, 8.5 ], "texture": "#texture" },
        "west":  { "uv": [ 7.5, 0, 8.5, 1.5 ], "rotation": 90, "texture": "#texture" },
        "east":  { "uv": [ 7.5, 0, 8.5, 1.5 ], "texture": "#texture" }
    }
},
{
    "__comment": "Bullet",
    "from": [ 5.21392, 10.5382, 9.48718 ],
    "to": [ 5.45886, 10.6632, 9.73214 ],
    "faces": {
        "down":  { "uv": [ 7.5, 1.5, 8.5, 2.5 ], "texture": "#texture" },
        "up":    { "uv": [ 7.5, 1.5, 8.5, 2.5 ], "rotation": 180, "texture": "#texture" },
        "north": { "uv": [ 8.5, 9, 7.5, 8.5 ], "rotation": 180, "texture": "#texture" },
        "south": { "uv": [ 7.5, 8.5, 8.5, 9 ], "texture": "#texture" },
        "west":  { "uv": [ 8.5, 1.5, 9, 2.5 ], "rotation": 90, "texture": "#texture" },
        "east":  { "uv": [ 7, 1.5, 7.5, 2.5 ], "texture": "#texture" }
    }
},
{
    "__comment": "Bullet",
    "from": [ 5.21392, 10.4156, 8.62988 ],
    "to": [ 5.45886, 10.5406, 8.75488 ],
    "faces": {
        "down":  { "uv": [ 7.5, 5.5, 8.5, 6 ], "texture": "#texture" },
        "up":    { "uv": [ 7.5, 5.5, 8.5, 6 ], "rotation": 180, "texture": "#texture" },
        "north": { "uv": [ 8.5, 9.5, 7.5, 9 ], "rotation": 180, "texture": "#texture" },
        "south": { "uv": [ 7.5, 9, 8.5, 9.5 ], "texture": "#texture" },
        "west":  { "uv": [ 9, 5.5, 9.5, 6 ], "rotation": 90, "texture": "#texture" },
        "east":  { "uv": [ 6.5, 5.5, 7, 6 ], "texture": "#texture" }
    }
},
{
    "__comment": "Bullet Casing",
    "from": [ 1.5625, 9.0406, 7.9375 ],
    "to": [ 2.29734, 9.5406, 8.4375 ],
    "faces": {
        "down":  { "uv": [ 14.4375, 8.4375, 13.7027, 7.9375 ], "texture": "#bedrock" },
        "up":    { "uv": [ 1.5625, 7.9375, 2.29734, 8.4375 ], "texture": "#bedrock" },
        "north": { "uv": [ 13.7027, 6.4594, 14.4375, 6.9594 ], "texture": "#bedrock" },
        "south": { "uv": [ 1.5625, 6.4594, 2.29734, 6.9594 ], "texture": "#bedrock" },
        "west":  { "uv": [ 7.9375, 6.4594, 8.4375, 6.9594 ], "texture": "#bedrock" },
        "east":  { "uv": [ 7.5625, 6.4594, 8.0625, 6.9594 ], "texture": "#bedrock" }
    }
},
{
    "__comment": "Bullet Casing",
    "from": [ 1.69144, 9.538, 7.98046 ],
    "to": [ 2.29044, 9.663, 8.48046 ],
    "faces": {
        "down":  { "uv": [ 14.3086, 8.48046, 13.7096, 7.98046 ], "texture": "#bedrock" },
        "up":    { "uv": [ 1.69144, 7.98046, 2.29044, 8.48046 ], "texture": "#bedrock" },
        "north": { "uv": [ 13.7096, 6.337, 14.3086, 6.462 ], "texture": "#bedrock" },
        "south": { "uv": [ 1.69144, 6.337, 2.29044, 6.462 ], "texture": "#bedrock" },
        "west":  { "uv": [ 7.98046, 6.337, 8.48046, 6.462 ], "texture": "#bedrock" },
        "east":  { "uv": [ 7.51954, 6.337, 8.01954, 6.462 ], "texture": "#bedrock" }
    }
},
{
    "__comment": "Bullet Casing",
    "from": [ 1.66144, 8.9006, 7.98046 ],
    "to": [ 2.41144, 9.0506, 8.48046 ],
    "faces": {
        "down":  { "uv": [ 14.3386, 8.48046, 13.5886, 7.98046 ], "texture": "#bedrock" },
        "up":    { "uv": [ 1.66144, 7.98046, 2.41144, 8.48046 ], "texture": "#bedrock" },
        "north": { "uv": [ 13.5886, 6.9494, 14.3386, 7.0994 ], "texture": "#bedrock" },
        "south": { "uv": [ 1.66144, 6.9494, 2.41144, 7.0994 ], "texture": "#bedrock" },
        "west":  { "uv": [ 7.98046, 6.9494, 8.48046, 7.0994 ], "texture": "#bedrock" },
        "east":  { "uv": [ 7.51954, 6.9494, 8.01954, 7.0994 ], "texture": "#bedrock" }
    }
},
{
    "__comment": "Bullet Casing",
    "from": [ 1.76898, 9.7406, 7.98046 ],
    "to": [ 2.50382, 10.2406, 8.48046 ],
    "faces": {
        "down":  { "uv": [ 14.231, 8.48046, 13.4962, 7.98046 ], "texture": "#bedrock" },
        "up":    { "uv": [ 1.76898, 7.98046, 2.50382, 8.48046 ], "texture": "#bedrock" },
        "north": { "uv": [ 13.4962, 5.7594, 14.231, 6.2594 ], "texture": "#bedrock" },
        "south": { "uv": [ 1.76898, 5.7594, 2.50382, 6.2594 ], "texture": "#bedrock" },
        "west":  { "uv": [ 7.98046, 5.7594, 8.48046, 6.2594 ], "texture": "#bedrock" },
        "east":  { "uv": [ 7.51954, 5.7594, 8.01954, 6.2594 ], "texture": "#bedrock" }
    }
},
{
    "__comment": "Bullet Casing",
    "from": [ 1.89146, 10.238, 7.98046 ],
    "to": [ 2.49046, 10.363, 8.48046 ],
    "faces": {
        "down":  { "uv": [ 14.1085, 8.48046, 13.5095, 7.98046 ], "texture": "#bedrock" },
        "up":    { "uv": [ 1.89146, 7.98046, 2.49046, 8.48046 ], "texture": "#bedrock" },
        "north": { "uv": [ 13.5095, 5.637, 14.1085, 5.762 ], "texture": "#bedrock" },
        "south": { "uv": [ 1.89146, 5.637, 2.49046, 5.762 ], "texture": "#bedrock" },
        "west":  { "uv": [ 7.98046, 5.637, 8.48046, 5.762 ], "texture": "#bedrock" },
        "east":  { "uv": [ 7.51954, 5.637, 8.01954, 5.762 ], "texture": "#bedrock" }
    }
},
{
    "__comment": "Bullet Casing",
    "from": [ 1.89146, 9.6156, 7.98046 ],
    "to": [ 2.38134, 9.7406, 8.48046 ],
    "faces": {
        "down":  { "uv": [ 14.1085, 8.48046, 13.6187, 7.98046 ], "texture": "#bedrock" },
        "up":    { "uv": [ 1.89146, 7.98046, 2.38134, 8.48046 ], "texture": "#bedrock" },
        "north": { "uv": [ 13.6187, 6.2594, 14.1085, 6.3844 ], "texture": "#bedrock" },
        "south": { "uv": [ 1.89146, 6.2594, 2.38134, 6.3844 ], "texture": "#bedrock" },
        "west":  { "uv": [ 7.98046, 6.2594, 8.48046, 6.3844 ], "texture": "#bedrock" },
        "east":  { "uv": [ 7.51954, 6.2594, 8.01954, 6.3844 ], "texture": "#bedrock" }
    }
},
{
    "__comment": "Bullet Casing",
    "from": [ 1.76898, 10.4404, 7.98046 ],
    "to": [ 2.50382, 10.9404, 8.48046 ],
    "faces": {
        "down":  { "uv": [ 14.231, 8.48046, 13.4962, 7.98046 ], "texture": "#bedrock" },
        "up":    { "uv": [ 1.76898, 7.98046, 2.50382, 8.48046 ], "texture": "#bedrock" },
        "north": { "uv": [ 13.4962, 5.0596, 14.231, 5.5596 ], "texture": "#bedrock" },
        "south": { "uv": [ 1.76898, 5.0596, 2.50382, 5.5596 ], "texture": "#bedrock" },
        "west":  { "uv": [ 7.98046, 5.0596, 8.48046, 5.5596 ], "texture": "#bedrock" },
        "east":  { "uv": [ 7.51954, 5.0596, 8.01954, 5.5596 ], "texture": "#bedrock" }
    }
},
{
    "__comment": "Bullet Casing",
    "from": [ 1.89146, 10.938, 7.98046 ],
    "to": [ 2.49046, 11.063, 8.48046 ],
    "faces": {
        "down":  { "uv": [ 14.1085, 8.48046, 13.5095, 7.98046 ], "texture": "#bedrock" },
        "up":    { "uv": [ 1.89146, 7.98046, 2.49046, 8.48046 ], "texture": "#bedrock" },
        "north": { "uv": [ 13.5095, 4.937, 14.1085, 5.062 ], "texture": "#bedrock" },
        "south": { "uv": [ 1.89146, 4.937, 2.49046, 5.062 ], "texture": "#bedrock" },
        "west":  { "uv": [ 7.98046, 4.937, 8.48046, 5.062 ], "texture": "#bedrock" },
        "east":  { "uv": [ 7.51954, 4.937, 8.01954, 5.062 ], "texture": "#bedrock" }
    }
},
{
    "__comment": "Bullet Casing",
    "from": [ 1.89146, 10.3156, 7.98046 ],
    "to": [ 2.38134, 10.4406, 8.48046 ],
    "faces": {
        "down":  { "uv": [ 14.1085, 8.48046, 13.6187, 7.98046 ], "texture": "#bedrock" },
        "up":    { "uv": [ 1.89146, 7.98046, 2.38134, 8.48046 ], "texture": "#bedrock" },
        "north": { "uv": [ 13.6187, 5.5594, 14.1085, 5.6844 ], "texture": "#bedrock" },
        "south": { "uv": [ 1.89146, 5.5594, 2.38134, 5.6844 ], "texture": "#bedrock" },
        "west":  { "uv": [ 7.98046, 5.5594, 8.48046, 5.6844 ], "texture": "#bedrock" },
        "east":  { "uv": [ 7.51954, 5.5594, 8.01954, 5.6844 ], "texture": "#bedrock" }
    }
},
{
    "__comment": "Bullet Casing",
    "from": [ 2.06898, 11.1406, 7.98046 ],
    "to": [ 2.80382, 11.6406, 8.48046 ],
    "faces": {
        "down":  { "uv": [ 13.931, 8.48046, 13.1962, 7.98046 ], "texture": "#bedrock" },
        "up":    { "uv": [ 2.06898, 7.98046, 2.80382, 8.48046 ], "texture": "#bedrock" },
        "north": { "uv": [ 13.1962, 4.3594, 13.931, 4.8594 ], "texture": "#bedrock" },
        "south": { "uv": [ 2.06898, 4.3594, 2.80382, 4.8594 ], "texture": "#bedrock" },
        "west":  { "uv": [ 7.98046, 4.3594, 8.48046, 4.8594 ], "texture": "#bedrock" },
        "east":  { "uv": [ 7.51954, 4.3594, 8.01954, 4.8594 ], "texture": "#bedrock" }
    }
},
{
    "__comment": "Bullet Casing",
    "from": [ 2.1875, 11.638, 7.9375 ],
    "to": [ 2.7865, 11.763, 8.4375 ],
    "faces": {
        "down":  { "uv": [ 13.8125, 8.4375, 13.2135, 7.9375 ], "texture": "#bedrock" },
        "up":    { "uv": [ 2.1875, 7.9375, 2.7865, 8.4375 ], "texture": "#bedrock" },
        "north": { "uv": [ 13.2135, 4.237, 13.8125, 4.362 ], "texture": "#bedrock" },
        "south": { "uv": [ 2.1875, 4.237, 2.7865, 4.362 ], "texture": "#bedrock" },
        "west":  { "uv": [ 7.9375, 4.237, 8.4375, 4.362 ], "texture": "#bedrock" },
        "east":  { "uv": [ 7.5625, 4.237, 8.0625, 4.362 ], "texture": "#bedrock" }
    }
},
{
    "__comment": "Bullet Casing",
    "from": [ 2.19144, 11.0156, 7.98046 ],
    "to": [ 2.68134, 11.1406, 8.48046 ],
    "faces": {
        "down":  { "uv": [ 13.8086, 8.48046, 13.3187, 7.98046 ], "texture": "#bedrock" },
        "up":    { "uv": [ 2.19144, 7.98046, 2.68134, 8.48046 ], "texture": "#bedrock" },
        "north": { "uv": [ 13.3187, 4.8594, 13.8086, 4.9844 ], "texture": "#bedrock" },
        "south": { "uv": [ 2.19144, 4.8594, 2.68134, 4.9844 ], "texture": "#bedrock" },
        "west":  { "uv": [ 7.98046, 4.8594, 8.48046, 4.9844 ], "texture": "#bedrock" },
        "east":  { "uv": [ 7.51954, 4.8594, 8.01954, 4.9844 ], "texture": "#bedrock" }
    }
},
{
    "__comment": "Bullet Casing",
    "from": [ 2.76898, 11.6406, 7.98046 ],
    "to": [ 3.50382, 12.1306, 8.48046 ],
    "faces": {
        "down":  { "uv": [ 13.231, 8.48046, 12.4962, 7.98046 ], "texture": "#bedrock" },
        "up":    { "uv": [ 2.76898, 7.98046, 3.50382, 8.48046 ], "texture": "#bedrock" },
        "north": { "uv": [ 12.4962, 3.8694, 13.231, 4.3594 ], "texture": "#bedrock" },
        "south": { "uv": [ 2.76898, 3.8694, 3.50382, 4.3594 ], "texture": "#bedrock" },
        "west":  { "uv": [ 7.98046, 3.8694, 8.48046, 4.3594 ], "texture": "#bedrock" },
        "east":  { "uv": [ 7.51954, 3.8694, 8.01954, 4.3594 ], "texture": "#bedrock" }
    }
},
{
    "__comment": "Bullet Casing",
    "from": [ 2.89146, 12.128, 7.98046 ],
    "to": [ 3.49146, 12.253, 8.48046 ],
    "faces": {
        "down":  { "uv": [ 13.1085, 8.48046, 12.5085, 7.98046 ], "texture": "#bedrock" },
        "up":    { "uv": [ 2.89146, 7.98046, 3.49146, 8.48046 ], "texture": "#bedrock" },
        "north": { "uv": [ 12.5085, 3.747, 13.1085, 3.872 ], "texture": "#bedrock" },
        "south": { "uv": [ 2.89146, 3.747, 3.49146, 3.872 ], "texture": "#bedrock" },
        "west":  { "uv": [ 7.98046, 3.747, 8.48046, 3.872 ], "texture": "#bedrock" },
        "east":  { "uv": [ 7.51954, 3.747, 8.01954, 3.872 ], "texture": "#bedrock" }
    }
},
{
    "__comment": "Bullet Casing",
    "from": [ 2.89146, 11.5156, 7.98046 ],
    "to": [ 3.38134, 11.6406, 8.48046 ],
    "faces": {
        "down":  { "uv": [ 13.1085, 8.48046, 12.6187, 7.98046 ], "texture": "#bedrock" },
        "up":    { "uv": [ 2.89146, 7.98046, 3.38134, 8.48046 ], "texture": "#bedrock" },
        "north": { "uv": [ 12.6187, 4.3594, 13.1085, 4.4844 ], "texture": "#bedrock" },
        "south": { "uv": [ 2.89146, 4.3594, 3.38134, 4.4844 ], "texture": "#bedrock" },
        "west":  { "uv": [ 7.98046, 4.3594, 8.48046, 4.4844 ], "texture": "#bedrock" },
        "east":  { "uv": [ 7.51954, 4.3594, 8.01954, 4.4844 ], "texture": "#bedrock" }
    }
},
{
    "__comment": "Bullet Casing",
    "from": [ 3.30898, 11.6606, 7.98046 ],
    "to": [ 4.30898, 12.1606, 8.48046 ],
    "faces": {
        "down":  { "uv": [ 12.691, 8.48046, 11.691, 7.98046 ], "texture": "#bedrock" },
        "up":    { "uv": [ 3.30898, 7.98046, 4.30898, 8.48046 ], "texture": "#bedrock" },
        "north": { "uv": [ 11.691, 3.8394, 12.691, 4.3394 ], "texture": "#bedrock" },
        "south": { "uv": [ 3.30898, 3.8394, 4.30898, 4.3394 ], "texture": "#bedrock" },
        "west":  { "uv": [ 7.98046, 3.8394, 8.48046, 4.3394 ], "texture": "#bedrock" },
        "east":  { "uv": [ 7.51954, 3.8394, 8.01954, 4.3394 ], "texture": "#bedrock" }
    }
},
{
    "__comment": "Bullet Casing",
    "from": [ 3.69144, 12.128, 7.98046 ],
    "to": [ 4.18134, 12.253, 8.48046 ],
    "faces": {
        "down":  { "uv": [ 12.3086, 8.48046, 11.8187, 7.98046 ], "texture": "#bedrock" },
        "up":    { "uv": [ 3.69144, 7.98046, 4.18134, 8.48046 ], "texture": "#bedrock" },
        "north": { "uv": [ 11.8187, 3.747, 12.3086, 3.872 ], "texture": "#bedrock" },
        "south": { "uv": [ 3.69144, 3.747, 4.18134, 3.872 ], "texture": "#bedrock" },
        "west":  { "uv": [ 7.98046, 3.747, 8.48046, 3.872 ], "texture": "#bedrock" },
        "east":  { "uv": [ 7.51954, 3.747, 8.01954, 3.872 ], "texture": "#bedrock" }
    }
},
{
    "__comment": "Bullet Casing",
    "from": [ 3.69144, 11.5156, 7.98046 ],
    "to": [ 4.18134, 11.6406, 8.48046 ],
    "faces": {
        "down":  { "uv": [ 12.3086, 8.48046, 11.8187, 7.98046 ], "texture": "#bedrock" },
        "up":    { "uv": [ 3.69144, 7.98046, 4.18134, 8.48046 ], "texture": "#bedrock" },
        "north": { "uv": [ 11.8187, 4.3594, 12.3086, 4.4844 ], "texture": "#bedrock" },
        "south": { "uv": [ 3.69144, 4.3594, 4.18134, 4.4844 ], "texture": "#bedrock" },
        "west":  { "uv": [ 7.98046, 4.3594, 8.48046, 4.4844 ], "texture": "#bedrock" },
        "east":  { "uv": [ 7.51954, 4.3594, 8.01954, 4.4844 ], "texture": "#bedrock" }
    }
},
{
    "__comment": "Bullet Casing",
    "from": [ 4.16898, 11.2406, 7.98046 ],
    "to": [ 4.90382, 11.7306, 8.48046 ],
    "faces": {
        "down":  { "uv": [ 11.831, 8.48046, 11.0962, 7.98046 ], "texture": "#bedrock" },
        "up":    { "uv": [ 4.16898, 7.98046, 4.90382, 8.48046 ], "texture": "#bedrock" },
        "north": { "uv": [ 11.0962, 4.2694, 11.831, 4.7594 ], "texture": "#bedrock" },
        "south": { "uv": [ 4.16898, 4.2694, 4.90382, 4.7594 ], "texture": "#bedrock" },
        "west":  { "uv": [ 7.98046, 4.2694, 8.48046, 4.7594 ], "texture": "#bedrock" },
        "east":  { "uv": [ 7.51954, 4.2694, 8.01954, 4.7594 ], "texture": "#bedrock" }
    }
},
{
    "__comment": "Bullet Casing",
    "from": [ 4.29144, 11.728, 7.98046 ],
    "to": [ 4.78134, 11.853, 8.48046 ],
    "faces": {
        "down":  { "uv": [ 11.7086, 8.48046, 11.2187, 7.98046 ], "texture": "#bedrock" },
        "up":    { "uv": [ 4.29144, 7.98046, 4.78134, 8.48046 ], "texture": "#bedrock" },
        "north": { "uv": [ 11.2187, 4.147, 11.7086, 4.272 ], "texture": "#bedrock" },
        "south": { "uv": [ 4.29144, 4.147, 4.78134, 4.272 ], "texture": "#bedrock" },
        "west":  { "uv": [ 7.98046, 4.147, 8.48046, 4.272 ], "texture": "#bedrock" },
        "east":  { "uv": [ 7.51954, 4.147, 8.01954, 4.272 ], "texture": "#bedrock" }
    }
},
{
    "__comment": "Bullet Casing",
    "from": [ 4.29144, 11.1156, 7.98046 ],
    "to": [ 4.78134, 11.2406, 8.48046 ],
    "faces": {
        "down":  { "uv": [ 11.7086, 8.48046, 11.2187, 7.98046 ], "texture": "#bedrock" },
        "up":    { "uv": [ 4.29144, 7.98046, 4.78134, 8.48046 ], "texture": "#bedrock" },
        "north": { "uv": [ 11.2187, 4.7594, 11.7086, 4.8844 ], "texture": "#bedrock" },
        "south": { "uv": [ 4.29144, 4.7594, 4.78134, 4.8844 ], "texture": "#bedrock" },
        "west":  { "uv": [ 7.98046, 4.7594, 8.48046, 4.8844 ], "texture": "#bedrock" },
        "east":  { "uv": [ 7.51954, 4.7594, 8.01954, 4.8844 ], "texture": "#bedrock" }
    }
}
],
"display": {
    "thirdperson_righthand": {
        "rotation": [ 0, -90, -90 ],
        "translation": [ 0, 0.19, -3.5 ],
        "scale": [ 0.85, 0.85, 0.85 ]
    },
    "thirdperson_lefthand": {
        "rotation": [ 0, 90, 90 ],
        "translation": [ 0, 0.19, -3.5 ],
        "scale": [ 0.85, 0.85, 0.85 ]
    },
    "ground": {
        "rotation": [ 0, 0, 0 ],
        "translation": [ 0, -0.5, 0 ],
        "scale": [ 0.7, 0.7, 0.7 ]
    },
    "fixed": {
        "rotation": [ 0, 180, 0 ],
        "translation": [ 0, 0, 0 ],
        "scale": [ 1.2, 1.2, 1.2 ]
    },
    "firstperson_righthand": {
        "rotation": [ -10, -111, -31 ],
        "translation": [ 1.32, -0.94, 0.57 ],
        "scale": [ 0.85, 0.85, 0.85 ]
    },
    "firstperson_lefthand": {
        "rotation": [ -10, 69, 31 ],
        "translation": [ 1.32, -0.94, 0.57 ],
        "scale": [ 0.85, 0.85, 0.85 ]
    },
    "gui": {
        "rotation": [ 30, 45, 0 ],
        "translation": [ -0.38, -1.32, 0 ],
        "scale": [ 1.25, 1.25, 1.25 ]
    }
}
}