{
	"__comment": "Разработано специально для Hard-Days.SU  ::  If you steal our models - you PIDOR!",
    "parent": "item/handheld",
    "textures": {
        "layer0": "items/diamond_pickaxe"
    },
	"overrides": [
		{"predicate": {"damage": 0.000},"model": "guns/r700_noscope_normal_zoomed"},
		{"predicate": {"damage": 0.00064},"model": "guns/r700_noscope_normal"},
		{"predicate": {"damage": 0.00192},"model": "guns/r700_scope_normal_zoomed"},
		{"predicate": {"damage": 0.00256},"model": "guns/r700_scope_normal"},
		{"predicate": {"damage": 0.00384},"model": "guns/r700_noscope_normal_zoomed"},
		{"predicate": {"damage": 0.00448},"model": "guns/r700_noscope_normal"},
		{"predicate": {"damage": 0.00576},"model": "guns/r700_scope_normal_zoomed"},
		{"predicate": {"damage": 0.0064},"model": "guns/r700_scope_normal"},
		{"predicate": {"damage": 0.00768},"model": "guns/r700_noscope_normal_zoomed"},
		{"predicate": {"damage": 0.00832},"model": "guns/r700_noscope_normal"},
		{"predicate": {"damage": 0.0096},"model": "guns/r700_scope_normal_zoomed"},
		{"predicate": {"damage": 0.01024},"model": "guns/r700_scope_normal"},
		{"predicate": {"damage": 0.01152},"model": "guns/r700_noscope_normal_zoomed"},
		{"predicate": {"damage": 0.01216},"model": "guns/r700_noscope_normal"},
		{"predicate": {"damage": 0.01344},"model": "guns/r700_scope_normal_zoomed"},
		{"predicate": {"damage": 0.01408},"model": "guns/r700_scope_normal"},
		{"predicate": {"damage": 0.01536},"model": "guns/r700_noscope_normal_zoomed"},
		{"predicate": {"damage": 0.016},"model": "guns/r700_noscope_normal"},
		{"predicate": {"damage": 0.01728},"model": "guns/r700_scope_normal_zoomed"},
		{"predicate": {"damage": 0.01792},"model": "guns/r700_scope_normal"},
		{"predicate": {"damage": 0.0192},"model": "guns/r700_noscope_normal_zoomed"},
		{"predicate": {"damage": 0.01984},"model": "guns/r700_noscope_normal"},
		{"predicate": {"damage": 0.02112},"model": "guns/r700_scope_normal_zoomed"},
		{"predicate": {"damage": 0.02176},"model": "guns/r700_scope_normal"},
		{"predicate": {"damage": 0.02304},"model": "guns/r700_noscope_normal_zoomed"},
		{"predicate": {"damage": 0.02368},"model": "guns/r700_noscope_normal"},
		{"predicate": {"damage": 0.02496},"model": "guns/r700_scope_normal_zoomed"},
		{"predicate": {"damage": 0.0256},"model": "guns/r700_scope_normal"},
		{"predicate": {"damage": 0.02688},"model": "guns/winchester_noscope_normal_zoomed"},
		{"predicate": {"damage": 0.02752},"model": "guns/winchester_noscope_normal"},
		{"predicate": {"damage": 0.0288},"model": "guns/winchester_scope_normal_zoomed"},
		{"predicate": {"damage": 0.02944},"model": "guns/winchester_scope_normal"},
		{"predicate": {"damage": 0.03072},"model": "guns/winchester_noscope_normal_zoomed"},
		{"predicate": {"damage": 0.03136},"model": "guns/winchester_noscope_normal"},
		{"predicate": {"damage": 0.03264},"model": "guns/winchester_scope_normal_zoomed"},
		{"predicate": {"damage": 0.03328},"model": "guns/winchester_scope_normal"},
		{"predicate": {"damage": 0.03456},"model": "guns/winchester_noscope_normal_zoomed"},
		{"predicate": {"damage": 0.0352},"model": "guns/winchester_noscope_normal"},
		{"predicate": {"damage": 0.03648},"model": "guns/winchester_scope_normal_zoomed"},
		{"predicate": {"damage": 0.03712},"model": "guns/winchester_scope_normal"},
		{"predicate": {"damage": 0.0384},"model": "guns/winchester_noscope_normal_zoomed"},
		{"predicate": {"damage": 0.03904},"model": "guns/winchester_noscope_normal"},
		{"predicate": {"damage": 0.04032},"model": "guns/winchester_scope_normal_zoomed"},
		{"predicate": {"damage": 0.04096},"model": "guns/winchester_scope_normal"},
		{"predicate": {"damage": 0.04224},"model": "guns/winchester_noscope_normal_zoomed"},
		{"predicate": {"damage": 0.04288},"model": "guns/winchester_noscope_normal"},
		{"predicate": {"damage": 0.04416},"model": "guns/winchester_scope_normal_zoomed"},
		{"predicate": {"damage": 0.0448},"model": "guns/winchester_scope_normal"},
		{"predicate": {"damage": 0.04608},"model": "guns/winchester_noscope_normal_zoomed"},
		{"predicate": {"damage": 0.04672},"model": "guns/winchester_noscope_normal"},
		{"predicate": {"damage": 0.048},"model": "guns/winchester_scope_normal_zoomed"},
		{"predicate": {"damage": 0.04864},"model": "guns/winchester_scope_normal"},
		{"predicate": {"damage": 0.04992},"model": "guns/winchester_noscope_normal_zoomed"},
		{"predicate": {"damage": 0.05056},"model": "guns/winchester_noscope_normal"},
		{"predicate": {"damage": 0.05184},"model": "guns/winchester_scope_normal_zoomed"},
		{"predicate": {"damage": 0.05248},"model": "guns/winchester_scope_normal"},
		{"predicate": {"damage": 0.05376},"model": "guns/m14_noscope_normal_zoomed"},
		{"predicate": {"damage": 0.0544},"model": "guns/m14_noscope_normal"},
		{"predicate": {"damage": 0.05568},"model": "guns/m14_scope_normal_zoomed"},
		{"predicate": {"damage": 0.05632},"model": "guns/m14_scope_normal"},
		{"predicate": {"damage": 0.0576},"model": "guns/m14_noscope_normal_zoomed"},
		{"predicate": {"damage": 0.05824},"model": "guns/m14_noscope_normal"},
		{"predicate": {"damage": 0.05952},"model": "guns/m14_scope_normal_zoomed"},
		{"predicate": {"damage": 0.06016},"model": "guns/m14_scope_normal"},
		{"predicate": {"damage": 0.06144},"model": "guns/m14_noscope_normal_zoomed"},
		{"predicate": {"damage": 0.06208},"model": "guns/m14_noscope_normal"},
		{"predicate": {"damage": 0.06336},"model": "guns/m14_scope_normal_zoomed"},
		{"predicate": {"damage": 0.064},"model": "guns/m14_scope_normal"},
		{"predicate": {"damage": 0.06528},"model": "guns/m14_noscope_normal_zoomed"},
		{"predicate": {"damage": 0.06592},"model": "guns/m14_noscope_normal"},
		{"predicate": {"damage": 0.0672},"model": "guns/m14_scope_normal_zoomed"},
		{"predicate": {"damage": 0.06784},"model": "guns/m14_scope_normal"},
		{"predicate": {"damage": 0.06912},"model": "guns/m14_noscope_normal_zoomed"},
		{"predicate": {"damage": 0.06976},"model": "guns/m14_noscope_normal"},
		{"predicate": {"damage": 0.07104},"model": "guns/m14_scope_normal_zoomed"},
		{"predicate": {"damage": 0.07168},"model": "guns/m14_scope_normal"},
		{"predicate": {"damage": 0.07296},"model": "guns/m14_noscope_normal_zoomed"},
		{"predicate": {"damage": 0.0736},"model": "guns/m14_noscope_normal"},
		{"predicate": {"damage": 0.07488},"model": "guns/m14_scope_normal_zoomed"},
		{"predicate": {"damage": 0.07552},"model": "guns/m14_scope_normal"},
		{"predicate": {"damage": 0.0768},"model": "guns/m14_noscope_normal_zoomed"},
		{"predicate": {"damage": 0.07744},"model": "guns/m14_noscope_normal"},
		{"predicate": {"damage": 0.07872},"model": "guns/m14_scope_normal_zoomed"},
		{"predicate": {"damage": 0.07936},"model": "guns/m14_scope_normal"},
		{"predicate": {"damage": 0.08064},"model": "guns/barett_scope_normal_zoomed"},
		{"predicate": {"damage": 0.08128},"model": "guns/barett_scope_normal"},
		{"predicate": {"damage": 0.08256},"model": "guns/barett_scope_normal_zoomed"},
		{"predicate": {"damage": 0.0832},"model": "guns/barett_scope_normal"},
		{"predicate": {"damage": 0.08448},"model": "guns/barett_scope_normal_zoomed"},
		{"predicate": {"damage": 0.08512},"model": "guns/barett_scope_normal"},
		{"predicate": {"damage": 0.0864},"model": "guns/barett_scope_normal_zoomed"},
		{"predicate": {"damage": 0.08704},"model": "guns/barett_scope_normal"},
		{"predicate": {"damage": 0.08832},"model": "guns/barett_scope_normal_zoomed"},
		{"predicate": {"damage": 0.08896},"model": "guns/barett_scope_normal"},
		{"predicate": {"damage": 0.09024},"model": "guns/barett_scope_normal_zoomed"},
		{"predicate": {"damage": 0.09088},"model": "guns/barett_scope_normal"},
		{"predicate": {"damage": 0.09216},"model": "guns/barett_scope_normal_zoomed"},
		{"predicate": {"damage": 0.0928},"model": "guns/barett_scope_normal"}
    ]
}