{
	"__comment": "Разработано специально для Hard-Days.SU  ::  If you steal our models - you PIDOR!",
"textures": {
    "particle": "blocks/wool_colored_red",
    "bed_feet_top": "blocks/wool_colored_red",
    "wool_colored_silver": "blocks/wool_colored_silver"
},
"elements": [ 
{
    "__comment": "Fuel Can",
    "from": [ 5.25, 0, 2 ],
    "to": [ 10.75, 13, 14 ],
    "faces": {
        "down":  { "uv": [ 14, 10.75, 2, 5.25 ], "rotation": 270, "texture": "#bed_feet_top" },
        "up":    { "uv": [ 2, 5.25, 14, 10.75 ], "rotation": 90, "texture": "#bed_feet_top" },
        "north": { "uv": [ 5.25, 3, 10.75, 16 ], "texture": "#bed_feet_top" },
        "south": { "uv": [ 5.25, 3, 10.75, 16 ], "texture": "#bed_feet_top" },
        "west":  { "uv": [ 2, 3, 14, 16 ], "texture": "#bed_feet_top" },
        "east":  { "uv": [ 2, 3, 14, 16 ], "texture": "#bed_feet_top" }
    }
},
{
    "__comment": "Fuel Can",
    "from": [ 7.1, 12.75, 2.5 ],
    "to": [ 8.9, 13.25, 5.5 ],
    "rotation": { "origin": [ 7.1, 13.25, 2.5 ], "axis": "x", "angle": -22.5 },
    "faces": {
        "down":  { "uv": [ 7.0625, 2.5, 8.8125, 5.5 ], "texture": "#wool_colored_silver" },
        "up":    { "uv": [ 7.0625, 2.5, 8.8125, 5.5 ], "texture": "#wool_colored_silver" },
        "north": { "uv": [ 7.0625, 2.75, 8.8125, 3.25 ], "texture": "#wool_colored_silver" },
        "south": { "uv": [ 7.0625, 2.75, 8.8125, 3.25 ], "texture": "#wool_colored_silver" },
        "west":  { "uv": [ 2.5, 2.75, 5.5, 3.25 ], "texture": "#wool_colored_silver" },
        "east":  { "uv": [ 2.5, 2.75, 5.5, 3.25 ], "texture": "#wool_colored_silver" }
    }
},
{
    "__comment": "Fuel Can",
    "from": [ 6.6525, 12.85, 2.75 ],
    "to": [ 7.1525, 13.35, 4.75 ],
    "rotation": { "origin": [ 6.6525, 13.35, 2.75 ], "axis": "x", "angle": -22.5 },
    "faces": {
        "down":  { "uv": [ 6.625, 2.75, 7.125, 4.75 ], "texture": "#wool_colored_silver" },
        "up":    { "uv": [ 6.625, 2.75, 7.125, 4.75 ], "texture": "#wool_colored_silver" },
        "north": { "uv": [ 6.625, 2.625, 7.125, 3.125 ], "texture": "#wool_colored_silver" },
        "south": { "uv": [ 6.625, 2.625, 7.125, 3.125 ], "texture": "#wool_colored_silver" },
        "west":  { "uv": [ 2.75, 2.625, 4.75, 3.125 ], "texture": "#wool_colored_silver" },
        "east":  { "uv": [ 2.75, 2.625, 4.75, 3.125 ], "texture": "#wool_colored_silver" }
    }
},
{
    "__comment": "Fuel Can",
    "from": [ 9.35, 13, 3 ],
    "to": [ 11.1, 13.5, 7.5 ],
    "faces": {
        "down":  { "uv": [ 13, 7, 8.5, 5 ], "rotation": 270, "texture": "#bed_feet_top" },
        "up":    { "uv": [ 3, 5, 7.5, 7 ], "rotation": 90, "texture": "#bed_feet_top" },
        "north": { "uv": [ 5, 2.5, 7, 3 ], "texture": "#bed_feet_top" },
        "south": { "uv": [ 9, 2.5, 11, 3 ], "texture": "#bed_feet_top" },
        "west":  { "uv": [ 3, 2.5, 7.5, 3 ], "texture": "#bed_feet_top" },
        "east":  { "uv": [ 8.5, 2.5, 13, 3 ], "texture": "#bed_feet_top" }
    }
},
{
    "__comment": "Fuel Can",
    "from": [ 5, 13, 3 ],
    "to": [ 6.65, 13.5, 7.5 ],
    "faces": {
        "down":  { "uv": [ 13, 11, 8.5, 9 ], "rotation": 270, "texture": "#bed_feet_top" },
        "up":    { "uv": [ 3, 9, 7.5, 11 ], "rotation": 90, "texture": "#bed_feet_top" },
        "north": { "uv": [ 9, 2.5, 11, 3 ], "texture": "#bed_feet_top" },
        "south": { "uv": [ 5, 2.5, 7, 3 ], "texture": "#bed_feet_top" },
        "west":  { "uv": [ 3, 2.5, 7.5, 3 ], "texture": "#bed_feet_top" },
        "east":  { "uv": [ 8.5, 2.5, 13, 3 ], "texture": "#bed_feet_top" }
    }
},
{
    "__comment": "Fuel Can",
    "from": [ 9.35, 13.5, 3.5 ],
    "to": [ 10.5, 14, 7 ],
    "faces": {
        "down":  { "uv": [ 12.5, 7, 9, 5.5 ], "rotation": 270, "texture": "#bed_feet_top" },
        "up":    { "uv": [ 3.5, 5.5, 7, 7 ], "rotation": 90, "texture": "#bed_feet_top" },
        "north": { "uv": [ 5.5, 2, 7, 2.5 ], "texture": "#bed_feet_top" },
        "south": { "uv": [ 9, 2, 10.5, 2.5 ], "texture": "#bed_feet_top" },
        "west":  { "uv": [ 3.5, 2, 7, 2.5 ], "texture": "#bed_feet_top" },
        "east":  { "uv": [ 9, 2, 12.5, 2.5 ], "texture": "#bed_feet_top" }
    }
},
{
    "__comment": "Fuel Can",
    "from": [ 5.5, 13.5, 3.5 ],
    "to": [ 6.65, 14, 7 ],
    "faces": {
        "down":  { "uv": [ 12.5, 10.5, 9, 9 ], "rotation": 270, "texture": "#bed_feet_top" },
        "up":    { "uv": [ 3.5, 9, 7, 10.5 ], "rotation": 90, "texture": "#bed_feet_top" },
        "north": { "uv": [ 9, 2, 10.5, 2.5 ], "texture": "#bed_feet_top" },
        "south": { "uv": [ 5.5, 2, 7, 2.5 ], "texture": "#bed_feet_top" },
        "west":  { "uv": [ 3.5, 2, 7, 2.5 ], "texture": "#bed_feet_top" },
        "east":  { "uv": [ 9, 2, 12.5, 2.5 ], "texture": "#bed_feet_top" }
    }
},
{
    "__comment": "Fuel Can",
    "from": [ 10.5, 13.5, 4.5 ],
    "to": [ 11, 14, 7 ],
    "faces": {
        "down":  { "uv": [ 11.5, 5.5, 9, 5 ], "rotation": 270, "texture": "#bed_feet_top" },
        "up":    { "uv": [ 4.5, 5, 7, 5.5 ], "rotation": 90, "texture": "#bed_feet_top" },
        "north": { "uv": [ 5, 2, 5.5, 2.5 ], "texture": "#bed_feet_top" },
        "south": { "uv": [ 10.5, 2, 11, 2.5 ], "texture": "#bed_feet_top" },
        "west":  { "uv": [ 4.5, 2, 7, 2.5 ], "texture": "#bed_feet_top" },
        "east":  { "uv": [ 9, 2, 11.5, 2.5 ], "texture": "#bed_feet_top" }
    }
},
{
    "__comment": "Fuel Can",
    "from": [ 5, 13.5, 4.5 ],
    "to": [ 5.5, 14, 7 ],
    "faces": {
        "down":  { "uv": [ 11.5, 11, 9, 10.5 ], "rotation": 270, "texture": "#bed_feet_top" },
        "up":    { "uv": [ 4.5, 10.5, 7, 11 ], "rotation": 90, "texture": "#bed_feet_top" },
        "north": { "uv": [ 10.5, 2, 11, 2.5 ], "texture": "#bed_feet_top" },
        "south": { "uv": [ 5, 2, 5.5, 2.5 ], "texture": "#bed_feet_top" },
        "west":  { "uv": [ 4.5, 2, 7, 2.5 ], "texture": "#bed_feet_top" },
        "east":  { "uv": [ 9, 2, 11.5, 2.5 ], "texture": "#bed_feet_top" }
    }
},
{
    "__comment": "Fuel Can",
    "from": [ 7, 13.5, 5 ],
    "to": [ 9, 14.5, 7 ],
    "faces": {
        "down":  { "uv": [ 11, 9, 9, 7 ], "rotation": 270, "texture": "#bed_feet_top" },
        "up":    { "uv": [ 5, 7, 7, 9 ], "rotation": 90, "texture": "#bed_feet_top" },
        "north": { "uv": [ 7, 1.5, 9, 2.5 ], "texture": "#bed_feet_top" },
        "south": { "uv": [ 7, 1.5, 9, 2.5 ], "texture": "#bed_feet_top" },
        "west":  { "uv": [ 5, 1.5, 7, 2.5 ], "texture": "#bed_feet_top" },
        "east":  { "uv": [ 9, 1.5, 11, 2.5 ], "texture": "#bed_feet_top" }
    }
},
{
    "__comment": "Fuel Can",
    "from": [ 9, 14, 6 ],
    "to": [ 11, 14.5, 7 ],
    "faces": {
        "down":  { "uv": [ 10, 7, 9, 5 ], "rotation": 270, "texture": "#bed_feet_top" },
        "up":    { "uv": [ 6, 5, 7, 7 ], "rotation": 90, "texture": "#bed_feet_top" },
        "north": { "uv": [ 5, 1.5, 7, 2 ], "texture": "#bed_feet_top" },
        "south": { "uv": [ 9, 1.5, 11, 2 ], "texture": "#bed_feet_top" },
        "west":  { "uv": [ 6, 1.5, 7, 2 ], "texture": "#bed_feet_top" },
        "east":  { "uv": [ 9, 1.5, 10, 2 ], "texture": "#bed_feet_top" }
    }
},
{
    "__comment": "Fuel Can",
    "from": [ 5, 14, 6 ],
    "to": [ 7, 14.5, 7 ],
    "faces": {
        "down":  { "uv": [ 10, 11, 9, 9 ], "rotation": 270, "texture": "#bed_feet_top" },
        "up":    { "uv": [ 6, 9, 7, 11 ], "rotation": 90, "texture": "#bed_feet_top" },
        "north": { "uv": [ 9, 1.5, 11, 2 ], "texture": "#bed_feet_top" },
        "south": { "uv": [ 5, 1.5, 7, 2 ], "texture": "#bed_feet_top" },
        "west":  { "uv": [ 6, 1.5, 7, 2 ], "texture": "#bed_feet_top" },
        "east":  { "uv": [ 9, 1.5, 10, 2 ], "texture": "#bed_feet_top" }
    }
},
{
    "__comment": "Fuel Can",
    "from": [ 5, 14.5, 6.5 ],
    "to": [ 11, 15, 7 ],
    "faces": {
        "down":  { "uv": [ 9.5, 11, 9, 5 ], "rotation": 270, "texture": "#bed_feet_top" },
        "up":    { "uv": [ 6.5, 5, 7, 11 ], "rotation": 90, "texture": "#bed_feet_top" },
        "north": { "uv": [ 5, 1, 11, 1.5 ], "texture": "#bed_feet_top" },
        "south": { "uv": [ 5, 1, 11, 1.5 ], "texture": "#bed_feet_top" },
        "west":  { "uv": [ 6.5, 1, 7, 1.5 ], "texture": "#bed_feet_top" },
        "east":  { "uv": [ 9, 1, 9.5, 1.5 ], "texture": "#bed_feet_top" }
    }
},
{
    "__comment": "Fuel Can",
    "from": [ 10, 15, 6.5 ],
    "to": [ 11, 15.5, 13.5 ],
    "faces": {
        "down":  { "uv": [ 9.5, 6, 2.5, 5 ], "rotation": 270, "texture": "#bed_feet_top" },
        "up":    { "uv": [ 6.5, 5, 13.5, 6 ], "rotation": 90, "texture": "#bed_feet_top" },
        "north": { "uv": [ 5, 0.5, 6, 1 ], "texture": "#bed_feet_top" },
        "south": { "uv": [ 10, 0.5, 11, 1 ], "texture": "#bed_feet_top" },
        "west":  { "uv": [ 6.5, 0.5, 13.5, 1 ], "texture": "#bed_feet_top" },
        "east":  { "uv": [ 2.5, 0.5, 9.5, 1 ], "texture": "#bed_feet_top" }
    }
},
{
    "__comment": "Fuel Can",
    "from": [ 7.5, 15, 6.5 ],
    "to": [ 8.5, 15.5, 13.5 ],
    "faces": {
        "down":  { "uv": [ 9.5, 8.5, 2.5, 7.5 ], "rotation": 270, "texture": "#bed_feet_top" },
        "up":    { "uv": [ 6.5, 7.5, 13.5, 8.5 ], "rotation": 90, "texture": "#bed_feet_top" },
        "north": { "uv": [ 7.5, 0.5, 8.5, 1 ], "texture": "#bed_feet_top" },
        "south": { "uv": [ 7.5, 0.5, 8.5, 1 ], "texture": "#bed_feet_top" },
        "west":  { "uv": [ 6.5, 0.5, 13.5, 1 ], "texture": "#bed_feet_top" },
        "east":  { "uv": [ 2.5, 0.5, 9.5, 1 ], "texture": "#bed_feet_top" }
    }
},
{
    "__comment": "Fuel Can",
    "from": [ 5, 15, 6.5 ],
    "to": [ 6, 15.5, 13.5 ],
    "faces": {
        "down":  { "uv": [ 9.5, 11, 2.5, 10 ], "rotation": 270, "texture": "#bed_feet_top" },
        "up":    { "uv": [ 6.5, 10, 13.5, 11 ], "rotation": 90, "texture": "#bed_feet_top" },
        "north": { "uv": [ 10, 0.5, 11, 1 ], "texture": "#bed_feet_top" },
        "south": { "uv": [ 5, 0.5, 6, 1 ], "texture": "#bed_feet_top" },
        "west":  { "uv": [ 6.5, 0.5, 13.5, 1 ], "texture": "#bed_feet_top" },
        "east":  { "uv": [ 2.5, 0.5, 9.5, 1 ], "texture": "#bed_feet_top" }
    }
},
{
    "__comment": "Fuel Can",
    "from": [ 10, 14.5, 7 ],
    "to": [ 11, 15, 14 ],
    "faces": {
        "down":  { "uv": [ 9, 6, 2, 5 ], "rotation": 270, "texture": "#bed_feet_top" },
        "up":    { "uv": [ 7, 5, 14, 6 ], "rotation": 90, "texture": "#bed_feet_top" },
        "north": { "uv": [ 5, 1, 6, 1.5 ], "texture": "#bed_feet_top" },
        "south": { "uv": [ 10, 1, 11, 1.5 ], "texture": "#bed_feet_top" },
        "west":  { "uv": [ 7, 1, 14, 1.5 ], "texture": "#bed_feet_top" },
        "east":  { "uv": [ 2, 1, 9, 1.5 ], "texture": "#bed_feet_top" }
    }
},
{
    "__comment": "Fuel Can",
    "from": [ 7.5, 14.5, 7 ],
    "to": [ 8.5, 15, 13.5 ],
    "faces": {
        "down":  { "uv": [ 9, 8.5, 2.5, 7.5 ], "rotation": 270, "texture": "#bed_feet_top" },
        "up":    { "uv": [ 7, 7.5, 13.5, 8.5 ], "rotation": 90, "texture": "#bed_feet_top" },
        "north": { "uv": [ 7.5, 1, 8.5, 1.5 ], "texture": "#bed_feet_top" },
        "south": { "uv": [ 7.5, 1, 8.5, 1.5 ], "texture": "#bed_feet_top" },
        "west":  { "uv": [ 7, 1, 13.5, 1.5 ], "texture": "#bed_feet_top" },
        "east":  { "uv": [ 2.5, 1, 9, 1.5 ], "texture": "#bed_feet_top" }
    }
},
{
    "__comment": "Fuel Can",
    "from": [ 5, 14.5, 7 ],
    "to": [ 6, 15, 14 ],
    "faces": {
        "down":  { "uv": [ 9, 11, 2, 10 ], "rotation": 270, "texture": "#bed_feet_top" },
        "up":    { "uv": [ 7, 10, 14, 11 ], "rotation": 90, "texture": "#bed_feet_top" },
        "north": { "uv": [ 10, 1, 11, 1.5 ], "texture": "#bed_feet_top" },
        "south": { "uv": [ 5, 1, 6, 1.5 ], "texture": "#bed_feet_top" },
        "west":  { "uv": [ 7, 1, 14, 1.5 ], "texture": "#bed_feet_top" },
        "east":  { "uv": [ 2, 1, 9, 1.5 ], "texture": "#bed_feet_top" }
    }
},
{
    "__comment": "Fuel Can",
    "from": [ 5, 13, 11.5 ],
    "to": [ 11, 13.5, 14 ],
    "faces": {
        "down":  { "uv": [ 4.5, 11, 2, 5 ], "rotation": 270, "texture": "#bed_feet_top" },
        "up":    { "uv": [ 11.5, 5, 14, 11 ], "rotation": 90, "texture": "#bed_feet_top" },
        "north": { "uv": [ 5, 2.5, 11, 3 ], "texture": "#bed_feet_top" },
        "south": { "uv": [ 5, 2.5, 11, 3 ], "texture": "#bed_feet_top" },
        "west":  { "uv": [ 11.5, 2.5, 14, 3 ], "texture": "#bed_feet_top" },
        "east":  { "uv": [ 2, 2.5, 4.5, 3 ], "texture": "#bed_feet_top" }
    }
},
{
    "__comment": "Fuel Can",
    "from": [ 5, 13.5, 12 ],
    "to": [ 11, 14, 14 ],
    "faces": {
        "down":  { "uv": [ 4, 11, 2, 5 ], "rotation": 270, "texture": "#bed_feet_top" },
        "up":    { "uv": [ 12, 5, 14, 11 ], "rotation": 90, "texture": "#bed_feet_top" },
        "north": { "uv": [ 5, 2, 11, 2.5 ], "texture": "#bed_feet_top" },
        "south": { "uv": [ 5, 2, 11, 2.5 ], "texture": "#bed_feet_top" },
        "west":  { "uv": [ 12, 2, 14, 2.5 ], "texture": "#bed_feet_top" },
        "east":  { "uv": [ 2, 2, 4, 2.5 ], "texture": "#bed_feet_top" }
    }
},
{
    "__comment": "Fuel Can",
    "from": [ 5, 14, 12.5 ],
    "to": [ 11, 14.5, 14 ],
    "faces": {
        "down":  { "uv": [ 3.5, 11, 2, 5 ], "rotation": 270, "texture": "#bed_feet_top" },
        "up":    { "uv": [ 12.5, 5, 14, 11 ], "rotation": 90, "texture": "#bed_feet_top" },
        "north": { "uv": [ 5, 1.5, 11, 2 ], "texture": "#bed_feet_top" },
        "south": { "uv": [ 5, 1.5, 11, 2 ], "texture": "#bed_feet_top" },
        "west":  { "uv": [ 12.5, 1.5, 14, 2 ], "texture": "#bed_feet_top" },
        "east":  { "uv": [ 2, 1.5, 3.5, 2 ], "texture": "#bed_feet_top" }
    }
},
{
    "__comment": "Fuel Can",
    "from": [ 8.5, 14.5, 12.5 ],
    "to": [ 10, 15.5, 13.5 ],
    "faces": {
        "down":  { "uv": [ 3.5, 7.5, 2.5, 6 ], "rotation": 270, "texture": "#bed_feet_top" },
        "up":    { "uv": [ 12.5, 6, 13.5, 7.5 ], "rotation": 90, "texture": "#bed_feet_top" },
        "north": { "uv": [ 6, 0.5, 7.5, 1.5 ], "texture": "#bed_feet_top" },
        "south": { "uv": [ 8.5, 0.5, 10, 1.5 ], "texture": "#bed_feet_top" },
        "west":  { "uv": [ 12.5, 0.5, 13.5, 1.5 ], "texture": "#bed_feet_top" },
        "east":  { "uv": [ 2.5, 0.5, 3.5, 1.5 ], "texture": "#bed_feet_top" }
    }
},
{
    "__comment": "Fuel Can",
    "from": [ 6, 14.5, 12.5 ],
    "to": [ 7.5, 15.5, 13.5 ],
    "faces": {
        "down":  { "uv": [ 3.5, 10, 2.5, 8.5 ], "rotation": 270, "texture": "#bed_feet_top" },
        "up":    { "uv": [ 12.5, 8.5, 13.5, 10 ], "rotation": 90, "texture": "#bed_feet_top" },
        "north": { "uv": [ 8.5, 0.5, 10, 1.5 ], "texture": "#bed_feet_top" },
        "south": { "uv": [ 6, 0.5, 7.5, 1.5 ], "texture": "#bed_feet_top" },
        "west":  { "uv": [ 12.5, 0.5, 13.5, 1.5 ], "texture": "#bed_feet_top" },
        "east":  { "uv": [ 2.5, 0.5, 3.5, 1.5 ], "texture": "#bed_feet_top" }
    }
},
{
    "__comment": "Fuel Can",
    "from": [ 10.75, 9.5, 13 ],
    "to": [ 11, 10, 14 ],
    "faces": {
        "down":  { "uv": [ 3, 5.25, 2, 5 ], "rotation": 270, "texture": "#bed_feet_top" },
        "up":    { "uv": [ 13, 5, 14, 5.25 ], "rotation": 90, "texture": "#bed_feet_top" },
        "north": { "uv": [ 5, 6, 5.25, 6.5 ], "texture": "#bed_feet_top" },
        "south": { "uv": [ 10.75, 6, 11, 6.5 ], "texture": "#bed_feet_top" },
        "west":  { "uv": [ 13, 6, 14, 6.5 ], "texture": "#bed_feet_top" },
        "east":  { "uv": [ 2, 6, 3, 6.5 ], "texture": "#bed_feet_top" }
    }
},
{
    "__comment": "Fuel Can",
    "from": [ 10.75, 5, 7 ],
    "to": [ 11, 7.5, 9.5 ],
    "faces": {
        "down":  { "uv": [ 9, 5.25, 6.5, 5 ], "rotation": 270, "texture": "#bed_feet_top" },
        "up":    { "uv": [ 7, 5, 9.5, 5.25 ], "rotation": 90, "texture": "#bed_feet_top" },
        "north": { "uv": [ 5, 8.5, 5.25, 11 ], "texture": "#bed_feet_top" },
        "south": { "uv": [ 10.75, 8.5, 11, 11 ], "texture": "#bed_feet_top" },
        "west":  { "uv": [ 7, 8.5, 9.5, 11 ], "texture": "#bed_feet_top" },
        "east":  { "uv": [ 6.5, 8.5, 9, 11 ], "texture": "#bed_feet_top" }
    }
},
{
    "__comment": "Fuel Can",
    "from": [ 10.75, 0, 6.5 ],
    "to": [ 11, 4, 9.5 ],
    "faces": {
        "down":  { "uv": [ 9.5, 5.25, 6.5, 5 ], "rotation": 270, "texture": "#bed_feet_top" },
        "up":    { "uv": [ 6.5, 5, 9.5, 5.25 ], "rotation": 90, "texture": "#bed_feet_top" },
        "north": { "uv": [ 5, 12, 5.25, 16 ], "texture": "#bed_feet_top" },
        "south": { "uv": [ 10.75, 12, 11, 16 ], "texture": "#bed_feet_top" },
        "west":  { "uv": [ 6.5, 12, 9.5, 16 ], "texture": "#bed_feet_top" },
        "east":  { "uv": [ 6.5, 12, 9.5, 16 ], "texture": "#bed_feet_top" }
    }
},
{
    "__comment": "Fuel Can",
    "from": [ 10.75, 11, 4.5 ],
    "to": [ 11, 13, 5 ],
    "faces": {
        "down":  { "uv": [ 11.5, 5.25, 11, 5 ], "rotation": 270, "texture": "#bed_feet_top" },
        "up":    { "uv": [ 4.5, 5, 5, 5.25 ], "rotation": 90, "texture": "#bed_feet_top" },
        "north": { "uv": [ 5, 3, 5.25, 5 ], "texture": "#bed_feet_top" },
        "south": { "uv": [ 10.75, 3, 11, 5 ], "texture": "#bed_feet_top" },
        "west":  { "uv": [ 4.5, 3, 5, 5 ], "texture": "#bed_feet_top" },
        "east":  { "uv": [ 11, 3, 11.5, 5 ], "texture": "#bed_feet_top" }
    }
},
{
    "__comment": "Fuel Can",
    "from": [ 10.75, 10, 11 ],
    "to": [ 11, 13, 11.5 ],
    "faces": {
        "down":  { "uv": [ 5, 5.25, 4.5, 5 ], "rotation": 270, "texture": "#bed_feet_top" },
        "up":    { "uv": [ 11, 5, 11.5, 5.25 ], "rotation": 90, "texture": "#bed_feet_top" },
        "north": { "uv": [ 5, 3, 5.25, 6 ], "texture": "#bed_feet_top" },
        "south": { "uv": [ 10.75, 3, 11, 6 ], "texture": "#bed_feet_top" },
        "west":  { "uv": [ 11, 3, 11.5, 6 ], "texture": "#bed_feet_top" },
        "east":  { "uv": [ 4.5, 3, 5, 6 ], "texture": "#bed_feet_top" }
    }
},
{
    "__comment": "Fuel Can",
    "from": [ 10.75, 8.5, 7 ],
    "to": [ 11, 13, 10 ],
    "faces": {
        "down":  { "uv": [ 9, 5.25, 6, 5 ], "rotation": 270, "texture": "#bed_feet_top" },
        "up":    { "uv": [ 7, 5, 10, 5.25 ], "rotation": 90, "texture": "#bed_feet_top" },
        "north": { "uv": [ 5, 3, 5.25, 7.5 ], "texture": "#bed_feet_top" },
        "south": { "uv": [ 10.75, 3, 11, 7.5 ], "texture": "#bed_feet_top" },
        "west":  { "uv": [ 7, 3, 10, 7.5 ], "texture": "#bed_feet_top" },
        "east":  { "uv": [ 6, 3, 9, 7.5 ], "texture": "#bed_feet_top" }
    }
},
{
    "__comment": "Fuel Can",
    "from": [ 10.75, 9.5, 10.5 ],
    "to": [ 11, 13, 11 ],
    "faces": {
        "down":  { "uv": [ 5.5, 5.25, 5, 5 ], "rotation": 270, "texture": "#bed_feet_top" },
        "up":    { "uv": [ 10.5, 5, 11, 5.25 ], "rotation": 90, "texture": "#bed_feet_top" },
        "north": { "uv": [ 5, 3, 5.25, 6.5 ], "texture": "#bed_feet_top" },
        "south": { "uv": [ 10.75, 3, 11, 6.5 ], "texture": "#bed_feet_top" },
        "west":  { "uv": [ 10.5, 3, 11, 6.5 ], "texture": "#bed_feet_top" },
        "east":  { "uv": [ 5, 3, 5.5, 6.5 ], "texture": "#bed_feet_top" }
    }
},
{
    "__comment": "Fuel Can",
    "from": [ 10.75, 9, 10 ],
    "to": [ 11, 13, 10.5 ],
    "faces": {
        "down":  { "uv": [ 6, 5.25, 5.5, 5 ], "rotation": 270, "texture": "#bed_feet_top" },
        "up":    { "uv": [ 10, 5, 10.5, 5.25 ], "rotation": 90, "texture": "#bed_feet_top" },
        "north": { "uv": [ 5, 3, 5.25, 7 ], "texture": "#bed_feet_top" },
        "south": { "uv": [ 10.75, 3, 11, 7 ], "texture": "#bed_feet_top" },
        "west":  { "uv": [ 10, 3, 10.5, 7 ], "texture": "#bed_feet_top" },
        "east":  { "uv": [ 5.5, 3, 6, 7 ], "texture": "#bed_feet_top" }
    }
},
{
    "__comment": "Fuel Can",
    "from": [ 10.75, 10.5, 11.5 ],
    "to": [ 11, 13, 12 ],
    "faces": {
        "down":  { "uv": [ 4.5, 5.25, 4, 5 ], "rotation": 270, "texture": "#bed_feet_top" },
        "up":    { "uv": [ 11.5, 5, 12, 5.25 ], "rotation": 90, "texture": "#bed_feet_top" },
        "north": { "uv": [ 5, 3, 5.25, 5.5 ], "texture": "#bed_feet_top" },
        "south": { "uv": [ 10.75, 3, 11, 5.5 ], "texture": "#bed_feet_top" },
        "west":  { "uv": [ 11.5, 3, 12, 5.5 ], "texture": "#bed_feet_top" },
        "east":  { "uv": [ 4, 3, 4.5, 5.5 ], "texture": "#bed_feet_top" }
    }
},
{
    "__comment": "Fuel Can",
    "from": [ 10.75, 11, 12 ],
    "to": [ 11, 13, 14 ],
    "faces": {
        "down":  { "uv": [ 4, 5.25, 2, 5 ], "rotation": 270, "texture": "#bed_feet_top" },
        "up":    { "uv": [ 12, 5, 14, 5.25 ], "rotation": 90, "texture": "#bed_feet_top" },
        "north": { "uv": [ 5, 3, 5.25, 5 ], "texture": "#bed_feet_top" },
        "south": { "uv": [ 10.75, 3, 11, 5 ], "texture": "#bed_feet_top" },
        "west":  { "uv": [ 12, 3, 14, 5 ], "texture": "#bed_feet_top" },
        "east":  { "uv": [ 2, 3, 4, 5 ], "texture": "#bed_feet_top" }
    }
},
{
    "__comment": "Fuel Can",
    "from": [ 10.75, 4.5, 10.5 ],
    "to": [ 11, 7.5, 14 ],
    "faces": {
        "down":  { "uv": [ 5.5, 5.25, 2, 5 ], "rotation": 270, "texture": "#bed_feet_top" },
        "up":    { "uv": [ 10.5, 5, 14, 5.25 ], "rotation": 90, "texture": "#bed_feet_top" },
        "north": { "uv": [ 5, 8.5, 5.25, 11.5 ], "texture": "#bed_feet_top" },
        "south": { "uv": [ 10.75, 8.5, 11, 11.5 ], "texture": "#bed_feet_top" },
        "west":  { "uv": [ 10.5, 8.5, 14, 11.5 ], "texture": "#bed_feet_top" },
        "east":  { "uv": [ 2, 8.5, 5.5, 11.5 ], "texture": "#bed_feet_top" }
    }
},
{
    "__comment": "Fuel Can",
    "from": [ 10.75, 7.5, 11 ],
    "to": [ 11, 8, 14 ],
    "faces": {
        "down":  { "uv": [ 5, 5.25, 2, 5 ], "rotation": 270, "texture": "#bed_feet_top" },
        "up":    { "uv": [ 11, 5, 14, 5.25 ], "rotation": 90, "texture": "#bed_feet_top" },
        "north": { "uv": [ 5, 8, 5.25, 8.5 ], "texture": "#bed_feet_top" },
        "south": { "uv": [ 10.75, 8, 11, 8.5 ], "texture": "#bed_feet_top" },
        "west":  { "uv": [ 11, 8, 14, 8.5 ], "texture": "#bed_feet_top" },
        "east":  { "uv": [ 2, 8, 5, 8.5 ], "texture": "#bed_feet_top" }
    }
},
{
    "__comment": "Fuel Can",
    "from": [ 10.75, 8, 11.5 ],
    "to": [ 11, 8.5, 14 ],
    "faces": {
        "down":  { "uv": [ 4.5, 5.25, 2, 5 ], "rotation": 270, "texture": "#bed_feet_top" },
        "up":    { "uv": [ 11.5, 5, 14, 5.25 ], "rotation": 90, "texture": "#bed_feet_top" },
        "north": { "uv": [ 5, 7.5, 5.25, 8 ], "texture": "#bed_feet_top" },
        "south": { "uv": [ 10.75, 7.5, 11, 8 ], "texture": "#bed_feet_top" },
        "west":  { "uv": [ 11.5, 7.5, 14, 8 ], "texture": "#bed_feet_top" },
        "east":  { "uv": [ 2, 7.5, 4.5, 8 ], "texture": "#bed_feet_top" }
    }
},
{
    "__comment": "Fuel Can",
    "from": [ 10.75, 8.5, 12 ],
    "to": [ 11, 9, 14 ],
    "faces": {
        "down":  { "uv": [ 4, 5.25, 2, 5 ], "rotation": 270, "texture": "#bed_feet_top" },
        "up":    { "uv": [ 12, 5, 14, 5.25 ], "rotation": 90, "texture": "#bed_feet_top" },
        "north": { "uv": [ 5, 7, 5.25, 7.5 ], "texture": "#bed_feet_top" },
        "south": { "uv": [ 10.75, 7, 11, 7.5 ], "texture": "#bed_feet_top" },
        "west":  { "uv": [ 12, 7, 14, 7.5 ], "texture": "#bed_feet_top" },
        "east":  { "uv": [ 2, 7, 4, 7.5 ], "texture": "#bed_feet_top" }
    }
},
{
    "__comment": "Fuel Can",
    "from": [ 10.75, 9, 12.5 ],
    "to": [ 11, 9.5, 14 ],
    "faces": {
        "down":  { "uv": [ 3.5, 5.25, 2, 5 ], "rotation": 270, "texture": "#bed_feet_top" },
        "up":    { "uv": [ 12.5, 5, 14, 5.25 ], "rotation": 90, "texture": "#bed_feet_top" },
        "north": { "uv": [ 5, 6.5, 5.25, 7 ], "texture": "#bed_feet_top" },
        "south": { "uv": [ 10.75, 6.5, 11, 7 ], "texture": "#bed_feet_top" },
        "west":  { "uv": [ 12.5, 6.5, 14, 7 ], "texture": "#bed_feet_top" },
        "east":  { "uv": [ 2, 6.5, 3.5, 7 ], "texture": "#bed_feet_top" }
    }
},
{
    "__comment": "Fuel Can",
    "from": [ 10.75, 10, 13.5 ],
    "to": [ 11, 11, 14 ],
    "faces": {
        "down":  { "uv": [ 2.5, 5.25, 2, 5 ], "rotation": 270, "texture": "#bed_feet_top" },
        "up":    { "uv": [ 13.5, 5, 14, 5.25 ], "rotation": 90, "texture": "#bed_feet_top" },
        "north": { "uv": [ 5, 5, 5.25, 6 ], "texture": "#bed_feet_top" },
        "south": { "uv": [ 10.75, 5, 11, 6 ], "texture": "#bed_feet_top" },
        "west":  { "uv": [ 13.5, 5, 14, 6 ], "texture": "#bed_feet_top" },
        "east":  { "uv": [ 2, 5, 2.5, 6 ], "texture": "#bed_feet_top" }
    }
},
{
    "__comment": "Fuel Can",
    "from": [ 10.75, 0, 6 ],
    "to": [ 11, 3.5, 6.5 ],
    "faces": {
        "down":  { "uv": [ 10, 5.25, 9.5, 5 ], "rotation": 270, "texture": "#bed_feet_top" },
        "up":    { "uv": [ 6, 5, 6.5, 5.25 ], "rotation": 90, "texture": "#bed_feet_top" },
        "north": { "uv": [ 5, 12.5, 5.25, 16 ], "texture": "#bed_feet_top" },
        "south": { "uv": [ 10.75, 12.5, 11, 16 ], "texture": "#bed_feet_top" },
        "west":  { "uv": [ 6, 12.5, 6.5, 16 ], "texture": "#bed_feet_top" },
        "east":  { "uv": [ 9.5, 12.5, 10, 16 ], "texture": "#bed_feet_top" }
    }
},
{
    "__comment": "Fuel Can",
    "from": [ 10.75, 8, 2 ],
    "to": [ 11, 8.5, 5.5 ],
    "faces": {
        "down":  { "uv": [ 14, 5.25, 10.5, 5 ], "rotation": 270, "texture": "#bed_feet_top" },
        "up":    { "uv": [ 2, 5, 5.5, 5.25 ], "rotation": 90, "texture": "#bed_feet_top" },
        "north": { "uv": [ 5, 7.5, 5.25, 8 ], "texture": "#bed_feet_top" },
        "south": { "uv": [ 10.75, 7.5, 11, 8 ], "texture": "#bed_feet_top" },
        "west":  { "uv": [ 2, 7.5, 5.5, 8 ], "texture": "#bed_feet_top" },
        "east":  { "uv": [ 10.5, 7.5, 14, 8 ], "texture": "#bed_feet_top" }
    }
},
{
    "__comment": "Fuel Can",
    "from": [ 10.75, 8.5, 2 ],
    "to": [ 11, 9, 5 ],
    "faces": {
        "down":  { "uv": [ 14, 5.25, 11, 5 ], "rotation": 270, "texture": "#bed_feet_top" },
        "up":    { "uv": [ 2, 5, 5, 5.25 ], "rotation": 90, "texture": "#bed_feet_top" },
        "north": { "uv": [ 5, 7, 5.25, 7.5 ], "texture": "#bed_feet_top" },
        "south": { "uv": [ 10.75, 7, 11, 7.5 ], "texture": "#bed_feet_top" },
        "west":  { "uv": [ 2, 7, 5, 7.5 ], "texture": "#bed_feet_top" },
        "east":  { "uv": [ 11, 7, 14, 7.5 ], "texture": "#bed_feet_top" }
    }
},
{
    "__comment": "Fuel Can",
    "from": [ 10.75, 9, 2 ],
    "to": [ 11, 9.5, 4.5 ],
    "faces": {
        "down":  { "uv": [ 14, 5.25, 11.5, 5 ], "rotation": 270, "texture": "#bed_feet_top" },
        "up":    { "uv": [ 2, 5, 4.5, 5.25 ], "rotation": 90, "texture": "#bed_feet_top" },
        "north": { "uv": [ 5, 6.5, 5.25, 7 ], "texture": "#bed_feet_top" },
        "south": { "uv": [ 10.75, 6.5, 11, 7 ], "texture": "#bed_feet_top" },
        "west":  { "uv": [ 2, 6.5, 4.5, 7 ], "texture": "#bed_feet_top" },
        "east":  { "uv": [ 11.5, 6.5, 14, 7 ], "texture": "#bed_feet_top" }
    }
},
{
    "__comment": "Fuel Can",
    "from": [ 10.75, 9.5, 2 ],
    "to": [ 11, 10, 4 ],
    "faces": {
        "down":  { "uv": [ 14, 5.25, 12, 5 ], "rotation": 270, "texture": "#bed_feet_top" },
        "up":    { "uv": [ 2, 5, 4, 5.25 ], "rotation": 90, "texture": "#bed_feet_top" },
        "north": { "uv": [ 5, 6, 5.25, 6.5 ], "texture": "#bed_feet_top" },
        "south": { "uv": [ 10.75, 6, 11, 6.5 ], "texture": "#bed_feet_top" },
        "west":  { "uv": [ 2, 6, 4, 6.5 ], "texture": "#bed_feet_top" },
        "east":  { "uv": [ 12, 6, 14, 6.5 ], "texture": "#bed_feet_top" }
    }
},
{
    "__comment": "Fuel Can",
    "from": [ 10.75, 10, 2 ],
    "to": [ 11, 10.5, 3.5 ],
    "faces": {
        "down":  { "uv": [ 14, 5.25, 12.5, 5 ], "rotation": 270, "texture": "#bed_feet_top" },
        "up":    { "uv": [ 2, 5, 3.5, 5.25 ], "rotation": 90, "texture": "#bed_feet_top" },
        "north": { "uv": [ 5, 5.5, 5.25, 6 ], "texture": "#bed_feet_top" },
        "south": { "uv": [ 10.75, 5.5, 11, 6 ], "texture": "#bed_feet_top" },
        "west":  { "uv": [ 2, 5.5, 3.5, 6 ], "texture": "#bed_feet_top" },
        "east":  { "uv": [ 12.5, 5.5, 14, 6 ], "texture": "#bed_feet_top" }
    }
},
{
    "__comment": "Fuel Can",
    "from": [ 10.75, 10.5, 2 ],
    "to": [ 11, 11.5, 3 ],
    "faces": {
        "down":  { "uv": [ 14, 5.25, 13, 5 ], "rotation": 270, "texture": "#bed_feet_top" },
        "up":    { "uv": [ 2, 5, 3, 5.25 ], "rotation": 90, "texture": "#bed_feet_top" },
        "north": { "uv": [ 5, 4.5, 5.25, 5.5 ], "texture": "#bed_feet_top" },
        "south": { "uv": [ 10.75, 4.5, 11, 5.5 ], "texture": "#bed_feet_top" },
        "west":  { "uv": [ 2, 4.5, 3, 5.5 ], "texture": "#bed_feet_top" },
        "east":  { "uv": [ 13, 4.5, 14, 5.5 ], "texture": "#bed_feet_top" }
    }
},
{
    "__comment": "Fuel Can",
    "from": [ 10.75, 11.5, 4 ],
    "to": [ 11, 13, 4.5 ],
    "faces": {
        "down":  { "uv": [ 12, 5.25, 11.5, 5 ], "rotation": 270, "texture": "#bed_feet_top" },
        "up":    { "uv": [ 4, 5, 4.5, 5.25 ], "rotation": 90, "texture": "#bed_feet_top" },
        "north": { "uv": [ 5, 3, 5.25, 4.5 ], "texture": "#bed_feet_top" },
        "south": { "uv": [ 10.75, 3, 11, 4.5 ], "texture": "#bed_feet_top" },
        "west":  { "uv": [ 4, 3, 4.5, 4.5 ], "texture": "#bed_feet_top" },
        "east":  { "uv": [ 11.5, 3, 12, 4.5 ], "texture": "#bed_feet_top" }
    }
},
{
    "__comment": "Fuel Can",
    "from": [ 10.75, 9, 6.5 ],
    "to": [ 11, 13, 7 ],
    "faces": {
        "down":  { "uv": [ 9.5, 5.25, 9, 5 ], "rotation": 270, "texture": "#bed_feet_top" },
        "up":    { "uv": [ 6.5, 5, 7, 5.25 ], "rotation": 90, "texture": "#bed_feet_top" },
        "north": { "uv": [ 5, 3, 5.25, 7 ], "texture": "#bed_feet_top" },
        "south": { "uv": [ 10.75, 3, 11, 7 ], "texture": "#bed_feet_top" },
        "west":  { "uv": [ 6.5, 3, 7, 7 ], "texture": "#bed_feet_top" },
        "east":  { "uv": [ 9, 3, 9.5, 7 ], "texture": "#bed_feet_top" }
    }
},
{
    "__comment": "Fuel Can",
    "from": [ 10.75, 9.5, 6 ],
    "to": [ 11, 13, 6.5 ],
    "faces": {
        "down":  { "uv": [ 10, 5.25, 9.5, 5 ], "rotation": 270, "texture": "#bed_feet_top" },
        "up":    { "uv": [ 6, 5, 6.5, 5.25 ], "rotation": 90, "texture": "#bed_feet_top" },
        "north": { "uv": [ 5, 3, 5.25, 6.5 ], "texture": "#bed_feet_top" },
        "south": { "uv": [ 10.75, 3, 11, 6.5 ], "texture": "#bed_feet_top" },
        "west":  { "uv": [ 6, 3, 6.5, 6.5 ], "texture": "#bed_feet_top" },
        "east":  { "uv": [ 9.5, 3, 10, 6.5 ], "texture": "#bed_feet_top" }
    }
},
{
    "__comment": "Fuel Can",
    "from": [ 10.75, 10, 5.5 ],
    "to": [ 11, 13, 6 ],
    "faces": {
        "down":  { "uv": [ 10.5, 5.25, 10, 5 ], "rotation": 270, "texture": "#bed_feet_top" },
        "up":    { "uv": [ 5.5, 5, 6, 5.25 ], "rotation": 90, "texture": "#bed_feet_top" },
        "north": { "uv": [ 5, 3, 5.25, 6 ], "texture": "#bed_feet_top" },
        "south": { "uv": [ 10.75, 3, 11, 6 ], "texture": "#bed_feet_top" },
        "west":  { "uv": [ 5.5, 3, 6, 6 ], "texture": "#bed_feet_top" },
        "east":  { "uv": [ 10, 3, 10.5, 6 ], "texture": "#bed_feet_top" }
    }
},
{
    "__comment": "Fuel Can",
    "from": [ 10.75, 10.5, 5 ],
    "to": [ 11, 13, 5.5 ],
    "faces": {
        "down":  { "uv": [ 11, 5.25, 10.5, 5 ], "rotation": 270, "texture": "#bed_feet_top" },
        "up":    { "uv": [ 5, 5, 5.5, 5.25 ], "rotation": 90, "texture": "#bed_feet_top" },
        "north": { "uv": [ 5, 3, 5.25, 5.5 ], "texture": "#bed_feet_top" },
        "south": { "uv": [ 10.75, 3, 11, 5.5 ], "texture": "#bed_feet_top" },
        "west":  { "uv": [ 5, 3, 5.5, 5.5 ], "texture": "#bed_feet_top" },
        "east":  { "uv": [ 10.5, 3, 11, 5.5 ], "texture": "#bed_feet_top" }
    }
},
{
    "__comment": "Fuel Can",
    "from": [ 10.75, 11.5, 2 ],
    "to": [ 11, 13, 3 ],
    "faces": {
        "down":  { "uv": [ 14, 5.25, 13, 5 ], "rotation": 270, "texture": "#bed_feet_top" },
        "up":    { "uv": [ 2, 5, 3, 5.25 ], "rotation": 90, "texture": "#bed_feet_top" },
        "north": { "uv": [ 5, 3, 5.25, 4.5 ], "texture": "#bed_feet_top" },
        "south": { "uv": [ 10.75, 3, 11, 4.5 ], "texture": "#bed_feet_top" },
        "west":  { "uv": [ 2, 3, 3, 4.5 ], "texture": "#bed_feet_top" },
        "east":  { "uv": [ 13, 3, 14, 4.5 ], "texture": "#bed_feet_top" }
    }
},
{
    "__comment": "Fuel Can",
    "from": [ 10.75, 12, 3 ],
    "to": [ 11, 13, 4 ],
    "faces": {
        "down":  { "uv": [ 13, 5.25, 12, 5 ], "rotation": 270, "texture": "#bed_feet_top" },
        "up":    { "uv": [ 3, 5, 4, 5.25 ], "rotation": 90, "texture": "#bed_feet_top" },
        "north": { "uv": [ 5, 3, 5.25, 4 ], "texture": "#bed_feet_top" },
        "south": { "uv": [ 10.75, 3, 11, 4 ], "texture": "#bed_feet_top" },
        "west":  { "uv": [ 3, 3, 4, 4 ], "texture": "#bed_feet_top" },
        "east":  { "uv": [ 12, 3, 13, 4 ], "texture": "#bed_feet_top" }
    }
},
{
    "__comment": "Fuel Can",
    "from": [ 10.75, 5, 2 ],
    "to": [ 11, 8, 6 ],
    "faces": {
        "down":  { "uv": [ 14, 5.25, 10, 5 ], "rotation": 270, "texture": "#bed_feet_top" },
        "up":    { "uv": [ 2, 5, 6, 5.25 ], "rotation": 90, "texture": "#bed_feet_top" },
        "north": { "uv": [ 5, 8, 5.25, 11 ], "texture": "#bed_feet_top" },
        "south": { "uv": [ 10.75, 8, 11, 11 ], "texture": "#bed_feet_top" },
        "west":  { "uv": [ 2, 8, 6, 11 ], "texture": "#bed_feet_top" },
        "east":  { "uv": [ 10, 8, 14, 11 ], "texture": "#bed_feet_top" }
    }
},
{
    "__comment": "Fuel Can",
    "from": [ 10.75, 4.5, 2 ],
    "to": [ 11, 5, 5.5 ],
    "faces": {
        "down":  { "uv": [ 14, 5.25, 10.5, 5 ], "rotation": 270, "texture": "#bed_feet_top" },
        "up":    { "uv": [ 2, 5, 5.5, 5.25 ], "rotation": 90, "texture": "#bed_feet_top" },
        "north": { "uv": [ 5, 11, 5.25, 11.5 ], "texture": "#bed_feet_top" },
        "south": { "uv": [ 10.75, 11, 11, 11.5 ], "texture": "#bed_feet_top" },
        "west":  { "uv": [ 2, 11, 5.5, 11.5 ], "texture": "#bed_feet_top" },
        "east":  { "uv": [ 10.5, 11, 14, 11.5 ], "texture": "#bed_feet_top" }
    }
},
{
    "__comment": "Fuel Can",
    "from": [ 10.75, 4, 2 ],
    "to": [ 11, 4.5, 5 ],
    "faces": {
        "down":  { "uv": [ 14, 5.25, 11, 5 ], "rotation": 270, "texture": "#bed_feet_top" },
        "up":    { "uv": [ 2, 5, 5, 5.25 ], "rotation": 90, "texture": "#bed_feet_top" },
        "north": { "uv": [ 5, 11.5, 5.25, 12 ], "texture": "#bed_feet_top" },
        "south": { "uv": [ 10.75, 11.5, 11, 12 ], "texture": "#bed_feet_top" },
        "west":  { "uv": [ 2, 11.5, 5, 12 ], "texture": "#bed_feet_top" },
        "east":  { "uv": [ 11, 11.5, 14, 12 ], "texture": "#bed_feet_top" }
    }
},
{
    "__comment": "Fuel Can",
    "from": [ 10.75, 3.5, 2 ],
    "to": [ 11, 4, 4.5 ],
    "faces": {
        "down":  { "uv": [ 14, 5.25, 11.5, 5 ], "rotation": 270, "texture": "#bed_feet_top" },
        "up":    { "uv": [ 2, 5, 4.5, 5.25 ], "rotation": 90, "texture": "#bed_feet_top" },
        "north": { "uv": [ 5, 12, 5.25, 12.5 ], "texture": "#bed_feet_top" },
        "south": { "uv": [ 10.75, 12, 11, 12.5 ], "texture": "#bed_feet_top" },
        "west":  { "uv": [ 2, 12, 4.5, 12.5 ], "texture": "#bed_feet_top" },
        "east":  { "uv": [ 11.5, 12, 14, 12.5 ], "texture": "#bed_feet_top" }
    }
},
{
    "__comment": "Fuel Can",
    "from": [ 10.75, 3, 2 ],
    "to": [ 11, 3.5, 4 ],
    "faces": {
        "down":  { "uv": [ 14, 5.25, 12, 5 ], "rotation": 270, "texture": "#bed_feet_top" },
        "up":    { "uv": [ 2, 5, 4, 5.25 ], "rotation": 90, "texture": "#bed_feet_top" },
        "north": { "uv": [ 5, 12.5, 5.25, 13 ], "texture": "#bed_feet_top" },
        "south": { "uv": [ 10.75, 12.5, 11, 13 ], "texture": "#bed_feet_top" },
        "west":  { "uv": [ 2, 12.5, 4, 13 ], "texture": "#bed_feet_top" },
        "east":  { "uv": [ 12, 12.5, 14, 13 ], "texture": "#bed_feet_top" }
    }
},
{
    "__comment": "Fuel Can",
    "from": [ 10.75, 2.5, 2 ],
    "to": [ 11, 3, 3.5 ],
    "faces": {
        "down":  { "uv": [ 14, 5.25, 12.5, 5 ], "rotation": 270, "texture": "#bed_feet_top" },
        "up":    { "uv": [ 2, 5, 3.5, 5.25 ], "rotation": 90, "texture": "#bed_feet_top" },
        "north": { "uv": [ 5, 13, 5.25, 13.5 ], "texture": "#bed_feet_top" },
        "south": { "uv": [ 10.75, 13, 11, 13.5 ], "texture": "#bed_feet_top" },
        "west":  { "uv": [ 2, 13, 3.5, 13.5 ], "texture": "#bed_feet_top" },
        "east":  { "uv": [ 12.5, 13, 14, 13.5 ], "texture": "#bed_feet_top" }
    }
},
{
    "__comment": "Fuel Can",
    "from": [ 10.75, 2, 2 ],
    "to": [ 11, 2.5, 3 ],
    "faces": {
        "down":  { "uv": [ 14, 5.25, 13, 5 ], "rotation": 270, "texture": "#bed_feet_top" },
        "up":    { "uv": [ 2, 5, 3, 5.25 ], "rotation": 90, "texture": "#bed_feet_top" },
        "north": { "uv": [ 5, 13.5, 5.25, 14 ], "texture": "#bed_feet_top" },
        "south": { "uv": [ 10.75, 13.5, 11, 14 ], "texture": "#bed_feet_top" },
        "west":  { "uv": [ 2, 13.5, 3, 14 ], "texture": "#bed_feet_top" },
        "east":  { "uv": [ 13, 13.5, 14, 14 ], "texture": "#bed_feet_top" }
    }
},
{
    "__comment": "Fuel Can",
    "from": [ 10.75, 0, 2 ],
    "to": [ 11, 2, 2.5 ],
    "faces": {
        "down":  { "uv": [ 14, 5.25, 13.5, 5 ], "rotation": 270, "texture": "#bed_feet_top" },
        "up":    { "uv": [ 2, 5, 2.5, 5.25 ], "rotation": 90, "texture": "#bed_feet_top" },
        "north": { "uv": [ 5, 14, 5.25, 16 ], "texture": "#bed_feet_top" },
        "south": { "uv": [ 10.75, 14, 11, 16 ], "texture": "#bed_feet_top" },
        "west":  { "uv": [ 2, 14, 2.5, 16 ], "texture": "#bed_feet_top" },
        "east":  { "uv": [ 13.5, 14, 14, 16 ], "texture": "#bed_feet_top" }
    }
},
{
    "__comment": "Fuel Can",
    "from": [ 10.75, 0, 2.5 ],
    "to": [ 11, 1, 6 ],
    "faces": {
        "down":  { "uv": [ 13.5, 5.25, 10, 5 ], "rotation": 270, "texture": "#bed_feet_top" },
        "up":    { "uv": [ 2.5, 5, 6, 5.25 ], "rotation": 90, "texture": "#bed_feet_top" },
        "north": { "uv": [ 5, 15, 5.25, 16 ], "texture": "#bed_feet_top" },
        "south": { "uv": [ 10.75, 15, 11, 16 ], "texture": "#bed_feet_top" },
        "west":  { "uv": [ 2.5, 15, 6, 16 ], "texture": "#bed_feet_top" },
        "east":  { "uv": [ 10, 15, 13.5, 16 ], "texture": "#bed_feet_top" }
    }
},
{
    "__comment": "Fuel Can",
    "from": [ 10.75, 1, 4 ],
    "to": [ 11, 1.5, 6 ],
    "faces": {
        "down":  { "uv": [ 12, 5.25, 10, 5 ], "rotation": 270, "texture": "#bed_feet_top" },
        "up":    { "uv": [ 4, 5, 6, 5.25 ], "rotation": 90, "texture": "#bed_feet_top" },
        "north": { "uv": [ 5, 14.5, 5.25, 15 ], "texture": "#bed_feet_top" },
        "south": { "uv": [ 10.75, 14.5, 11, 15 ], "texture": "#bed_feet_top" },
        "west":  { "uv": [ 4, 14.5, 6, 15 ], "texture": "#bed_feet_top" },
        "east":  { "uv": [ 10, 14.5, 12, 15 ], "texture": "#bed_feet_top" }
    }
},
{
    "__comment": "Fuel Can",
    "from": [ 10.75, 1.5, 4.5 ],
    "to": [ 11, 2, 6 ],
    "faces": {
        "down":  { "uv": [ 11.5, 5.25, 10, 5 ], "rotation": 270, "texture": "#bed_feet_top" },
        "up":    { "uv": [ 4.5, 5, 6, 5.25 ], "rotation": 90, "texture": "#bed_feet_top" },
        "north": { "uv": [ 5, 14, 5.25, 14.5 ], "texture": "#bed_feet_top" },
        "south": { "uv": [ 10.75, 14, 11, 14.5 ], "texture": "#bed_feet_top" },
        "west":  { "uv": [ 4.5, 14, 6, 14.5 ], "texture": "#bed_feet_top" },
        "east":  { "uv": [ 10, 14, 11.5, 14.5 ], "texture": "#bed_feet_top" }
    }
},
{
    "__comment": "Fuel Can",
    "from": [ 10.75, 2, 5 ],
    "to": [ 11, 2.5, 6 ],
    "faces": {
        "down":  { "uv": [ 11, 5.25, 10, 5 ], "rotation": 270, "texture": "#bed_feet_top" },
        "up":    { "uv": [ 5, 5, 6, 5.25 ], "rotation": 90, "texture": "#bed_feet_top" },
        "north": { "uv": [ 5, 13.5, 5.25, 14 ], "texture": "#bed_feet_top" },
        "south": { "uv": [ 10.75, 13.5, 11, 14 ], "texture": "#bed_feet_top" },
        "west":  { "uv": [ 5, 13.5, 6, 14 ], "texture": "#bed_feet_top" },
        "east":  { "uv": [ 10, 13.5, 11, 14 ], "texture": "#bed_feet_top" }
    }
},
{
    "__comment": "Fuel Can",
    "from": [ 10.75, 0, 12.5 ],
    "to": [ 11, 0.5, 14 ],
    "faces": {
        "down":  { "uv": [ 3.5, 5.25, 2, 5 ], "rotation": 270, "texture": "#bed_feet_top" },
        "up":    { "uv": [ 12.5, 5, 14, 5.25 ], "rotation": 90, "texture": "#bed_feet_top" },
        "north": { "uv": [ 5, 15.5, 5.25, 16 ], "texture": "#bed_feet_top" },
        "south": { "uv": [ 10.75, 15.5, 11, 16 ], "texture": "#bed_feet_top" },
        "west":  { "uv": [ 12.5, 15.5, 14, 16 ], "texture": "#bed_feet_top" },
        "east":  { "uv": [ 2, 15.5, 3.5, 16 ], "texture": "#bed_feet_top" }
    }
},
{
    "__comment": "Fuel Can",
    "from": [ 10.75, 2.5, 5.5 ],
    "to": [ 11, 3, 6 ],
    "faces": {
        "down":  { "uv": [ 10.5, 5.25, 10, 5 ], "rotation": 270, "texture": "#bed_feet_top" },
        "up":    { "uv": [ 5.5, 5, 6, 5.25 ], "rotation": 90, "texture": "#bed_feet_top" },
        "north": { "uv": [ 5, 13, 5.25, 13.5 ], "texture": "#bed_feet_top" },
        "south": { "uv": [ 10.75, 13, 11, 13.5 ], "texture": "#bed_feet_top" },
        "west":  { "uv": [ 5.5, 13, 6, 13.5 ], "texture": "#bed_feet_top" },
        "east":  { "uv": [ 10, 13, 10.5, 13.5 ], "texture": "#bed_feet_top" }
    }
},
{
    "__comment": "Fuel Can",
    "from": [ 10.75, 4, 11 ],
    "to": [ 11, 4.5, 11.5 ],
    "faces": {
        "down":  { "uv": [ 5, 5.25, 4.5, 5 ], "rotation": 270, "texture": "#bed_feet_top" },
        "up":    { "uv": [ 11, 5, 11.5, 5.25 ], "rotation": 90, "texture": "#bed_feet_top" },
        "north": { "uv": [ 5, 11.5, 5.25, 12 ], "texture": "#bed_feet_top" },
        "south": { "uv": [ 10.75, 11.5, 11, 12 ], "texture": "#bed_feet_top" },
        "west":  { "uv": [ 11, 11.5, 11.5, 12 ], "texture": "#bed_feet_top" },
        "east":  { "uv": [ 4.5, 11.5, 5, 12 ], "texture": "#bed_feet_top" }
    }
},
{
    "__comment": "Fuel Can",
    "from": [ 10.75, 0, 10 ],
    "to": [ 11, 3, 10.5 ],
    "faces": {
        "down":  { "uv": [ 6, 5.25, 5.5, 5 ], "rotation": 270, "texture": "#bed_feet_top" },
        "up":    { "uv": [ 10, 5, 10.5, 5.25 ], "rotation": 90, "texture": "#bed_feet_top" },
        "north": { "uv": [ 5, 13, 5.25, 16 ], "texture": "#bed_feet_top" },
        "south": { "uv": [ 10.75, 13, 11, 16 ], "texture": "#bed_feet_top" },
        "west":  { "uv": [ 10, 13, 10.5, 16 ], "texture": "#bed_feet_top" },
        "east":  { "uv": [ 5.5, 13, 6, 16 ], "texture": "#bed_feet_top" }
    }
},
{
    "__comment": "Fuel Can",
    "from": [ 10.75, 0, 10.5 ],
    "to": [ 11, 2.5, 11 ],
    "faces": {
        "down":  { "uv": [ 5.5, 5.25, 5, 5 ], "rotation": 270, "texture": "#bed_feet_top" },
        "up":    { "uv": [ 10.5, 5, 11, 5.25 ], "rotation": 90, "texture": "#bed_feet_top" },
        "north": { "uv": [ 5, 13.5, 5.25, 16 ], "texture": "#bed_feet_top" },
        "south": { "uv": [ 10.75, 13.5, 11, 16 ], "texture": "#bed_feet_top" },
        "west":  { "uv": [ 10.5, 13.5, 11, 16 ], "texture": "#bed_feet_top" },
        "east":  { "uv": [ 5, 13.5, 5.5, 16 ], "texture": "#bed_feet_top" }
    }
},
{
    "__comment": "Fuel Can",
    "from": [ 10.75, 0, 11 ],
    "to": [ 11, 2, 11.5 ],
    "faces": {
        "down":  { "uv": [ 5, 5.25, 4.5, 5 ], "rotation": 270, "texture": "#bed_feet_top" },
        "up":    { "uv": [ 11, 5, 11.5, 5.25 ], "rotation": 90, "texture": "#bed_feet_top" },
        "north": { "uv": [ 5, 14, 5.25, 16 ], "texture": "#bed_feet_top" },
        "south": { "uv": [ 10.75, 14, 11, 16 ], "texture": "#bed_feet_top" },
        "west":  { "uv": [ 11, 14, 11.5, 16 ], "texture": "#bed_feet_top" },
        "east":  { "uv": [ 4.5, 14, 5, 16 ], "texture": "#bed_feet_top" }
    }
},
{
    "__comment": "Fuel Can",
    "from": [ 10.75, 0, 11.5 ],
    "to": [ 11, 1.5, 12 ],
    "faces": {
        "down":  { "uv": [ 4.5, 5.25, 4, 5 ], "rotation": 270, "texture": "#bed_feet_top" },
        "up":    { "uv": [ 11.5, 5, 12, 5.25 ], "rotation": 90, "texture": "#bed_feet_top" },
        "north": { "uv": [ 5, 14.5, 5.25, 16 ], "texture": "#bed_feet_top" },
        "south": { "uv": [ 10.75, 14.5, 11, 16 ], "texture": "#bed_feet_top" },
        "west":  { "uv": [ 11.5, 14.5, 12, 16 ], "texture": "#bed_feet_top" },
        "east":  { "uv": [ 4, 14.5, 4.5, 16 ], "texture": "#bed_feet_top" }
    }
},
{
    "__comment": "Fuel Can",
    "from": [ 10.75, 0, 12 ],
    "to": [ 11, 1, 12.5 ],
    "faces": {
        "down":  { "uv": [ 4, 5.25, 3.5, 5 ], "rotation": 270, "texture": "#bed_feet_top" },
        "up":    { "uv": [ 12, 5, 12.5, 5.25 ], "rotation": 90, "texture": "#bed_feet_top" },
        "north": { "uv": [ 5, 15, 5.25, 16 ], "texture": "#bed_feet_top" },
        "south": { "uv": [ 10.75, 15, 11, 16 ], "texture": "#bed_feet_top" },
        "west":  { "uv": [ 12, 15, 12.5, 16 ], "texture": "#bed_feet_top" },
        "east":  { "uv": [ 3.5, 15, 4, 16 ], "texture": "#bed_feet_top" }
    }
},
{
    "__comment": "Fuel Can",
    "from": [ 10.75, 0.5, 13.5 ],
    "to": [ 11, 4.5, 14 ],
    "faces": {
        "down":  { "uv": [ 2.5, 5.25, 2, 5 ], "rotation": 270, "texture": "#bed_feet_top" },
        "up":    { "uv": [ 13.5, 5, 14, 5.25 ], "rotation": 90, "texture": "#bed_feet_top" },
        "north": { "uv": [ 5, 11.5, 5.25, 15.5 ], "texture": "#bed_feet_top" },
        "south": { "uv": [ 10.75, 11.5, 11, 15.5 ], "texture": "#bed_feet_top" },
        "west":  { "uv": [ 13.5, 11.5, 14, 15.5 ], "texture": "#bed_feet_top" },
        "east":  { "uv": [ 2, 11.5, 2.5, 15.5 ], "texture": "#bed_feet_top" }
    }
},
{
    "__comment": "Fuel Can",
    "from": [ 10.75, 0, 9.5 ],
    "to": [ 11, 3.5, 10 ],
    "faces": {
        "down":  { "uv": [ 6.5, 5.25, 6, 5 ], "rotation": 270, "texture": "#bed_feet_top" },
        "up":    { "uv": [ 9.5, 5, 10, 5.25 ], "rotation": 90, "texture": "#bed_feet_top" },
        "north": { "uv": [ 5, 12.5, 5.25, 16 ], "texture": "#bed_feet_top" },
        "south": { "uv": [ 10.75, 12.5, 11, 16 ], "texture": "#bed_feet_top" },
        "west":  { "uv": [ 9.5, 12.5, 10, 16 ], "texture": "#bed_feet_top" },
        "east":  { "uv": [ 6, 12.5, 6.5, 16 ], "texture": "#bed_feet_top" }
    }
},
{
    "__comment": "Fuel Can",
    "from": [ 10.75, 2, 13 ],
    "to": [ 11, 4.5, 13.5 ],
    "faces": {
        "down":  { "uv": [ 3, 5.25, 2.5, 5 ], "rotation": 270, "texture": "#bed_feet_top" },
        "up":    { "uv": [ 13, 5, 13.5, 5.25 ], "rotation": 90, "texture": "#bed_feet_top" },
        "north": { "uv": [ 5, 11.5, 5.25, 14 ], "texture": "#bed_feet_top" },
        "south": { "uv": [ 10.75, 11.5, 11, 14 ], "texture": "#bed_feet_top" },
        "west":  { "uv": [ 13, 11.5, 13.5, 14 ], "texture": "#bed_feet_top" },
        "east":  { "uv": [ 2.5, 11.5, 3, 14 ], "texture": "#bed_feet_top" }
    }
},
{
    "__comment": "Fuel Can",
    "from": [ 10.75, 2.5, 12.5 ],
    "to": [ 11, 4.5, 13 ],
    "faces": {
        "down":  { "uv": [ 3.5, 5.25, 3, 5 ], "rotation": 270, "texture": "#bed_feet_top" },
        "up":    { "uv": [ 12.5, 5, 13, 5.25 ], "rotation": 90, "texture": "#bed_feet_top" },
        "north": { "uv": [ 5, 11.5, 5.25, 13.5 ], "texture": "#bed_feet_top" },
        "south": { "uv": [ 10.75, 11.5, 11, 13.5 ], "texture": "#bed_feet_top" },
        "west":  { "uv": [ 12.5, 11.5, 13, 13.5 ], "texture": "#bed_feet_top" },
        "east":  { "uv": [ 3, 11.5, 3.5, 13.5 ], "texture": "#bed_feet_top" }
    }
},
{
    "__comment": "Fuel Can",
    "from": [ 10.75, 3, 12 ],
    "to": [ 11, 4.5, 12.5 ],
    "faces": {
        "down":  { "uv": [ 4, 5.25, 3.5, 5 ], "rotation": 270, "texture": "#bed_feet_top" },
        "up":    { "uv": [ 12, 5, 12.5, 5.25 ], "rotation": 90, "texture": "#bed_feet_top" },
        "north": { "uv": [ 5, 11.5, 5.25, 13 ], "texture": "#bed_feet_top" },
        "south": { "uv": [ 10.75, 11.5, 11, 13 ], "texture": "#bed_feet_top" },
        "west":  { "uv": [ 12, 11.5, 12.5, 13 ], "texture": "#bed_feet_top" },
        "east":  { "uv": [ 3.5, 11.5, 4, 13 ], "texture": "#bed_feet_top" }
    }
},
{
    "__comment": "Fuel Can",
    "from": [ 10.75, 3.5, 11.5 ],
    "to": [ 11, 4.5, 12 ],
    "faces": {
        "down":  { "uv": [ 4.5, 5.25, 4, 5 ], "rotation": 270, "texture": "#bed_feet_top" },
        "up":    { "uv": [ 11.5, 5, 12, 5.25 ], "rotation": 90, "texture": "#bed_feet_top" },
        "north": { "uv": [ 5, 11.5, 5.25, 12.5 ], "texture": "#bed_feet_top" },
        "south": { "uv": [ 10.75, 11.5, 11, 12.5 ], "texture": "#bed_feet_top" },
        "west":  { "uv": [ 11.5, 11.5, 12, 12.5 ], "texture": "#bed_feet_top" },
        "east":  { "uv": [ 4, 11.5, 4.5, 12.5 ], "texture": "#bed_feet_top" }
    }
},
{
    "__comment": "Fuel Can",
    "from": [ 5, 9.5, 13 ],
    "to": [ 5.25, 10, 14 ],
    "faces": {
        "down":  { "uv": [ 3, 11, 2, 10.75 ], "rotation": 270, "texture": "#bed_feet_top" },
        "up":    { "uv": [ 13, 10.75, 14, 11 ], "rotation": 90, "texture": "#bed_feet_top" },
        "north": { "uv": [ 10.75, 6, 11, 6.5 ], "texture": "#bed_feet_top" },
        "south": { "uv": [ 5, 6, 5.25, 6.5 ], "texture": "#bed_feet_top" },
        "west":  { "uv": [ 13, 6, 14, 6.5 ], "texture": "#bed_feet_top" },
        "east":  { "uv": [ 2, 6, 3, 6.5 ], "texture": "#bed_feet_top" }
    }
},
{
    "__comment": "Fuel Can",
    "from": [ 5, 5, 7 ],
    "to": [ 5.25, 7.5, 9.5 ],
    "faces": {
        "down":  { "uv": [ 9, 11, 6.5, 10.75 ], "rotation": 270, "texture": "#bed_feet_top" },
        "up":    { "uv": [ 7, 10.75, 9.5, 11 ], "rotation": 90, "texture": "#bed_feet_top" },
        "north": { "uv": [ 10.75, 8.5, 11, 11 ], "texture": "#bed_feet_top" },
        "south": { "uv": [ 5, 8.5, 5.25, 11 ], "texture": "#bed_feet_top" },
        "west":  { "uv": [ 7, 8.5, 9.5, 11 ], "texture": "#bed_feet_top" },
        "east":  { "uv": [ 6.5, 8.5, 9, 11 ], "texture": "#bed_feet_top" }
    }
},
{
    "__comment": "Fuel Can",
    "from": [ 5, 0, 6.5 ],
    "to": [ 5.25, 4, 9.5 ],
    "faces": {
        "down":  { "uv": [ 9.5, 11, 6.5, 10.75 ], "rotation": 270, "texture": "#bed_feet_top" },
        "up":    { "uv": [ 6.5, 10.75, 9.5, 11 ], "rotation": 90, "texture": "#bed_feet_top" },
        "north": { "uv": [ 10.75, 12, 11, 16 ], "texture": "#bed_feet_top" },
        "south": { "uv": [ 5, 12, 5.25, 16 ], "texture": "#bed_feet_top" },
        "west":  { "uv": [ 6.5, 12, 9.5, 16 ], "texture": "#bed_feet_top" },
        "east":  { "uv": [ 6.5, 12, 9.5, 16 ], "texture": "#bed_feet_top" }
    }
},
{
    "__comment": "Fuel Can",
    "from": [ 5, 11, 4.5 ],
    "to": [ 5.25, 13, 5 ],
    "faces": {
        "down":  { "uv": [ 11.5, 11, 11, 10.75 ], "rotation": 270, "texture": "#bed_feet_top" },
        "up":    { "uv": [ 4.5, 10.75, 5, 11 ], "rotation": 90, "texture": "#bed_feet_top" },
        "north": { "uv": [ 10.75, 3, 11, 5 ], "texture": "#bed_feet_top" },
        "south": { "uv": [ 5, 3, 5.25, 5 ], "texture": "#bed_feet_top" },
        "west":  { "uv": [ 4.5, 3, 5, 5 ], "texture": "#bed_feet_top" },
        "east":  { "uv": [ 11, 3, 11.5, 5 ], "texture": "#bed_feet_top" }
    }
},
{
    "__comment": "Fuel Can",
    "from": [ 5, 10, 11 ],
    "to": [ 5.25, 13, 11.5 ],
    "faces": {
        "down":  { "uv": [ 5, 11, 4.5, 10.75 ], "rotation": 270, "texture": "#bed_feet_top" },
        "up":    { "uv": [ 11, 10.75, 11.5, 11 ], "rotation": 90, "texture": "#bed_feet_top" },
        "north": { "uv": [ 10.75, 3, 11, 6 ], "texture": "#bed_feet_top" },
        "south": { "uv": [ 5, 3, 5.25, 6 ], "texture": "#bed_feet_top" },
        "west":  { "uv": [ 11, 3, 11.5, 6 ], "texture": "#bed_feet_top" },
        "east":  { "uv": [ 4.5, 3, 5, 6 ], "texture": "#bed_feet_top" }
    }
},
{
    "__comment": "Fuel Can",
    "from": [ 5, 8.5, 7 ],
    "to": [ 5.25, 13, 10 ],
    "faces": {
        "down":  { "uv": [ 9, 11, 6, 10.75 ], "rotation": 270, "texture": "#bed_feet_top" },
        "up":    { "uv": [ 7, 10.75, 10, 11 ], "rotation": 90, "texture": "#bed_feet_top" },
        "north": { "uv": [ 10.75, 3, 11, 7.5 ], "texture": "#bed_feet_top" },
        "south": { "uv": [ 5, 3, 5.25, 7.5 ], "texture": "#bed_feet_top" },
        "west":  { "uv": [ 7, 3, 10, 7.5 ], "texture": "#bed_feet_top" },
        "east":  { "uv": [ 6, 3, 9, 7.5 ], "texture": "#bed_feet_top" }
    }
},
{
    "__comment": "Fuel Can",
    "from": [ 5, 9.5, 10.5 ],
    "to": [ 5.25, 13, 11 ],
    "faces": {
        "down":  { "uv": [ 5.5, 11, 5, 10.75 ], "rotation": 270, "texture": "#bed_feet_top" },
        "up":    { "uv": [ 10.5, 10.75, 11, 11 ], "rotation": 90, "texture": "#bed_feet_top" },
        "north": { "uv": [ 10.75, 3, 11, 6.5 ], "texture": "#bed_feet_top" },
        "south": { "uv": [ 5, 3, 5.25, 6.5 ], "texture": "#bed_feet_top" },
        "west":  { "uv": [ 10.5, 3, 11, 6.5 ], "texture": "#bed_feet_top" },
        "east":  { "uv": [ 5, 3, 5.5, 6.5 ], "texture": "#bed_feet_top" }
    }
},
{
    "__comment": "Fuel Can",
    "from": [ 5, 9, 10 ],
    "to": [ 5.25, 13, 10.5 ],
    "faces": {
        "down":  { "uv": [ 6, 11, 5.5, 10.75 ], "rotation": 270, "texture": "#bed_feet_top" },
        "up":    { "uv": [ 10, 10.75, 10.5, 11 ], "rotation": 90, "texture": "#bed_feet_top" },
        "north": { "uv": [ 10.75, 3, 11, 7 ], "texture": "#bed_feet_top" },
        "south": { "uv": [ 5, 3, 5.25, 7 ], "texture": "#bed_feet_top" },
        "west":  { "uv": [ 10, 3, 10.5, 7 ], "texture": "#bed_feet_top" },
        "east":  { "uv": [ 5.5, 3, 6, 7 ], "texture": "#bed_feet_top" }
    }
},
{
    "__comment": "Fuel Can",
    "from": [ 5, 10.5, 11.5 ],
    "to": [ 5.25, 13, 12 ],
    "faces": {
        "down":  { "uv": [ 4.5, 11, 4, 10.75 ], "rotation": 270, "texture": "#bed_feet_top" },
        "up":    { "uv": [ 11.5, 10.75, 12, 11 ], "rotation": 90, "texture": "#bed_feet_top" },
        "north": { "uv": [ 10.75, 3, 11, 5.5 ], "texture": "#bed_feet_top" },
        "south": { "uv": [ 5, 3, 5.25, 5.5 ], "texture": "#bed_feet_top" },
        "west":  { "uv": [ 11.5, 3, 12, 5.5 ], "texture": "#bed_feet_top" },
        "east":  { "uv": [ 4, 3, 4.5, 5.5 ], "texture": "#bed_feet_top" }
    }
},
{
    "__comment": "Fuel Can",
    "from": [ 5, 11, 12 ],
    "to": [ 5.25, 13, 14 ],
    "faces": {
        "down":  { "uv": [ 4, 11, 2, 10.75 ], "rotation": 270, "texture": "#bed_feet_top" },
        "up":    { "uv": [ 12, 10.75, 14, 11 ], "rotation": 90, "texture": "#bed_feet_top" },
        "north": { "uv": [ 10.75, 3, 11, 5 ], "texture": "#bed_feet_top" },
        "south": { "uv": [ 5, 3, 5.25, 5 ], "texture": "#bed_feet_top" },
        "west":  { "uv": [ 12, 3, 14, 5 ], "texture": "#bed_feet_top" },
        "east":  { "uv": [ 2, 3, 4, 5 ], "texture": "#bed_feet_top" }
    }
},
{
    "__comment": "Fuel Can",
    "from": [ 5, 4.5, 10.5 ],
    "to": [ 5.25, 7.5, 14 ],
    "faces": {
        "down":  { "uv": [ 5.5, 11, 2, 10.75 ], "rotation": 270, "texture": "#bed_feet_top" },
        "up":    { "uv": [ 10.5, 10.75, 14, 11 ], "rotation": 90, "texture": "#bed_feet_top" },
        "north": { "uv": [ 10.75, 8.5, 11, 11.5 ], "texture": "#bed_feet_top" },
        "south": { "uv": [ 5, 8.5, 5.25, 11.5 ], "texture": "#bed_feet_top" },
        "west":  { "uv": [ 10.5, 8.5, 14, 11.5 ], "texture": "#bed_feet_top" },
        "east":  { "uv": [ 2, 8.5, 5.5, 11.5 ], "texture": "#bed_feet_top" }
    }
},
{
    "__comment": "Fuel Can",
    "from": [ 5, 7.5, 11 ],
    "to": [ 5.25, 8, 14 ],
    "faces": {
        "down":  { "uv": [ 5, 11, 2, 10.75 ], "rotation": 270, "texture": "#bed_feet_top" },
        "up":    { "uv": [ 11, 10.75, 14, 11 ], "rotation": 90, "texture": "#bed_feet_top" },
        "north": { "uv": [ 10.75, 8, 11, 8.5 ], "texture": "#bed_feet_top" },
        "south": { "uv": [ 5, 8, 5.25, 8.5 ], "texture": "#bed_feet_top" },
        "west":  { "uv": [ 11, 8, 14, 8.5 ], "texture": "#bed_feet_top" },
        "east":  { "uv": [ 2, 8, 5, 8.5 ], "texture": "#bed_feet_top" }
    }
},
{
    "__comment": "Fuel Can",
    "from": [ 5, 8, 11.5 ],
    "to": [ 5.25, 8.5, 14 ],
    "faces": {
        "down":  { "uv": [ 4.5, 11, 2, 10.75 ], "rotation": 270, "texture": "#bed_feet_top" },
        "up":    { "uv": [ 11.5, 10.75, 14, 11 ], "rotation": 90, "texture": "#bed_feet_top" },
        "north": { "uv": [ 10.75, 7.5, 11, 8 ], "texture": "#bed_feet_top" },
        "south": { "uv": [ 5, 7.5, 5.25, 8 ], "texture": "#bed_feet_top" },
        "west":  { "uv": [ 11.5, 7.5, 14, 8 ], "texture": "#bed_feet_top" },
        "east":  { "uv": [ 2, 7.5, 4.5, 8 ], "texture": "#bed_feet_top" }
    }
},
{
    "__comment": "Fuel Can",
    "from": [ 5, 8.5, 12 ],
    "to": [ 5.25, 9, 14 ],
    "faces": {
        "down":  { "uv": [ 4, 11, 2, 10.75 ], "rotation": 270, "texture": "#bed_feet_top" },
        "up":    { "uv": [ 12, 10.75, 14, 11 ], "rotation": 90, "texture": "#bed_feet_top" },
        "north": { "uv": [ 10.75, 7, 11, 7.5 ], "texture": "#bed_feet_top" },
        "south": { "uv": [ 5, 7, 5.25, 7.5 ], "texture": "#bed_feet_top" },
        "west":  { "uv": [ 12, 7, 14, 7.5 ], "texture": "#bed_feet_top" },
        "east":  { "uv": [ 2, 7, 4, 7.5 ], "texture": "#bed_feet_top" }
    }
},
{
    "__comment": "Fuel Can",
    "from": [ 5, 9, 12.5 ],
    "to": [ 5.25, 9.5, 14 ],
    "faces": {
        "down":  { "uv": [ 3.5, 11, 2, 10.75 ], "rotation": 270, "texture": "#bed_feet_top" },
        "up":    { "uv": [ 12.5, 10.75, 14, 11 ], "rotation": 90, "texture": "#bed_feet_top" },
        "north": { "uv": [ 10.75, 6.5, 11, 7 ], "texture": "#bed_feet_top" },
        "south": { "uv": [ 5, 6.5, 5.25, 7 ], "texture": "#bed_feet_top" },
        "west":  { "uv": [ 12.5, 6.5, 14, 7 ], "texture": "#bed_feet_top" },
        "east":  { "uv": [ 2, 6.5, 3.5, 7 ], "texture": "#bed_feet_top" }
    }
},
{
    "__comment": "Fuel Can",
    "from": [ 5, 10, 13.5 ],
    "to": [ 5.25, 11, 14 ],
    "faces": {
        "down":  { "uv": [ 2.5, 11, 2, 10.75 ], "rotation": 270, "texture": "#bed_feet_top" },
        "up":    { "uv": [ 13.5, 10.75, 14, 11 ], "rotation": 90, "texture": "#bed_feet_top" },
        "north": { "uv": [ 10.75, 5, 11, 6 ], "texture": "#bed_feet_top" },
        "south": { "uv": [ 5, 5, 5.25, 6 ], "texture": "#bed_feet_top" },
        "west":  { "uv": [ 13.5, 5, 14, 6 ], "texture": "#bed_feet_top" },
        "east":  { "uv": [ 2, 5, 2.5, 6 ], "texture": "#bed_feet_top" }
    }
},
{
    "__comment": "Fuel Can",
    "from": [ 5, 0, 6 ],
    "to": [ 5.25, 3.5, 6.5 ],
    "faces": {
        "down":  { "uv": [ 10, 11, 9.5, 10.75 ], "rotation": 270, "texture": "#bed_feet_top" },
        "up":    { "uv": [ 6, 10.75, 6.5, 11 ], "rotation": 90, "texture": "#bed_feet_top" },
        "north": { "uv": [ 10.75, 12.5, 11, 16 ], "texture": "#bed_feet_top" },
        "south": { "uv": [ 5, 12.5, 5.25, 16 ], "texture": "#bed_feet_top" },
        "west":  { "uv": [ 6, 12.5, 6.5, 16 ], "texture": "#bed_feet_top" },
        "east":  { "uv": [ 9.5, 12.5, 10, 16 ], "texture": "#bed_feet_top" }
    }
},
{
    "__comment": "Fuel Can",
    "from": [ 5, 8, 2 ],
    "to": [ 5.25, 8.5, 5.5 ],
    "faces": {
        "down":  { "uv": [ 14, 11, 10.5, 10.75 ], "rotation": 270, "texture": "#bed_feet_top" },
        "up":    { "uv": [ 2, 10.75, 5.5, 11 ], "rotation": 90, "texture": "#bed_feet_top" },
        "north": { "uv": [ 10.75, 7.5, 11, 8 ], "texture": "#bed_feet_top" },
        "south": { "uv": [ 5, 7.5, 5.25, 8 ], "texture": "#bed_feet_top" },
        "west":  { "uv": [ 2, 7.5, 5.5, 8 ], "texture": "#bed_feet_top" },
        "east":  { "uv": [ 10.5, 7.5, 14, 8 ], "texture": "#bed_feet_top" }
    }
},
{
    "__comment": "Fuel Can",
    "from": [ 5, 8.5, 2 ],
    "to": [ 5.25, 9, 5 ],
    "faces": {
        "down":  { "uv": [ 14, 11, 11, 10.75 ], "rotation": 270, "texture": "#bed_feet_top" },
        "up":    { "uv": [ 2, 10.75, 5, 11 ], "rotation": 90, "texture": "#bed_feet_top" },
        "north": { "uv": [ 10.75, 7, 11, 7.5 ], "texture": "#bed_feet_top" },
        "south": { "uv": [ 5, 7, 5.25, 7.5 ], "texture": "#bed_feet_top" },
        "west":  { "uv": [ 2, 7, 5, 7.5 ], "texture": "#bed_feet_top" },
        "east":  { "uv": [ 11, 7, 14, 7.5 ], "texture": "#bed_feet_top" }
    }
},
{
    "__comment": "Fuel Can",
    "from": [ 5, 9, 2 ],
    "to": [ 5.25, 9.5, 4.5 ],
    "faces": {
        "down":  { "uv": [ 14, 11, 11.5, 10.75 ], "rotation": 270, "texture": "#bed_feet_top" },
        "up":    { "uv": [ 2, 10.75, 4.5, 11 ], "rotation": 90, "texture": "#bed_feet_top" },
        "north": { "uv": [ 10.75, 6.5, 11, 7 ], "texture": "#bed_feet_top" },
        "south": { "uv": [ 5, 6.5, 5.25, 7 ], "texture": "#bed_feet_top" },
        "west":  { "uv": [ 2, 6.5, 4.5, 7 ], "texture": "#bed_feet_top" },
        "east":  { "uv": [ 11.5, 6.5, 14, 7 ], "texture": "#bed_feet_top" }
    }
},
{
    "__comment": "Fuel Can",
    "from": [ 5, 9.5, 2 ],
    "to": [ 5.25, 10, 4 ],
    "faces": {
        "down":  { "uv": [ 14, 11, 12, 10.75 ], "rotation": 270, "texture": "#bed_feet_top" },
        "up":    { "uv": [ 2, 10.75, 4, 11 ], "rotation": 90, "texture": "#bed_feet_top" },
        "north": { "uv": [ 10.75, 6, 11, 6.5 ], "texture": "#bed_feet_top" },
        "south": { "uv": [ 5, 6, 5.25, 6.5 ], "texture": "#bed_feet_top" },
        "west":  { "uv": [ 2, 6, 4, 6.5 ], "texture": "#bed_feet_top" },
        "east":  { "uv": [ 12, 6, 14, 6.5 ], "texture": "#bed_feet_top" }
    }
},
{
    "__comment": "Fuel Can",
    "from": [ 5, 10, 2 ],
    "to": [ 5.25, 10.5, 3.5 ],
    "faces": {
        "down":  { "uv": [ 14, 11, 12.5, 10.75 ], "rotation": 270, "texture": "#bed_feet_top" },
        "up":    { "uv": [ 2, 10.75, 3.5, 11 ], "rotation": 90, "texture": "#bed_feet_top" },
        "north": { "uv": [ 10.75, 5.5, 11, 6 ], "texture": "#bed_feet_top" },
        "south": { "uv": [ 5, 5.5, 5.25, 6 ], "texture": "#bed_feet_top" },
        "west":  { "uv": [ 2, 5.5, 3.5, 6 ], "texture": "#bed_feet_top" },
        "east":  { "uv": [ 12.5, 5.5, 14, 6 ], "texture": "#bed_feet_top" }
    }
},
{
    "__comment": "Fuel Can",
    "from": [ 5, 10.5, 2 ],
    "to": [ 5.25, 11.5, 3 ],
    "faces": {
        "down":  { "uv": [ 14, 11, 13, 10.75 ], "rotation": 270, "texture": "#bed_feet_top" },
        "up":    { "uv": [ 2, 10.75, 3, 11 ], "rotation": 90, "texture": "#bed_feet_top" },
        "north": { "uv": [ 10.75, 4.5, 11, 5.5 ], "texture": "#bed_feet_top" },
        "south": { "uv": [ 5, 4.5, 5.25, 5.5 ], "texture": "#bed_feet_top" },
        "west":  { "uv": [ 2, 4.5, 3, 5.5 ], "texture": "#bed_feet_top" },
        "east":  { "uv": [ 13, 4.5, 14, 5.5 ], "texture": "#bed_feet_top" }
    }
},
{
    "__comment": "Fuel Can",
    "from": [ 5, 11.5, 4 ],
    "to": [ 5.25, 13, 4.5 ],
    "faces": {
        "down":  { "uv": [ 12, 11, 11.5, 10.75 ], "rotation": 270, "texture": "#bed_feet_top" },
        "up":    { "uv": [ 4, 10.75, 4.5, 11 ], "rotation": 90, "texture": "#bed_feet_top" },
        "north": { "uv": [ 10.75, 3, 11, 4.5 ], "texture": "#bed_feet_top" },
        "south": { "uv": [ 5, 3, 5.25, 4.5 ], "texture": "#bed_feet_top" },
        "west":  { "uv": [ 4, 3, 4.5, 4.5 ], "texture": "#bed_feet_top" },
        "east":  { "uv": [ 11.5, 3, 12, 4.5 ], "texture": "#bed_feet_top" }
    }
},
{
    "__comment": "Fuel Can",
    "from": [ 5, 9, 6.5 ],
    "to": [ 5.25, 13, 7 ],
    "faces": {
        "down":  { "uv": [ 9.5, 11, 9, 10.75 ], "rotation": 270, "texture": "#bed_feet_top" },
        "up":    { "uv": [ 6.5, 10.75, 7, 11 ], "rotation": 90, "texture": "#bed_feet_top" },
        "north": { "uv": [ 10.75, 3, 11, 7 ], "texture": "#bed_feet_top" },
        "south": { "uv": [ 5, 3, 5.25, 7 ], "texture": "#bed_feet_top" },
        "west":  { "uv": [ 6.5, 3, 7, 7 ], "texture": "#bed_feet_top" },
        "east":  { "uv": [ 9, 3, 9.5, 7 ], "texture": "#bed_feet_top" }
    }
},
{
    "__comment": "Fuel Can",
    "from": [ 5, 9.5, 6 ],
    "to": [ 5.25, 13, 6.5 ],
    "faces": {
        "down":  { "uv": [ 10, 11, 9.5, 10.75 ], "rotation": 270, "texture": "#bed_feet_top" },
        "up":    { "uv": [ 6, 10.75, 6.5, 11 ], "rotation": 90, "texture": "#bed_feet_top" },
        "north": { "uv": [ 10.75, 3, 11, 6.5 ], "texture": "#bed_feet_top" },
        "south": { "uv": [ 5, 3, 5.25, 6.5 ], "texture": "#bed_feet_top" },
        "west":  { "uv": [ 6, 3, 6.5, 6.5 ], "texture": "#bed_feet_top" },
        "east":  { "uv": [ 9.5, 3, 10, 6.5 ], "texture": "#bed_feet_top" }
    }
},
{
    "__comment": "Fuel Can",
    "from": [ 5, 10, 5.5 ],
    "to": [ 5.25, 13, 6 ],
    "faces": {
        "down":  { "uv": [ 10.5, 11, 10, 10.75 ], "rotation": 270, "texture": "#bed_feet_top" },
        "up":    { "uv": [ 5.5, 10.75, 6, 11 ], "rotation": 90, "texture": "#bed_feet_top" },
        "north": { "uv": [ 10.75, 3, 11, 6 ], "texture": "#bed_feet_top" },
        "south": { "uv": [ 5, 3, 5.25, 6 ], "texture": "#bed_feet_top" },
        "west":  { "uv": [ 5.5, 3, 6, 6 ], "texture": "#bed_feet_top" },
        "east":  { "uv": [ 10, 3, 10.5, 6 ], "texture": "#bed_feet_top" }
    }
},
{
    "__comment": "Fuel Can",
    "from": [ 5, 10.5, 5 ],
    "to": [ 5.25, 13, 5.5 ],
    "faces": {
        "down":  { "uv": [ 11, 11, 10.5, 10.75 ], "rotation": 270, "texture": "#bed_feet_top" },
        "up":    { "uv": [ 5, 10.75, 5.5, 11 ], "rotation": 90, "texture": "#bed_feet_top" },
        "north": { "uv": [ 10.75, 3, 11, 5.5 ], "texture": "#bed_feet_top" },
        "south": { "uv": [ 5, 3, 5.25, 5.5 ], "texture": "#bed_feet_top" },
        "west":  { "uv": [ 5, 3, 5.5, 5.5 ], "texture": "#bed_feet_top" },
        "east":  { "uv": [ 10.5, 3, 11, 5.5 ], "texture": "#bed_feet_top" }
    }
},
{
    "__comment": "Fuel Can",
    "from": [ 5, 11.5, 2 ],
    "to": [ 5.25, 13, 3 ],
    "faces": {
        "down":  { "uv": [ 14, 11, 13, 10.75 ], "rotation": 270, "texture": "#bed_feet_top" },
        "up":    { "uv": [ 2, 10.75, 3, 11 ], "rotation": 90, "texture": "#bed_feet_top" },
        "north": { "uv": [ 10.75, 3, 11, 4.5 ], "texture": "#bed_feet_top" },
        "south": { "uv": [ 5, 3, 5.25, 4.5 ], "texture": "#bed_feet_top" },
        "west":  { "uv": [ 2, 3, 3, 4.5 ], "texture": "#bed_feet_top" },
        "east":  { "uv": [ 13, 3, 14, 4.5 ], "texture": "#bed_feet_top" }
    }
},
{
    "__comment": "Fuel Can",
    "from": [ 5, 12, 3 ],
    "to": [ 5.25, 13, 4 ],
    "faces": {
        "down":  { "uv": [ 13, 11, 12, 10.75 ], "rotation": 270, "texture": "#bed_feet_top" },
        "up":    { "uv": [ 3, 10.75, 4, 11 ], "rotation": 90, "texture": "#bed_feet_top" },
        "north": { "uv": [ 10.75, 3, 11, 4 ], "texture": "#bed_feet_top" },
        "south": { "uv": [ 5, 3, 5.25, 4 ], "texture": "#bed_feet_top" },
        "west":  { "uv": [ 3, 3, 4, 4 ], "texture": "#bed_feet_top" },
        "east":  { "uv": [ 12, 3, 13, 4 ], "texture": "#bed_feet_top" }
    }
},
{
    "__comment": "Fuel Can",
    "from": [ 5, 5, 2 ],
    "to": [ 5.25, 8, 6 ],
    "faces": {
        "down":  { "uv": [ 14, 11, 10, 10.75 ], "rotation": 270, "texture": "#bed_feet_top" },
        "up":    { "uv": [ 2, 10.75, 6, 11 ], "rotation": 90, "texture": "#bed_feet_top" },
        "north": { "uv": [ 10.75, 8, 11, 11 ], "texture": "#bed_feet_top" },
        "south": { "uv": [ 5, 8, 5.25, 11 ], "texture": "#bed_feet_top" },
        "west":  { "uv": [ 2, 8, 6, 11 ], "texture": "#bed_feet_top" },
        "east":  { "uv": [ 10, 8, 14, 11 ], "texture": "#bed_feet_top" }
    }
},
{
    "__comment": "Fuel Can",
    "from": [ 5, 4.5, 2 ],
    "to": [ 5.25, 5, 5.5 ],
    "faces": {
        "down":  { "uv": [ 14, 11, 10.5, 10.75 ], "rotation": 270, "texture": "#bed_feet_top" },
        "up":    { "uv": [ 2, 10.75, 5.5, 11 ], "rotation": 90, "texture": "#bed_feet_top" },
        "north": { "uv": [ 10.75, 11, 11, 11.5 ], "texture": "#bed_feet_top" },
        "south": { "uv": [ 5, 11, 5.25, 11.5 ], "texture": "#bed_feet_top" },
        "west":  { "uv": [ 2, 11, 5.5, 11.5 ], "texture": "#bed_feet_top" },
        "east":  { "uv": [ 10.5, 11, 14, 11.5 ], "texture": "#bed_feet_top" }
    }
},
{
    "__comment": "Fuel Can",
    "from": [ 5, 4, 2 ],
    "to": [ 5.25, 4.5, 5 ],
    "faces": {
        "down":  { "uv": [ 14, 11, 11, 10.75 ], "rotation": 270, "texture": "#bed_feet_top" },
        "up":    { "uv": [ 2, 10.75, 5, 11 ], "rotation": 90, "texture": "#bed_feet_top" },
        "north": { "uv": [ 10.75, 11.5, 11, 12 ], "texture": "#bed_feet_top" },
        "south": { "uv": [ 5, 11.5, 5.25, 12 ], "texture": "#bed_feet_top" },
        "west":  { "uv": [ 2, 11.5, 5, 12 ], "texture": "#bed_feet_top" },
        "east":  { "uv": [ 11, 11.5, 14, 12 ], "texture": "#bed_feet_top" }
    }
},
{
    "__comment": "Fuel Can",
    "from": [ 5, 3.5, 2 ],
    "to": [ 5.25, 4, 4.5 ],
    "faces": {
        "down":  { "uv": [ 14, 11, 11.5, 10.75 ], "rotation": 270, "texture": "#bed_feet_top" },
        "up":    { "uv": [ 2, 10.75, 4.5, 11 ], "rotation": 90, "texture": "#bed_feet_top" },
        "north": { "uv": [ 10.75, 12, 11, 12.5 ], "texture": "#bed_feet_top" },
        "south": { "uv": [ 5, 12, 5.25, 12.5 ], "texture": "#bed_feet_top" },
        "west":  { "uv": [ 2, 12, 4.5, 12.5 ], "texture": "#bed_feet_top" },
        "east":  { "uv": [ 11.5, 12, 14, 12.5 ], "texture": "#bed_feet_top" }
    }
},
{
    "__comment": "Fuel Can",
    "from": [ 5, 3, 2 ],
    "to": [ 5.25, 3.5, 4 ],
    "faces": {
        "down":  { "uv": [ 14, 11, 12, 10.75 ], "rotation": 270, "texture": "#bed_feet_top" },
        "up":    { "uv": [ 2, 10.75, 4, 11 ], "rotation": 90, "texture": "#bed_feet_top" },
        "north": { "uv": [ 10.75, 12.5, 11, 13 ], "texture": "#bed_feet_top" },
        "south": { "uv": [ 5, 12.5, 5.25, 13 ], "texture": "#bed_feet_top" },
        "west":  { "uv": [ 2, 12.5, 4, 13 ], "texture": "#bed_feet_top" },
        "east":  { "uv": [ 12, 12.5, 14, 13 ], "texture": "#bed_feet_top" }
    }
},
{
    "__comment": "Fuel Can",
    "from": [ 5, 2.5, 2 ],
    "to": [ 5.25, 3, 3.5 ],
    "faces": {
        "down":  { "uv": [ 14, 11, 12.5, 10.75 ], "rotation": 270, "texture": "#bed_feet_top" },
        "up":    { "uv": [ 2, 10.75, 3.5, 11 ], "rotation": 90, "texture": "#bed_feet_top" },
        "north": { "uv": [ 10.75, 13, 11, 13.5 ], "texture": "#bed_feet_top" },
        "south": { "uv": [ 5, 13, 5.25, 13.5 ], "texture": "#bed_feet_top" },
        "west":  { "uv": [ 2, 13, 3.5, 13.5 ], "texture": "#bed_feet_top" },
        "east":  { "uv": [ 12.5, 13, 14, 13.5 ], "texture": "#bed_feet_top" }
    }
},
{
    "__comment": "Fuel Can",
    "from": [ 5, 2, 2 ],
    "to": [ 5.25, 2.5, 3 ],
    "faces": {
        "down":  { "uv": [ 14, 11, 13, 10.75 ], "rotation": 270, "texture": "#bed_feet_top" },
        "up":    { "uv": [ 2, 10.75, 3, 11 ], "rotation": 90, "texture": "#bed_feet_top" },
        "north": { "uv": [ 10.75, 13.5, 11, 14 ], "texture": "#bed_feet_top" },
        "south": { "uv": [ 5, 13.5, 5.25, 14 ], "texture": "#bed_feet_top" },
        "west":  { "uv": [ 2, 13.5, 3, 14 ], "texture": "#bed_feet_top" },
        "east":  { "uv": [ 13, 13.5, 14, 14 ], "texture": "#bed_feet_top" }
    }
},
{
    "__comment": "Fuel Can",
    "from": [ 5, 0, 2 ],
    "to": [ 5.25, 2, 2.5 ],
    "faces": {
        "down":  { "uv": [ 14, 11, 13.5, 10.75 ], "rotation": 270, "texture": "#bed_feet_top" },
        "up":    { "uv": [ 2, 10.75, 2.5, 11 ], "rotation": 90, "texture": "#bed_feet_top" },
        "north": { "uv": [ 10.75, 14, 11, 16 ], "texture": "#bed_feet_top" },
        "south": { "uv": [ 5, 14, 5.25, 16 ], "texture": "#bed_feet_top" },
        "west":  { "uv": [ 2, 14, 2.5, 16 ], "texture": "#bed_feet_top" },
        "east":  { "uv": [ 13.5, 14, 14, 16 ], "texture": "#bed_feet_top" }
    }
},
{
    "__comment": "Fuel Can",
    "from": [ 5, 0, 2.5 ],
    "to": [ 5.25, 1, 6 ],
    "faces": {
        "down":  { "uv": [ 13.5, 11, 10, 10.75 ], "rotation": 270, "texture": "#bed_feet_top" },
        "up":    { "uv": [ 2.5, 10.75, 6, 11 ], "rotation": 90, "texture": "#bed_feet_top" },
        "north": { "uv": [ 10.75, 15, 11, 16 ], "texture": "#bed_feet_top" },
        "south": { "uv": [ 5, 15, 5.25, 16 ], "texture": "#bed_feet_top" },
        "west":  { "uv": [ 2.5, 15, 6, 16 ], "texture": "#bed_feet_top" },
        "east":  { "uv": [ 10, 15, 13.5, 16 ], "texture": "#bed_feet_top" }
    }
},
{
    "__comment": "Fuel Can",
    "from": [ 5, 1, 4 ],
    "to": [ 5.25, 1.5, 6 ],
    "faces": {
        "down":  { "uv": [ 12, 11, 10, 10.75 ], "rotation": 270, "texture": "#bed_feet_top" },
        "up":    { "uv": [ 4, 10.75, 6, 11 ], "rotation": 90, "texture": "#bed_feet_top" },
        "north": { "uv": [ 10.75, 14.5, 11, 15 ], "texture": "#bed_feet_top" },
        "south": { "uv": [ 5, 14.5, 5.25, 15 ], "texture": "#bed_feet_top" },
        "west":  { "uv": [ 4, 14.5, 6, 15 ], "texture": "#bed_feet_top" },
        "east":  { "uv": [ 10, 14.5, 12, 15 ], "texture": "#bed_feet_top" }
    }
},
{
    "__comment": "Fuel Can",
    "from": [ 5, 1.5, 4.5 ],
    "to": [ 5.25, 2, 6 ],
    "faces": {
        "down":  { "uv": [ 11.5, 11, 10, 10.75 ], "rotation": 270, "texture": "#bed_feet_top" },
        "up":    { "uv": [ 4.5, 10.75, 6, 11 ], "rotation": 90, "texture": "#bed_feet_top" },
        "north": { "uv": [ 10.75, 14, 11, 14.5 ], "texture": "#bed_feet_top" },
        "south": { "uv": [ 5, 14, 5.25, 14.5 ], "texture": "#bed_feet_top" },
        "west":  { "uv": [ 4.5, 14, 6, 14.5 ], "texture": "#bed_feet_top" },
        "east":  { "uv": [ 10, 14, 11.5, 14.5 ], "texture": "#bed_feet_top" }
    }
},
{
    "__comment": "Fuel Can",
    "from": [ 5, 2, 5 ],
    "to": [ 5.25, 2.5, 6 ],
    "faces": {
        "down":  { "uv": [ 11, 11, 10, 10.75 ], "rotation": 270, "texture": "#bed_feet_top" },
        "up":    { "uv": [ 5, 10.75, 6, 11 ], "rotation": 90, "texture": "#bed_feet_top" },
        "north": { "uv": [ 10.75, 13.5, 11, 14 ], "texture": "#bed_feet_top" },
        "south": { "uv": [ 5, 13.5, 5.25, 14 ], "texture": "#bed_feet_top" },
        "west":  { "uv": [ 5, 13.5, 6, 14 ], "texture": "#bed_feet_top" },
        "east":  { "uv": [ 10, 13.5, 11, 14 ], "texture": "#bed_feet_top" }
    }
},
{
    "__comment": "Fuel Can",
    "from": [ 5, 0, 12.5 ],
    "to": [ 5.25, 0.5, 14 ],
    "faces": {
        "down":  { "uv": [ 3.5, 11, 2, 10.75 ], "rotation": 270, "texture": "#bed_feet_top" },
        "up":    { "uv": [ 12.5, 10.75, 14, 11 ], "rotation": 90, "texture": "#bed_feet_top" },
        "north": { "uv": [ 10.75, 15.5, 11, 16 ], "texture": "#bed_feet_top" },
        "south": { "uv": [ 5, 15.5, 5.25, 16 ], "texture": "#bed_feet_top" },
        "west":  { "uv": [ 12.5, 15.5, 14, 16 ], "texture": "#bed_feet_top" },
        "east":  { "uv": [ 2, 15.5, 3.5, 16 ], "texture": "#bed_feet_top" }
    }
},
{
    "__comment": "Fuel Can",
    "from": [ 5, 2.5, 5.5 ],
    "to": [ 5.25, 3, 6 ],
    "faces": {
        "down":  { "uv": [ 10.5, 11, 10, 10.75 ], "rotation": 270, "texture": "#bed_feet_top" },
        "up":    { "uv": [ 5.5, 10.75, 6, 11 ], "rotation": 90, "texture": "#bed_feet_top" },
        "north": { "uv": [ 10.75, 13, 11, 13.5 ], "texture": "#bed_feet_top" },
        "south": { "uv": [ 5, 13, 5.25, 13.5 ], "texture": "#bed_feet_top" },
        "west":  { "uv": [ 5.5, 13, 6, 13.5 ], "texture": "#bed_feet_top" },
        "east":  { "uv": [ 10, 13, 10.5, 13.5 ], "texture": "#bed_feet_top" }
    }
},
{
    "__comment": "Fuel Can",
    "from": [ 5, 4, 11 ],
    "to": [ 5.25, 4.5, 11.5 ],
    "faces": {
        "down":  { "uv": [ 5, 11, 4.5, 10.75 ], "rotation": 270, "texture": "#bed_feet_top" },
        "up":    { "uv": [ 11, 10.75, 11.5, 11 ], "rotation": 90, "texture": "#bed_feet_top" },
        "north": { "uv": [ 10.75, 11.5, 11, 12 ], "texture": "#bed_feet_top" },
        "south": { "uv": [ 5, 11.5, 5.25, 12 ], "texture": "#bed_feet_top" },
        "west":  { "uv": [ 11, 11.5, 11.5, 12 ], "texture": "#bed_feet_top" },
        "east":  { "uv": [ 4.5, 11.5, 5, 12 ], "texture": "#bed_feet_top" }
    }
},
{
    "__comment": "Fuel Can",
    "from": [ 5, 0, 10 ],
    "to": [ 5.25, 3, 10.5 ],
    "faces": {
        "down":  { "uv": [ 6, 11, 5.5, 10.75 ], "rotation": 270, "texture": "#bed_feet_top" },
        "up":    { "uv": [ 10, 10.75, 10.5, 11 ], "rotation": 90, "texture": "#bed_feet_top" },
        "north": { "uv": [ 10.75, 13, 11, 16 ], "texture": "#bed_feet_top" },
        "south": { "uv": [ 5, 13, 5.25, 16 ], "texture": "#bed_feet_top" },
        "west":  { "uv": [ 10, 13, 10.5, 16 ], "texture": "#bed_feet_top" },
        "east":  { "uv": [ 5.5, 13, 6, 16 ], "texture": "#bed_feet_top" }
    }
},
{
    "__comment": "Fuel Can",
    "from": [ 5, 0, 10.5 ],
    "to": [ 5.25, 2.5, 11 ],
    "faces": {
        "down":  { "uv": [ 5.5, 11, 5, 10.75 ], "rotation": 270, "texture": "#bed_feet_top" },
        "up":    { "uv": [ 10.5, 10.75, 11, 11 ], "rotation": 90, "texture": "#bed_feet_top" },
        "north": { "uv": [ 10.75, 13.5, 11, 16 ], "texture": "#bed_feet_top" },
        "south": { "uv": [ 5, 13.5, 5.25, 16 ], "texture": "#bed_feet_top" },
        "west":  { "uv": [ 10.5, 13.5, 11, 16 ], "texture": "#bed_feet_top" },
        "east":  { "uv": [ 5, 13.5, 5.5, 16 ], "texture": "#bed_feet_top" }
    }
},
{
    "__comment": "Fuel Can",
    "from": [ 5, 0, 11 ],
    "to": [ 5.25, 2, 11.5 ],
    "faces": {
        "down":  { "uv": [ 5, 11, 4.5, 10.75 ], "rotation": 270, "texture": "#bed_feet_top" },
        "up":    { "uv": [ 11, 10.75, 11.5, 11 ], "rotation": 90, "texture": "#bed_feet_top" },
        "north": { "uv": [ 10.75, 14, 11, 16 ], "texture": "#bed_feet_top" },
        "south": { "uv": [ 5, 14, 5.25, 16 ], "texture": "#bed_feet_top" },
        "west":  { "uv": [ 11, 14, 11.5, 16 ], "texture": "#bed_feet_top" },
        "east":  { "uv": [ 4.5, 14, 5, 16 ], "texture": "#bed_feet_top" }
    }
},
{
    "__comment": "Fuel Can",
    "from": [ 5, 0, 11.5 ],
    "to": [ 5.25, 1.5, 12 ],
    "faces": {
        "down":  { "uv": [ 4.5, 11, 4, 10.75 ], "rotation": 270, "texture": "#bed_feet_top" },
        "up":    { "uv": [ 11.5, 10.75, 12, 11 ], "rotation": 90, "texture": "#bed_feet_top" },
        "north": { "uv": [ 10.75, 14.5, 11, 16 ], "texture": "#bed_feet_top" },
        "south": { "uv": [ 5, 14.5, 5.25, 16 ], "texture": "#bed_feet_top" },
        "west":  { "uv": [ 11.5, 14.5, 12, 16 ], "texture": "#bed_feet_top" },
        "east":  { "uv": [ 4, 14.5, 4.5, 16 ], "texture": "#bed_feet_top" }
    }
},
{
    "__comment": "Fuel Can",
    "from": [ 5, 0, 12 ],
    "to": [ 5.25, 1, 12.5 ],
    "faces": {
        "down":  { "uv": [ 4, 11, 3.5, 10.75 ], "rotation": 270, "texture": "#bed_feet_top" },
        "up":    { "uv": [ 12, 10.75, 12.5, 11 ], "rotation": 90, "texture": "#bed_feet_top" },
        "north": { "uv": [ 10.75, 15, 11, 16 ], "texture": "#bed_feet_top" },
        "south": { "uv": [ 5, 15, 5.25, 16 ], "texture": "#bed_feet_top" },
        "west":  { "uv": [ 12, 15, 12.5, 16 ], "texture": "#bed_feet_top" },
        "east":  { "uv": [ 3.5, 15, 4, 16 ], "texture": "#bed_feet_top" }
    }
},
{
    "__comment": "Fuel Can",
    "from": [ 5, 0.5, 13.5 ],
    "to": [ 5.25, 4.5, 14 ],
    "faces": {
        "down":  { "uv": [ 2.5, 11, 2, 10.75 ], "rotation": 270, "texture": "#bed_feet_top" },
        "up":    { "uv": [ 13.5, 10.75, 14, 11 ], "rotation": 90, "texture": "#bed_feet_top" },
        "north": { "uv": [ 10.75, 11.5, 11, 15.5 ], "texture": "#bed_feet_top" },
        "south": { "uv": [ 5, 11.5, 5.25, 15.5 ], "texture": "#bed_feet_top" },
        "west":  { "uv": [ 13.5, 11.5, 14, 15.5 ], "texture": "#bed_feet_top" },
        "east":  { "uv": [ 2, 11.5, 2.5, 15.5 ], "texture": "#bed_feet_top" }
    }
},
{
    "__comment": "Fuel Can",
    "from": [ 5, 0, 9.5 ],
    "to": [ 5.25, 3.5, 10 ],
    "faces": {
        "down":  { "uv": [ 6.5, 11, 6, 10.75 ], "rotation": 270, "texture": "#bed_feet_top" },
        "up":    { "uv": [ 9.5, 10.75, 10, 11 ], "rotation": 90, "texture": "#bed_feet_top" },
        "north": { "uv": [ 10.75, 12.5, 11, 16 ], "texture": "#bed_feet_top" },
        "south": { "uv": [ 5, 12.5, 5.25, 16 ], "texture": "#bed_feet_top" },
        "west":  { "uv": [ 9.5, 12.5, 10, 16 ], "texture": "#bed_feet_top" },
        "east":  { "uv": [ 6, 12.5, 6.5, 16 ], "texture": "#bed_feet_top" }
    }
},
{
    "__comment": "Fuel Can",
    "from": [ 5, 2, 13 ],
    "to": [ 5.25, 4.5, 13.5 ],
    "faces": {
        "down":  { "uv": [ 3, 11, 2.5, 10.75 ], "rotation": 270, "texture": "#bed_feet_top" },
        "up":    { "uv": [ 13, 10.75, 13.5, 11 ], "rotation": 90, "texture": "#bed_feet_top" },
        "north": { "uv": [ 10.75, 11.5, 11, 14 ], "texture": "#bed_feet_top" },
        "south": { "uv": [ 5, 11.5, 5.25, 14 ], "texture": "#bed_feet_top" },
        "west":  { "uv": [ 13, 11.5, 13.5, 14 ], "texture": "#bed_feet_top" },
        "east":  { "uv": [ 2.5, 11.5, 3, 14 ], "texture": "#bed_feet_top" }
    }
},
{
    "__comment": "Fuel Can",
    "from": [ 5, 2.5, 12.5 ],
    "to": [ 5.25, 4.5, 13 ],
    "faces": {
        "down":  { "uv": [ 3.5, 11, 3, 10.75 ], "rotation": 270, "texture": "#bed_feet_top" },
        "up":    { "uv": [ 12.5, 10.75, 13, 11 ], "rotation": 90, "texture": "#bed_feet_top" },
        "north": { "uv": [ 10.75, 11.5, 11, 13.5 ], "texture": "#bed_feet_top" },
        "south": { "uv": [ 5, 11.5, 5.25, 13.5 ], "texture": "#bed_feet_top" },
        "west":  { "uv": [ 12.5, 11.5, 13, 13.5 ], "texture": "#bed_feet_top" },
        "east":  { "uv": [ 3, 11.5, 3.5, 13.5 ], "texture": "#bed_feet_top" }
    }
},
{
    "__comment": "Fuel Can",
    "from": [ 5, 3, 12 ],
    "to": [ 5.25, 4.5, 12.5 ],
    "faces": {
        "down":  { "uv": [ 4, 11, 3.5, 10.75 ], "rotation": 270, "texture": "#bed_feet_top" },
        "up":    { "uv": [ 12, 10.75, 12.5, 11 ], "rotation": 90, "texture": "#bed_feet_top" },
        "north": { "uv": [ 10.75, 11.5, 11, 13 ], "texture": "#bed_feet_top" },
        "south": { "uv": [ 5, 11.5, 5.25, 13 ], "texture": "#bed_feet_top" },
        "west":  { "uv": [ 12, 11.5, 12.5, 13 ], "texture": "#bed_feet_top" },
        "east":  { "uv": [ 3.5, 11.5, 4, 13 ], "texture": "#bed_feet_top" }
    }
},
{
    "__comment": "Fuel Can",
    "from": [ 5, 3.5, 11.5 ],
    "to": [ 5.25, 4.5, 12 ],
    "faces": {
        "down":  { "uv": [ 4.5, 11, 4, 10.75 ], "rotation": 270, "texture": "#bed_feet_top" },
        "up":    { "uv": [ 11.5, 10.75, 12, 11 ], "rotation": 90, "texture": "#bed_feet_top" },
        "north": { "uv": [ 10.75, 11.5, 11, 12.5 ], "texture": "#bed_feet_top" },
        "south": { "uv": [ 5, 11.5, 5.25, 12.5 ], "texture": "#bed_feet_top" },
        "west":  { "uv": [ 11.5, 11.5, 12, 12.5 ], "texture": "#bed_feet_top" },
        "east":  { "uv": [ 4, 11.5, 4.5, 12.5 ], "texture": "#bed_feet_top" }
    }
},
{
    "__comment": "Fuel Can",
    "from": [ 5.75, 14.5, 13.5 ],
    "to": [ 9.75, 15, 14 ],
    "faces": {
        "down":  { "uv": [ 2.5, 10, 2, 6 ], "rotation": 270, "texture": "#bed_feet_top" },
        "up":    { "uv": [ 13.5, 6, 14, 10 ], "rotation": 90, "texture": "#bed_feet_top" },
        "north": { "uv": [ 6, 1, 10, 1.5 ], "texture": "#bed_feet_top" },
        "south": { "uv": [ 6, 1, 10, 1.5 ], "texture": "#bed_feet_top" },
        "west":  { "uv": [ 13.5, 1, 14, 1.5 ], "texture": "#bed_feet_top" },
        "east":  { "uv": [ 2, 1, 2.5, 1.5 ], "texture": "#bed_feet_top" }
    }
},
{
    "__comment": "Fuel Can",
    "from": [ 8.8525, 12.85, 2.75 ],
    "to": [ 9.3525, 13.35, 4.75 ],
    "rotation": { "origin": [ 8.8525, 13.35, 2.75 ], "axis": "x", "angle": -22.5 },
    "faces": {
        "down":  { "uv": [ 8.8125, 2.75, 9.3125, 4.75 ], "texture": "#wool_colored_silver" },
        "up":    { "uv": [ 8.8125, 2.75, 9.3125, 4.75 ], "texture": "#wool_colored_silver" },
        "north": { "uv": [ 8.8125, 2.625, 9.3125, 3.125 ], "texture": "#wool_colored_silver" },
        "south": { "uv": [ 8.8125, 2.625, 9.3125, 3.125 ], "texture": "#wool_colored_silver" },
        "west":  { "uv": [ 2.75, 2.625, 4.75, 3.125 ], "texture": "#wool_colored_silver" },
        "east":  { "uv": [ 2.75, 2.625, 4.75, 3.125 ], "texture": "#wool_colored_silver" }
    }
},
{
    "__comment": "Fuel Can",
    "from": [ 8.85, 13.5, 4.5 ],
    "to": [ 9.35, 14, 6.5 ],
    "faces": {
        "down":  { "uv": [ 8.8125, 4.5, 9.3125, 6.5 ], "texture": "#bed_feet_top" },
        "up":    { "uv": [ 8.8125, 4.5, 9.3125, 6.5 ], "texture": "#bed_feet_top" },
        "north": { "uv": [ 8.8125, 2, 9.3125, 2.5 ], "texture": "#bed_feet_top" },
        "south": { "uv": [ 8.8125, 2, 9.3125, 2.5 ], "texture": "#bed_feet_top" },
        "west":  { "uv": [ 4.5, 2, 6.5, 2.5 ], "texture": "#bed_feet_top" },
        "east":  { "uv": [ 4.5, 2, 6.5, 2.5 ], "texture": "#bed_feet_top" }
    }
},
{
    "__comment": "Fuel Can",
    "from": [ 6.65, 13.5, 4.5 ],
    "to": [ 7.15, 14, 6.5 ],
    "faces": {
        "down":  { "uv": [ 4, 8.5, 4.5, 10.5 ], "texture": "#bed_feet_top" },
        "up":    { "uv": [ 3.5, 8, 4, 10 ], "texture": "#bed_feet_top" },
        "north": { "uv": [ 6.625, 2, 7.125, 2.5 ], "texture": "#bed_feet_top" },
        "south": { "uv": [ 6.625, 2, 7.125, 2.5 ], "texture": "#bed_feet_top" },
        "west":  { "uv": [ 4.5, 2, 6.5, 2.5 ], "texture": "#bed_feet_top" },
        "east":  { "uv": [ 4.5, 2, 6.5, 2.5 ], "texture": "#bed_feet_top" }
    }
}
],
"display": {
    "thirdperson_righthand": {
        "rotation": [ 65, 0, 0 ],
        "translation": [ 0, -2.65, -2.83 ],
        "scale": [ 0.6, 0.6, 0.6 ]
    },
    "thirdperson_lefthand": {
        "rotation": [ 65, 0, 0 ],
        "translation": [ 0, -2.65, -2.83 ],
        "scale": [ 0.6, 0.6, 0.6 ]
    },
    "head": {
        "rotation": [ 0, 0, 0 ],
        "translation": [ 0, -7, 0 ],
        "scale": [ 4, 4, 4 ]
    },
    "ground": {
        "rotation": [ 0, 0, 0 ],
        "translation": [ 0, 2, 0 ],
        "scale": [ 0.6, 0.6, 0.6 ]
    },
    "fixed": {
        "rotation": [ 0, 72, 0 ],
        "translation": [ 0, -4.16, -11.91 ],
        "scale": [ 1.7, 1.7, 1.7 ]
    },
    "firstperson_righthand": {
        "rotation": [ 0, 0, 0 ],
        "translation": [ 0, 0, 0 ],
        "scale": [ 0.6, 0.6, 0.6 ]
    },
    "firstperson_lefthand": {
        "rotation": [ 0, 0, 0 ],
        "translation": [ 0, 0, 0 ],
        "scale": [ 0.6, 0.6, 0.6 ]
    },
    "gui": {
        "rotation": [ 30, 45, 0 ],
        "translation": [ 0, 0.5, 0 ],
        "scale": [ 0.57, 0.8, 0.7 ]
    }
}
}