{
	"__comment": "Разработано специально для Hard-Days.SU  ::  If you steal our models - you PIDOR!",
"textures": {
    "particle": "blocks/stone_granite_smooth",
    "wool_colored_pale_green": "blocks/wool_colored_dark_green",
    "end_stone": "blocks/sandstone_top",
    "bedrock": "blocks/wool_colored_black"
},
"elements": [ 
{
    "__comment": "Rocket Shaft",
    "from": [ 8.7, 8, 8 ],
    "to": [ 9.7, 8.75, 8.75 ],
    "faces": {
        "down":  { "uv": [ 7.3, 8.75, 6.3, 8 ], "texture": "#end_stone" },
        "up":    { "uv": [ 8.7, 8, 9.7, 8.75 ], "texture": "#end_stone" },
        "north": { "uv": [ 6.3, 7.25, 7.3, 8 ], "texture": "#end_stone" },
        "south": { "uv": [ 8.7, 7.25, 9.7, 8 ], "texture": "#end_stone" },
        "west":  { "uv": [ 8, 7.25, 8.75, 8 ], "texture": "#end_stone" },
        "east":  { "uv": [ 7.25, 7.25, 8, 8 ], "texture": "#end_stone" }
    }
},
{
    "__comment": "Rocket Shaft",
    "from": [ 8.5, 8, 8 ],
    "to": [ 8.7, 8.75, 8.75 ],
    "faces": {
        "down":  { "uv": [ 7.5, 8.75, 7.3, 8 ], "texture": "#bedrock" },
        "up":    { "uv": [ 8.5, 8, 8.7, 8.75 ], "texture": "#bedrock" },
        "north": { "uv": [ 7.3, 7.25, 7.5, 8 ], "texture": "#bedrock" },
        "south": { "uv": [ 8.5, 7.25, 8.7, 8 ], "texture": "#bedrock" },
        "west":  { "uv": [ 8, 7.25, 8.75, 8 ], "texture": "#bedrock" },
        "east":  { "uv": [ 7.25, 7.25, 8, 8 ], "texture": "#bedrock" }
    }
},
{
    "__comment": "Rocket Shaft",
    "from": [ 11.2, 8, 8 ],
    "to": [ 11.7, 8.75, 8.75 ],
    "faces": {
        "down":  { "uv": [ 4.8, 8.75, 4.3, 8 ], "texture": "#bedrock" },
        "up":    { "uv": [ 11.2, 8, 11.7, 8.75 ], "texture": "#bedrock" },
        "north": { "uv": [ 4.3, 7.25, 4.8, 8 ], "texture": "#bedrock" },
        "south": { "uv": [ 11.2, 7.25, 11.7, 8 ], "texture": "#bedrock" },
        "west":  { "uv": [ 8, 7.25, 8.75, 8 ], "texture": "#bedrock" },
        "east":  { "uv": [ 7.25, 7.25, 8, 8 ], "texture": "#bedrock" }
    }
},
{
    "__comment": "Rocket Shaft",
    "from": [ 11.7, 8, 8 ],
    "to": [ 13.8, 8.75, 8.75 ],
    "faces": {
        "down":  { "uv": [ 4.3, 8.75, 2.2, 8 ], "texture": "#end_stone" },
        "up":    { "uv": [ 11.7, 8, 13.8, 8.75 ], "texture": "#end_stone" },
        "north": { "uv": [ 2.2, 7.25, 4.3, 8 ], "texture": "#end_stone" },
        "south": { "uv": [ 11.7, 7.25, 13.8, 8 ], "texture": "#end_stone" },
        "west":  { "uv": [ 8, 7.25, 8.75, 8 ], "texture": "#end_stone" },
        "east":  { "uv": [ 7.25, 7.25, 8, 8 ], "texture": "#end_stone" }
    }
},
{
    "__comment": "Rocket Shaft",
    "from": [ 9.7, 8, 8 ],
    "to": [ 9.9, 8.75, 8.75 ],
    "faces": {
        "down":  { "uv": [ 6.3, 8.75, 6.1, 8 ], "texture": "#bedrock" },
        "up":    { "uv": [ 9.7, 8, 9.9, 8.75 ], "texture": "#bedrock" },
        "north": { "uv": [ 6.1, 7.25, 6.3, 8 ], "texture": "#bedrock" },
        "south": { "uv": [ 9.7, 7.25, 9.9, 8 ], "texture": "#bedrock" },
        "west":  { "uv": [ 8, 7.25, 8.75, 8 ], "texture": "#bedrock" },
        "east":  { "uv": [ 7.25, 7.25, 8, 8 ], "texture": "#bedrock" }
    }
},
{
    "__comment": "Rocket Shaft",
    "from": [ 9.9, 8, 8 ],
    "to": [ 10.5, 8.75, 8.75 ],
    "faces": {
        "down":  { "uv": [ 6.1, 8.75, 5.5, 8 ], "texture": "#end_stone" },
        "up":    { "uv": [ 9.9, 8, 10.5, 8.75 ], "texture": "#end_stone" },
        "north": { "uv": [ 5.5, 7.25, 6.1, 8 ], "texture": "#end_stone" },
        "south": { "uv": [ 9.9, 7.25, 10.5, 8 ], "texture": "#end_stone" },
        "west":  { "uv": [ 8, 7.25, 8.75, 8 ], "texture": "#end_stone" },
        "east":  { "uv": [ 7.25, 7.25, 8, 8 ], "texture": "#end_stone" }
    }
},
{
    "__comment": "Rocket Shaft",
    "from": [ 10.5, 8, 8 ],
    "to": [ 10.7, 8.75, 8.75 ],
    "faces": {
        "down":  { "uv": [ 5.5, 8.75, 5.3, 8 ], "texture": "#bedrock" },
        "up":    { "uv": [ 10.5, 8, 10.7, 8.75 ], "texture": "#bedrock" },
        "north": { "uv": [ 5.3, 7.25, 5.5, 8 ], "texture": "#bedrock" },
        "south": { "uv": [ 10.5, 7.25, 10.7, 8 ], "texture": "#bedrock" },
        "west":  { "uv": [ 8, 7.25, 8.75, 8 ], "texture": "#bedrock" },
        "east":  { "uv": [ 7.25, 7.25, 8, 8 ], "texture": "#bedrock" }
    }
},
{
    "__comment": "Rocket Shaft",
    "from": [ 10.7, 8, 8 ],
    "to": [ 11.2, 8.75, 8.75 ],
    "faces": {
        "down":  { "uv": [ 5.3, 8.75, 4.8, 8 ], "texture": "#end_stone" },
        "up":    { "uv": [ 10.7, 8, 11.2, 8.75 ], "texture": "#end_stone" },
        "north": { "uv": [ 4.8, 7.25, 5.3, 8 ], "texture": "#end_stone" },
        "south": { "uv": [ 10.7, 7.25, 11.2, 8 ], "texture": "#end_stone" },
        "west":  { "uv": [ 8, 7.25, 8.75, 8 ], "texture": "#end_stone" },
        "east":  { "uv": [ 7.25, 7.25, 8, 8 ], "texture": "#end_stone" }
    }
},
{
    "__comment": "Rocket",
    "from": [ 3, 8, 8 ],
    "to": [ 8.5, 8.75, 8.75 ],
    "faces": {
        "down":  { "uv": [ 13, 8.75, 7.5, 8 ], "texture": "#wool_colored_pale_green" },
        "up":    { "uv": [ 3, 8, 8.5, 8.75 ], "texture": "#wool_colored_pale_green" },
        "north": { "uv": [ 7.5, 7.25, 13, 8 ], "texture": "#wool_colored_pale_green" },
        "south": { "uv": [ 3, 7.25, 8.5, 8 ], "texture": "#wool_colored_pale_green" },
        "west":  { "uv": [ 8, 7.25, 8.75, 8 ], "texture": "#wool_colored_pale_green" },
        "east":  { "uv": [ 7.25, 7.25, 8, 8 ], "texture": "#wool_colored_pale_green" }
    }
},
{
    "__comment": "Rocket 1",
    "from": [ 3.5, 8.75, 8 ],
    "to": [ 8, 9, 8.75 ],
    "faces": {
        "down":  { "uv": [ 12.5, 8.75, 8, 8 ], "texture": "#wool_colored_pale_green" },
        "up":    { "uv": [ 3.5, 8, 8, 8.75 ], "texture": "#wool_colored_pale_green" },
        "north": { "uv": [ 8, 7, 12.5, 7.25 ], "texture": "#wool_colored_pale_green" },
        "south": { "uv": [ 3.5, 7, 8, 7.25 ], "texture": "#wool_colored_pale_green" },
        "west":  { "uv": [ 8, 7, 8.75, 7.25 ], "texture": "#wool_colored_pale_green" },
        "east":  { "uv": [ 7.25, 7, 8, 7.25 ], "texture": "#wool_colored_pale_green" }
    }
},
{
    "__comment": "Rocket 1",
    "from": [ 3.5, 7.75, 8 ],
    "to": [ 8, 8, 8.75 ],
    "faces": {
        "down":  { "uv": [ 12.5, 8.75, 8, 8 ], "texture": "#wool_colored_pale_green" },
        "up":    { "uv": [ 3.5, 8, 8, 8.75 ], "texture": "#wool_colored_pale_green" },
        "north": { "uv": [ 8, 8, 12.5, 8.25 ], "texture": "#wool_colored_pale_green" },
        "south": { "uv": [ 3.5, 8, 8, 8.25 ], "texture": "#wool_colored_pale_green" },
        "west":  { "uv": [ 8, 8, 8.75, 8.25 ], "texture": "#wool_colored_pale_green" },
        "east":  { "uv": [ 7.25, 8, 8, 8.25 ], "texture": "#wool_colored_pale_green" }
    }
},
{
    "__comment": "Rocket 1",
    "from": [ 3.5, 8, 7.75 ],
    "to": [ 8, 8.75, 8 ],
    "faces": {
        "down":  { "uv": [ 12.5, 8, 8, 7.75 ], "texture": "#wool_colored_pale_green" },
        "up":    { "uv": [ 3.5, 7.75, 8, 8 ], "texture": "#wool_colored_pale_green" },
        "north": { "uv": [ 8, 7.25, 12.5, 8 ], "texture": "#wool_colored_pale_green" },
        "south": { "uv": [ 3.5, 7.25, 8, 8 ], "texture": "#wool_colored_pale_green" },
        "west":  { "uv": [ 7.75, 7.25, 8, 8 ], "texture": "#wool_colored_pale_green" },
        "east":  { "uv": [ 8, 7.25, 8.25, 8 ], "texture": "#wool_colored_pale_green" }
    }
},
{
    "__comment": "Rocket 1",
    "from": [ 3.5, 8, 8.75 ],
    "to": [ 8, 8.75, 9 ],
    "faces": {
        "down":  { "uv": [ 12.5, 9, 8, 8.75 ], "texture": "#wool_colored_pale_green" },
        "up":    { "uv": [ 3.5, 8.75, 8, 9 ], "texture": "#wool_colored_pale_green" },
        "north": { "uv": [ 8, 7.25, 12.5, 8 ], "texture": "#wool_colored_pale_green" },
        "south": { "uv": [ 3.5, 7.25, 8, 8 ], "texture": "#wool_colored_pale_green" },
        "west":  { "uv": [ 8.75, 7.25, 9, 8 ], "texture": "#wool_colored_pale_green" },
        "east":  { "uv": [ 7, 7.25, 7.25, 8 ], "texture": "#wool_colored_pale_green" }
    }
},
{
    "__comment": "Rocket 2",
    "from": [ 4.25, 8.75, 7.75 ],
    "to": [ 7.25, 9, 8 ],
    "faces": {
        "down":  { "uv": [ 11.75, 8, 8.75, 7.75 ], "texture": "#wool_colored_pale_green" },
        "up":    { "uv": [ 4.25, 7.75, 7.25, 8 ], "texture": "#wool_colored_pale_green" },
        "north": { "uv": [ 8.75, 7, 11.75, 7.25 ], "texture": "#wool_colored_pale_green" },
        "south": { "uv": [ 4.25, 7, 7.25, 7.25 ], "texture": "#wool_colored_pale_green" },
        "west":  { "uv": [ 7.75, 7, 8, 7.25 ], "texture": "#wool_colored_pale_green" },
        "east":  { "uv": [ 8, 7, 8.25, 7.25 ], "texture": "#wool_colored_pale_green" }
    }
},
{
    "__comment": "Rocket 2",
    "from": [ 4.25, 8.75, 8.75 ],
    "to": [ 7.25, 9, 9 ],
    "faces": {
        "down":  { "uv": [ 11.75, 9, 8.75, 8.75 ], "texture": "#wool_colored_pale_green" },
        "up":    { "uv": [ 4.25, 8.75, 7.25, 9 ], "texture": "#wool_colored_pale_green" },
        "north": { "uv": [ 8.75, 7, 11.75, 7.25 ], "texture": "#wool_colored_pale_green" },
        "south": { "uv": [ 4.25, 7, 7.25, 7.25 ], "texture": "#wool_colored_pale_green" },
        "west":  { "uv": [ 8.75, 7, 9, 7.25 ], "texture": "#wool_colored_pale_green" },
        "east":  { "uv": [ 7, 7, 7.25, 7.25 ], "texture": "#wool_colored_pale_green" }
    }
},
{
    "__comment": "Rocket 2",
    "from": [ 4.25, 7.75, 7.75 ],
    "to": [ 7.25, 8, 8 ],
    "faces": {
        "down":  { "uv": [ 11.75, 8, 8.75, 7.75 ], "texture": "#wool_colored_pale_green" },
        "up":    { "uv": [ 4.25, 7.75, 7.25, 8 ], "texture": "#wool_colored_pale_green" },
        "north": { "uv": [ 8.75, 8, 11.75, 8.25 ], "texture": "#wool_colored_pale_green" },
        "south": { "uv": [ 4.25, 8, 7.25, 8.25 ], "texture": "#wool_colored_pale_green" },
        "west":  { "uv": [ 7.75, 8, 8, 8.25 ], "texture": "#wool_colored_pale_green" },
        "east":  { "uv": [ 8, 8, 8.25, 8.25 ], "texture": "#wool_colored_pale_green" }
    }
},
{
    "__comment": "Rocket 2",
    "from": [ 4.25, 7.75, 8.75 ],
    "to": [ 7.25, 8, 9 ],
    "faces": {
        "down":  { "uv": [ 11.75, 9, 8.75, 8.75 ], "texture": "#wool_colored_pale_green" },
        "up":    { "uv": [ 4.25, 8.75, 7.25, 9 ], "texture": "#wool_colored_pale_green" },
        "north": { "uv": [ 8.75, 8, 11.75, 8.25 ], "texture": "#wool_colored_pale_green" },
        "south": { "uv": [ 4.25, 8, 7.25, 8.25 ], "texture": "#wool_colored_pale_green" },
        "west":  { "uv": [ 8.75, 8, 9, 8.25 ], "texture": "#wool_colored_pale_green" },
        "east":  { "uv": [ 7, 8, 7.25, 8.25 ], "texture": "#wool_colored_pale_green" }
    }
},
{
    "__comment": "Rocket 3",
    "from": [ 4, 9, 8.25 ],
    "to": [ 7.5, 9.25, 8.5 ],
    "faces": {
        "down":  { "uv": [ 12, 8.5, 8.5, 8.25 ], "texture": "#wool_colored_pale_green" },
        "up":    { "uv": [ 4, 8.25, 7.5, 8.5 ], "texture": "#wool_colored_pale_green" },
        "north": { "uv": [ 8.5, 6.75, 12, 7 ], "texture": "#wool_colored_pale_green" },
        "south": { "uv": [ 4, 6.75, 7.5, 7 ], "texture": "#wool_colored_pale_green" },
        "west":  { "uv": [ 8.25, 6.75, 8.5, 7 ], "texture": "#wool_colored_pale_green" },
        "east":  { "uv": [ 7.5, 6.75, 7.75, 7 ], "texture": "#wool_colored_pale_green" }
    }
},
{
    "__comment": "Rocket 3",
    "from": [ 4.5, 9, 8.5 ],
    "to": [ 7, 9.25, 8.75 ],
    "faces": {
        "down":  { "uv": [ 11.5, 8.75, 9, 8.5 ], "texture": "#wool_colored_pale_green" },
        "up":    { "uv": [ 4.5, 8.5, 7, 8.75 ], "texture": "#wool_colored_pale_green" },
        "north": { "uv": [ 9, 6.75, 11.5, 7 ], "texture": "#wool_colored_pale_green" },
        "south": { "uv": [ 4.5, 6.75, 7, 7 ], "texture": "#wool_colored_pale_green" },
        "west":  { "uv": [ 8.5, 6.75, 8.75, 7 ], "texture": "#wool_colored_pale_green" },
        "east":  { "uv": [ 7.25, 6.75, 7.5, 7 ], "texture": "#wool_colored_pale_green" }
    }
},
{
    "__comment": "Rocket 3",
    "from": [ 4.5, 9, 8 ],
    "to": [ 7, 9.25, 8.25 ],
    "faces": {
        "down":  { "uv": [ 11.5, 8.25, 9, 8 ], "texture": "#wool_colored_pale_green" },
        "up":    { "uv": [ 4.5, 8, 7, 8.25 ], "texture": "#wool_colored_pale_green" },
        "north": { "uv": [ 9, 6.75, 11.5, 7 ], "texture": "#wool_colored_pale_green" },
        "south": { "uv": [ 4.5, 6.75, 7, 7 ], "texture": "#wool_colored_pale_green" },
        "west":  { "uv": [ 8, 6.75, 8.25, 7 ], "texture": "#wool_colored_pale_green" },
        "east":  { "uv": [ 7.75, 6.75, 8, 7 ], "texture": "#wool_colored_pale_green" }
    }
},
{
    "__comment": "Rocket 4",
    "from": [ 4, 8.25, 9 ],
    "to": [ 7.5, 8.5, 9.25 ],
    "faces": {
        "down":  { "uv": [ 12, 9.25, 8.5, 9 ], "texture": "#wool_colored_pale_green" },
        "up":    { "uv": [ 4, 9, 7.5, 9.25 ], "texture": "#wool_colored_pale_green" },
        "north": { "uv": [ 8.5, 7.5, 12, 7.75 ], "texture": "#wool_colored_pale_green" },
        "south": { "uv": [ 4, 7.5, 7.5, 7.75 ], "texture": "#wool_colored_pale_green" },
        "west":  { "uv": [ 9, 7.5, 9.25, 7.75 ], "texture": "#wool_colored_pale_green" },
        "east":  { "uv": [ 6.75, 7.5, 7, 7.75 ], "texture": "#wool_colored_pale_green" }
    }
},
{
    "__comment": "Rocket 4",
    "from": [ 4.5, 8.5, 9 ],
    "to": [ 7, 8.75, 9.25 ],
    "faces": {
        "down":  { "uv": [ 11.5, 9.25, 9, 9 ], "texture": "#wool_colored_pale_green" },
        "up":    { "uv": [ 4.5, 9, 7, 9.25 ], "texture": "#wool_colored_pale_green" },
        "north": { "uv": [ 9, 7.25, 11.5, 7.5 ], "texture": "#wool_colored_pale_green" },
        "south": { "uv": [ 4.5, 7.25, 7, 7.5 ], "texture": "#wool_colored_pale_green" },
        "west":  { "uv": [ 9, 7.25, 9.25, 7.5 ], "texture": "#wool_colored_pale_green" },
        "east":  { "uv": [ 6.75, 7.25, 7, 7.5 ], "texture": "#wool_colored_pale_green" }
    }
},
{
    "__comment": "Rocket 4",
    "from": [ 4.5, 8, 9 ],
    "to": [ 7, 8.25, 9.25 ],
    "faces": {
        "down":  { "uv": [ 11.5, 9.25, 9, 9 ], "texture": "#wool_colored_pale_green" },
        "up":    { "uv": [ 4.5, 9, 7, 9.25 ], "texture": "#wool_colored_pale_green" },
        "north": { "uv": [ 9, 7.75, 11.5, 8 ], "texture": "#wool_colored_pale_green" },
        "south": { "uv": [ 4.5, 7.75, 7, 8 ], "texture": "#wool_colored_pale_green" },
        "west":  { "uv": [ 9, 7.75, 9.25, 8 ], "texture": "#wool_colored_pale_green" },
        "east":  { "uv": [ 6.75, 7.75, 7, 8 ], "texture": "#wool_colored_pale_green" }
    }
},
{
    "__comment": "Rocket 5",
    "from": [ 4, 7.5, 8.25 ],
    "to": [ 7.5, 7.75, 8.5 ],
    "faces": {
        "down":  { "uv": [ 12, 8.5, 8.5, 8.25 ], "texture": "#wool_colored_pale_green" },
        "up":    { "uv": [ 4, 8.25, 7.5, 8.5 ], "texture": "#wool_colored_pale_green" },
        "north": { "uv": [ 8.5, 8.25, 12, 8.5 ], "texture": "#wool_colored_pale_green" },
        "south": { "uv": [ 4, 8.25, 7.5, 8.5 ], "texture": "#wool_colored_pale_green" },
        "west":  { "uv": [ 8.25, 8.25, 8.5, 8.5 ], "texture": "#wool_colored_pale_green" },
        "east":  { "uv": [ 7.5, 8.25, 7.75, 8.5 ], "texture": "#wool_colored_pale_green" }
    }
},
{
    "__comment": "Rocket 5",
    "from": [ 4.5, 7.5, 8.5 ],
    "to": [ 7, 7.75, 8.75 ],
    "faces": {
        "down":  { "uv": [ 11.5, 8.75, 9, 8.5 ], "texture": "#wool_colored_pale_green" },
        "up":    { "uv": [ 4.5, 8.5, 7, 8.75 ], "texture": "#wool_colored_pale_green" },
        "north": { "uv": [ 9, 8.25, 11.5, 8.5 ], "texture": "#wool_colored_pale_green" },
        "south": { "uv": [ 4.5, 8.25, 7, 8.5 ], "texture": "#wool_colored_pale_green" },
        "west":  { "uv": [ 8.5, 8.25, 8.75, 8.5 ], "texture": "#wool_colored_pale_green" },
        "east":  { "uv": [ 7.25, 8.25, 7.5, 8.5 ], "texture": "#wool_colored_pale_green" }
    }
},
{
    "__comment": "Rocket 5",
    "from": [ 4.5, 7.5, 8 ],
    "to": [ 7, 7.75, 8.25 ],
    "faces": {
        "down":  { "uv": [ 11.5, 8.25, 9, 8 ], "texture": "#wool_colored_pale_green" },
        "up":    { "uv": [ 4.5, 8, 7, 8.25 ], "texture": "#wool_colored_pale_green" },
        "north": { "uv": [ 9, 8.25, 11.5, 8.5 ], "texture": "#wool_colored_pale_green" },
        "south": { "uv": [ 4.5, 8.25, 7, 8.5 ], "texture": "#wool_colored_pale_green" },
        "west":  { "uv": [ 8, 8.25, 8.25, 8.5 ], "texture": "#wool_colored_pale_green" },
        "east":  { "uv": [ 7.75, 8.25, 8, 8.5 ], "texture": "#wool_colored_pale_green" }
    }
},
{
    "__comment": "Rocket 6",
    "from": [ 4, 8.25, 7.5 ],
    "to": [ 7.5, 8.5, 7.75 ],
    "faces": {
        "down":  { "uv": [ 12, 7.75, 8.5, 7.5 ], "texture": "#wool_colored_pale_green" },
        "up":    { "uv": [ 4, 7.5, 7.5, 7.75 ], "texture": "#wool_colored_pale_green" },
        "north": { "uv": [ 8.5, 7.5, 12, 7.75 ], "texture": "#wool_colored_pale_green" },
        "south": { "uv": [ 4, 7.5, 7.5, 7.75 ], "texture": "#wool_colored_pale_green" },
        "west":  { "uv": [ 7.5, 7.5, 7.75, 7.75 ], "texture": "#wool_colored_pale_green" },
        "east":  { "uv": [ 8.25, 7.5, 8.5, 7.75 ], "texture": "#wool_colored_pale_green" }
    }
},
{
    "__comment": "Rocket 6",
    "from": [ 4.5, 8.5, 7.5 ],
    "to": [ 7, 8.75, 7.75 ],
    "faces": {
        "down":  { "uv": [ 11.5, 7.75, 9, 7.5 ], "texture": "#wool_colored_pale_green" },
        "up":    { "uv": [ 4.5, 7.5, 7, 7.75 ], "texture": "#wool_colored_pale_green" },
        "north": { "uv": [ 9, 7.25, 11.5, 7.5 ], "texture": "#wool_colored_pale_green" },
        "south": { "uv": [ 4.5, 7.25, 7, 7.5 ], "texture": "#wool_colored_pale_green" },
        "west":  { "uv": [ 7.5, 7.25, 7.75, 7.5 ], "texture": "#wool_colored_pale_green" },
        "east":  { "uv": [ 8.25, 7.25, 8.5, 7.5 ], "texture": "#wool_colored_pale_green" }
    }
},
{
    "__comment": "Rocket 6",
    "from": [ 4.5, 8, 7.5 ],
    "to": [ 7, 8.25, 7.75 ],
    "faces": {
        "down":  { "uv": [ 11.5, 7.75, 9, 7.5 ], "texture": "#wool_colored_pale_green" },
        "up":    { "uv": [ 4.5, 7.5, 7, 7.75 ], "texture": "#wool_colored_pale_green" },
        "north": { "uv": [ 9, 7.75, 11.5, 8 ], "texture": "#wool_colored_pale_green" },
        "south": { "uv": [ 4.5, 7.75, 7, 8 ], "texture": "#wool_colored_pale_green" },
        "west":  { "uv": [ 7.5, 7.75, 7.75, 8 ], "texture": "#wool_colored_pale_green" },
        "east":  { "uv": [ 8.25, 7.75, 8.5, 8 ], "texture": "#wool_colored_pale_green" }
    }
},
{
    "__comment": "Rocket 7",
    "from": [ 3, 8.75, 8.25 ],
    "to": [ 3.5, 9, 8.5 ],
    "faces": {
        "down":  { "uv": [ 13, 8.5, 12.5, 8.25 ], "texture": "#wool_colored_pale_green" },
        "up":    { "uv": [ 3, 8.25, 3.5, 8.5 ], "texture": "#wool_colored_pale_green" },
        "north": { "uv": [ 12.5, 7, 13, 7.25 ], "texture": "#wool_colored_pale_green" },
        "south": { "uv": [ 3, 7, 3.5, 7.25 ], "texture": "#wool_colored_pale_green" },
        "west":  { "uv": [ 8.25, 7, 8.5, 7.25 ], "texture": "#wool_colored_pale_green" },
        "east":  { "uv": [ 7.5, 7, 7.75, 7.25 ], "texture": "#wool_colored_pale_green" }
    }
},
{
    "__comment": "Rocket 7",
    "from": [ 3, 8.25, 7.75 ],
    "to": [ 3.5, 8.5, 8 ],
    "faces": {
        "down":  { "uv": [ 13, 8, 12.5, 7.75 ], "texture": "#wool_colored_pale_green" },
        "up":    { "uv": [ 3, 7.75, 3.5, 8 ], "texture": "#wool_colored_pale_green" },
        "north": { "uv": [ 12.5, 7.5, 13, 7.75 ], "texture": "#wool_colored_pale_green" },
        "south": { "uv": [ 3, 7.5, 3.5, 7.75 ], "texture": "#wool_colored_pale_green" },
        "west":  { "uv": [ 7.75, 7.5, 8, 7.75 ], "texture": "#wool_colored_pale_green" },
        "east":  { "uv": [ 8, 7.5, 8.25, 7.75 ], "texture": "#wool_colored_pale_green" }
    }
},
{
    "__comment": "Rocket 7",
    "from": [ 3, 7.75, 8.25 ],
    "to": [ 3.5, 8, 8.5 ],
    "faces": {
        "down":  { "uv": [ 13, 8.5, 12.5, 8.25 ], "texture": "#wool_colored_pale_green" },
        "up":    { "uv": [ 3, 8.25, 3.5, 8.5 ], "texture": "#wool_colored_pale_green" },
        "north": { "uv": [ 12.5, 8, 13, 8.25 ], "texture": "#wool_colored_pale_green" },
        "south": { "uv": [ 3, 8, 3.5, 8.25 ], "texture": "#wool_colored_pale_green" },
        "west":  { "uv": [ 8.25, 8, 8.5, 8.25 ], "texture": "#wool_colored_pale_green" },
        "east":  { "uv": [ 7.5, 8, 7.75, 8.25 ], "texture": "#wool_colored_pale_green" }
    }
},
{
    "__comment": "Rocket 7",
    "from": [ 3, 8.25, 8.75 ],
    "to": [ 3.5, 8.5, 9 ],
    "faces": {
        "down":  { "uv": [ 13, 9, 12.5, 8.75 ], "texture": "#wool_colored_pale_green" },
        "up":    { "uv": [ 3, 8.75, 3.5, 9 ], "texture": "#wool_colored_pale_green" },
        "north": { "uv": [ 12.5, 7.5, 13, 7.75 ], "texture": "#wool_colored_pale_green" },
        "south": { "uv": [ 3, 7.5, 3.5, 7.75 ], "texture": "#wool_colored_pale_green" },
        "west":  { "uv": [ 8.75, 7.5, 9, 7.75 ], "texture": "#wool_colored_pale_green" },
        "east":  { "uv": [ 7, 7.5, 7.25, 7.75 ], "texture": "#wool_colored_pale_green" }
    }
},
{
    "__comment": "Rocket 8",
    "from": [ 2.25, 8.5, 8.25 ],
    "to": [ 3, 8.75, 8.5 ],
    "faces": {
        "down":  { "uv": [ 13.75, 8.5, 13, 8.25 ], "texture": "#wool_colored_pale_green" },
        "up":    { "uv": [ 2.25, 8.25, 3, 8.5 ], "texture": "#wool_colored_pale_green" },
        "north": { "uv": [ 13, 7.25, 13.75, 7.5 ], "texture": "#wool_colored_pale_green" },
        "south": { "uv": [ 2.25, 7.25, 3, 7.5 ], "texture": "#wool_colored_pale_green" },
        "west":  { "uv": [ 8.25, 7.25, 8.5, 7.5 ], "texture": "#wool_colored_pale_green" },
        "east":  { "uv": [ 7.5, 7.25, 7.75, 7.5 ], "texture": "#wool_colored_pale_green" }
    }
},
{
    "__comment": "Rocket 8",
    "from": [ 2.25, 8, 8.25 ],
    "to": [ 3, 8.25, 8.5 ],
    "faces": {
        "down":  { "uv": [ 13.75, 8.5, 13, 8.25 ], "texture": "#wool_colored_pale_green" },
        "up":    { "uv": [ 2.25, 8.25, 3, 8.5 ], "texture": "#wool_colored_pale_green" },
        "north": { "uv": [ 13, 7.75, 13.75, 8 ], "texture": "#wool_colored_pale_green" },
        "south": { "uv": [ 2.25, 7.75, 3, 8 ], "texture": "#wool_colored_pale_green" },
        "west":  { "uv": [ 8.25, 7.75, 8.5, 8 ], "texture": "#wool_colored_pale_green" },
        "east":  { "uv": [ 7.5, 7.75, 7.75, 8 ], "texture": "#wool_colored_pale_green" }
    }
},
{
    "__comment": "Rocket 8",
    "from": [ 2.25, 8.25, 8.5 ],
    "to": [ 3, 8.5, 8.75 ],
    "faces": {
        "down":  { "uv": [ 13.75, 8.75, 13, 8.5 ], "texture": "#wool_colored_pale_green" },
        "up":    { "uv": [ 2.25, 8.5, 3, 8.75 ], "texture": "#wool_colored_pale_green" },
        "north": { "uv": [ 13, 7.5, 13.75, 7.75 ], "texture": "#wool_colored_pale_green" },
        "south": { "uv": [ 2.25, 7.5, 3, 7.75 ], "texture": "#wool_colored_pale_green" },
        "west":  { "uv": [ 8.5, 7.5, 8.75, 7.75 ], "texture": "#wool_colored_pale_green" },
        "east":  { "uv": [ 7.25, 7.5, 7.5, 7.75 ], "texture": "#wool_colored_pale_green" }
    }
},
{
    "__comment": "Rocket 8",
    "from": [ 2.25, 8.25, 8 ],
    "to": [ 3, 8.5, 8.25 ],
    "faces": {
        "down":  { "uv": [ 13.75, 8.25, 13, 8 ], "texture": "#wool_colored_pale_green" },
        "up":    { "uv": [ 2.25, 8, 3, 8.25 ], "texture": "#wool_colored_pale_green" },
        "north": { "uv": [ 13, 7.5, 13.75, 7.75 ], "texture": "#wool_colored_pale_green" },
        "south": { "uv": [ 2.25, 7.5, 3, 7.75 ], "texture": "#wool_colored_pale_green" },
        "west":  { "uv": [ 8, 7.5, 8.25, 7.75 ], "texture": "#wool_colored_pale_green" },
        "east":  { "uv": [ 7.75, 7.5, 8, 7.75 ], "texture": "#wool_colored_pale_green" }
    }
},
{
    "__comment": "Rocket 9",
    "from": [ 1.5, 8.25, 8.25 ],
    "to": [ 3, 8.5, 8.5 ],
    "faces": {
        "down":  { "uv": [ 14.5, 8.5, 13, 8.25 ], "texture": "#wool_colored_pale_green" },
        "up":    { "uv": [ 1.5, 8.25, 3, 8.5 ], "texture": "#wool_colored_pale_green" },
        "north": { "uv": [ 13, 7.5, 14.5, 7.75 ], "texture": "#wool_colored_pale_green" },
        "south": { "uv": [ 1.5, 7.5, 3, 7.75 ], "texture": "#wool_colored_pale_green" },
        "west":  { "uv": [ 8.25, 7.5, 8.5, 7.75 ], "texture": "#wool_colored_pale_green" },
        "east":  { "uv": [ 7.5, 7.5, 7.75, 7.75 ], "texture": "#wool_colored_pale_green" }
    }
}
],
"display": {
    "thirdperson_righthand": {
        "rotation": [ 0, 0, -90 ],
        "translation": [ -0.38, 2.08, 0.76 ],
        "scale": [ 1, 1, 1 ]
    },
    "thirdperson_lefthand": {
        "rotation": [ 0, 0, 90 ],
        "translation": [ 0.38, 2.08, 0.76 ],
        "scale": [ 1, 1, 1 ]
    },
    "ground": {
        "rotation": [ 0, 0, 0 ],
        "translation": [ 0, -3, 0 ],
        "scale": [ 1, 1, 1 ]
    },
    "fixed": {
        "rotation": [ 0, 0, -135 ],
        "translation": [ -0.57, 0.19, -0.94 ],
        "scale": [ 1.75, 1.75, 1.75 ]
    },
    "firstperson_righthand": {
        "rotation": [ -10, 0, -90 ],
        "translation": [ 2, 2, 0 ],
        "scale": [ 1, 1, 1 ]
    },
    "firstperson_lefthand": {
        "rotation": [ -10, 0, 90 ],
        "translation": [ 2, 2, 0 ],
        "scale": [ 1, 1, 1 ]
    },
    "gui": {
        "rotation": [ 41, -26, -38 ],
        "translation": [ 0, 0, 0 ],
        "scale": [ 1.65, 1.8, 1.8 ]
    }
}
}