{
	"__comment": "Разработано специально для Hard-Days.SU  ::  If you steal our models - you PIDOR!",
"textures": {
    "texture": "blocks/wool_colored_light_black",
    "wool_colored_black": "blocks/wool_colored_black",
    "gold_block": "blocks/hardened_clay_stained_yellow"
},
"elements": [ 
{
    "__comment": "Clip",
    "from": [ 6.1, 10, 7.5 ],
    "to": [ 10.1, 12, 8.5 ],
    "faces": {
        "down":  { "uv": [ 10.4, 9, 6.4, 8 ], "texture": "#texture" },
        "up":    { "uv": [ 5.5999999046325684, 8, 9.6000003814697266, 9 ], "texture": "#wool_colored_black" },
        "north": { "uv": [ 6.4000000953674316, 4, 10.399999618530273, 6 ], "texture": "#texture" },
        "south": { "uv": [ 5.5999999046325684, 4, 9.6000003814697266, 6 ], "texture": "#texture" },
        "west":  { "uv": [ 8, 4, 9, 6 ], "texture": "#texture" },
        "east":  { "uv": [ 7, 4, 8, 6 ], "texture": "#texture" }
    }
},
{
    "__comment": "Clip",
    "from": [ 5.7, 5.5, 7.5 ],
    "to": [ 9.7, 6.5, 8.5 ],
    "faces": {
        "down":  { "uv": [ 10.8, 9, 6.8, 8 ], "texture": "#texture" },
        "up":    { "uv": [ 5.1999998092651367, 8, 9.1999998092651367, 9 ], "texture": "#texture" },
        "north": { "uv": [ 6.8000001907348633, 9.5, 10.800000190734863, 10.5 ], "texture": "#texture" },
        "south": { "uv": [ 5.1999998092651367, 9.5, 9.1999998092651367, 10.5 ], "texture": "#texture" },
        "west":  { "uv": [ 8, 9.5, 9, 10.5 ], "texture": "#texture" },
        "east":  { "uv": [ 7, 9.5, 8, 10.5 ], "texture": "#texture" }
    }
},
{
    "__comment": "Clip",
    "from": [ 5.3, 3.5, 7.5 ],
    "to": [ 9.3, 4.5, 8.5 ],
    "faces": {
        "down":  { "uv": [ 11.2, 9, 7.2, 8 ], "texture": "#texture" },
        "up":    { "uv": [ 4.8000001907348633, 8, 8.8000001907348633, 9 ], "texture": "#texture" },
        "north": { "uv": [ 7.1999998092651367, 11.5, 11.199999809265137, 12.5 ], "texture": "#texture" },
        "south": { "uv": [ 4.8000001907348633, 11.5, 8.8000001907348633, 12.5 ], "texture": "#texture" },
        "west":  { "uv": [ 8, 11.5, 9, 12.5 ], "texture": "#texture" },
        "east":  { "uv": [ 7, 11.5, 8, 12.5 ], "texture": "#texture" }
    }
},
{
    "__comment": "Clip",
    "from": [ 5.85, 6.5, 7.5 ],
    "to": [ 9.85, 7.5, 8.5 ],
    "faces": {
        "down":  { "uv": [ 10.65, 9, 6.65, 8 ], "texture": "#texture" },
        "up":    { "uv": [ 5.3499999046325684, 8, 9.3500003814697266, 9 ], "texture": "#texture" },
        "north": { "uv": [ 6.6500000953674316, 8.5, 10.649999618530273, 9.5 ], "texture": "#texture" },
        "south": { "uv": [ 5.3499999046325684, 8.5, 9.3500003814697266, 9.5 ], "texture": "#texture" },
        "west":  { "uv": [ 8, 8.5, 9, 9.5 ], "texture": "#texture" },
        "east":  { "uv": [ 7, 8.5, 8, 9.5 ], "texture": "#texture" }
    }
},
{
    "__comment": "Clip",
    "from": [ 6, 7.5, 7.5 ],
    "to": [ 10, 10, 8.5 ],
    "faces": {
        "down":  { "uv": [ 10.5, 9, 6.5, 8 ], "texture": "#texture" },
        "up":    { "uv": [ 5.5, 8, 9.5, 9 ], "texture": "#texture" },
        "north": { "uv": [ 6.5, 6, 10.5, 8.5 ], "texture": "#texture" },
        "south": { "uv": [ 5.5, 6, 9.5, 8.5 ], "texture": "#texture" },
        "west":  { "uv": [ 8, 6, 9, 8.5 ], "texture": "#texture" },
        "east":  { "uv": [ 7, 6, 8, 8.5 ], "texture": "#texture" }
    }
},
{
    "__comment": "Clip",
    "from": [ 5.55, 4.5, 7.5 ],
    "to": [ 9.55, 5.5, 8.5 ],
    "faces": {
        "down":  { "uv": [ 10.95, 9, 6.95, 8 ], "texture": "#texture" },
        "up":    { "uv": [ 5.0500001907348633, 8, 9.0500001907348633, 9 ], "texture": "#texture" },
        "north": { "uv": [ 6.9499998092651367, 10.5, 10.949999809265137, 11.5 ], "texture": "#texture" },
        "south": { "uv": [ 5.0500001907348633, 10.5, 9.0500001907348633, 11.5 ], "texture": "#texture" },
        "west":  { "uv": [ 8, 10.5, 9, 11.5 ], "texture": "#texture" },
        "east":  { "uv": [ 7, 10.5, 8, 11.5 ], "texture": "#texture" }
    }
},
{
    "__comment": "Clip",
    "from": [ 6.1, 12, 7.5 ],
    "to": [ 10.1, 12.75, 7.6 ],
    "faces": {
        "down":  { "uv": [ 10.4, 8.1, 6.4, 8 ], "texture": "#wool_colored_black" },
        "up":    { "uv": [ 5.5999999046325684, 8, 9.6000003814697266, 8.1000003814697266 ], "texture": "#texture" },
        "north": { "uv": [ 6.4000000953674316, 3.25, 10.399999618530273, 4 ], "texture": "#texture" },
        "south": { "uv": [ 5.5999999046325684, 3.25, 9.6000003814697266, 4 ], "texture": "#wool_colored_black" },
        "west":  { "uv": [ 8, 3.25, 8.1000003814697266, 4 ], "texture": "#texture" },
        "east":  { "uv": [ 7.9000000953674316, 3.25, 8, 4 ], "texture": "#texture" }
    }
},
{
    "__comment": "Clip",
    "from": [ 6.1, 12, 8.4 ],
    "to": [ 10.1, 12.75, 8.5 ],
    "faces": {
        "down":  { "uv": [ 10.4, 9, 6.4, 8.9 ], "texture": "#wool_colored_black" },
        "up":    { "uv": [ 5.5999999046325684, 8.8999996185302734, 9.6000003814697266, 9 ], "texture": "#texture" },
        "north": { "uv": [ 6.4000000953674316, 3.25, 10.399999618530273, 4 ], "texture": "#wool_colored_black" },
        "south": { "uv": [ 5.5999999046325684, 3.25, 9.6000003814697266, 4 ], "texture": "#texture" },
        "west":  { "uv": [ 8.8999996185302734, 3.25, 9, 4 ], "texture": "#texture" },
        "east":  { "uv": [ 7, 3.25, 7.0999999046325684, 4 ], "texture": "#texture" }
    }
},
{
    "__comment": "Clip",
    "from": [ 6.1, 12, 7.6 ],
    "to": [ 6.2, 12.75, 8.4 ],
    "faces": {
        "down":  { "uv": [ 10.4, 8.9, 10.3, 8.1 ], "texture": "#wool_colored_black" },
        "up":    { "uv": [ 5.5999999046325684, 8.1000003814697266, 5.6999998092651367, 8.8999996185302734 ], "texture": "#texture" },
        "north": { "uv": [ 10.300000190734863, 3.25, 10.399999618530273, 4 ], "texture": "#wool_colored_black" },
        "south": { "uv": [ 5.5999999046325684, 3.25, 5.6999998092651367, 4 ], "texture": "#wool_colored_black" },
        "west":  { "uv": [ 8.1000003814697266, 3.25, 8.8999996185302734, 4 ], "texture": "#texture" },
        "east":  { "uv": [ 7.0999999046325684, 3.25, 7.9000000953674316, 4 ], "texture": "#wool_colored_black" }
    }
},
{
    "__comment": "Clip",
    "from": [ 10, 12, 7.6 ],
    "to": [ 10.1, 12.75, 8.4 ],
    "faces": {
        "down":  { "uv": [ 6.5, 8.9, 6.4, 8.1 ], "texture": "#wool_colored_black" },
        "up":    { "uv": [ 9.5, 8.1000003814697266, 9.6000003814697266, 8.8999996185302734 ], "texture": "#texture" },
        "north": { "uv": [ 6.4000000953674316, 3.25, 6.5, 4 ], "texture": "#wool_colored_black" },
        "south": { "uv": [ 9.5, 3.25, 9.6000003814697266, 4 ], "texture": "#wool_colored_black" },
        "west":  { "uv": [ 8.1000003814697266, 3.25, 8.8999996185302734, 4 ], "texture": "#wool_colored_black" },
        "east":  { "uv": [ 7.0999999046325684, 3.25, 7.9000000953674316, 4 ], "texture": "#texture" }
    }
},
{
    "__comment": "Bullet",
    "from": [ 6.45, 12.25, 7.75 ],
    "to": [ 9.2, 12.75, 8.25 ],
    "faces": {
        "down":  { "uv": [ 10.05, 8.75, 7.3, 8.25 ], "texture": "#gold_block" },
        "up":    { "uv": [ 5.9499998092651367, 8.25, 8.6999998092651367, 8.75 ], "texture": "#gold_block" },
        "north": { "uv": [ 7.3000001907348633, 3.25, 10.050000190734863, 3.75 ], "texture": "#gold_block" },
        "south": { "uv": [ 5.9499998092651367, 3.25, 8.6999998092651367, 3.75 ], "texture": "#gold_block" },
        "west":  { "uv": [ 8.25, 3.25, 8.75, 3.75 ], "texture": "#gold_block" },
        "east":  { "uv": [ 7.25, 3.25, 7.75, 3.75 ], "texture": "#gold_block" }
    }
},
{
    "__comment": "Bullet",
    "from": [ 6.35, 12.2, 7.7 ],
    "to": [ 6.45, 12.8, 8.3 ],
    "faces": {
        "down":  { "uv": [ 10.15, 8.8, 10.05, 8.2 ], "texture": "#gold_block" },
        "up":    { "uv": [ 5.8499999046325684, 8.1999998092651367, 5.9499998092651367, 8.8000001907348633 ], "texture": "#gold_block" },
        "north": { "uv": [ 10.050000190734863, 3.2000000476837158, 10.149999618530273, 3.7999999523162842 ], "texture": "#gold_block" },
        "south": { "uv": [ 5.8499999046325684, 3.2000000476837158, 5.9499998092651367, 3.7999999523162842 ], "texture": "#gold_block" },
        "west":  { "uv": [ 8.1999998092651367, 3.2000000476837158, 8.8000001907348633, 3.7999999523162842 ], "texture": "#gold_block" },
        "east":  { "uv": [ 7.1999998092651367, 3.2000000476837158, 7.8000001907348633, 3.7999999523162842 ], "texture": "#gold_block" }
    }
},
{
    "__comment": "Bullet",
    "from": [ 9.2, 12.3, 7.8 ],
    "to": [ 9.6, 12.7, 8.2 ],
    "faces": {
        "down":  { "uv": [ 7.3, 8.7, 6.9, 8.3 ], "texture": "#gold_block" },
        "up":    { "uv": [ 8.6999998092651367, 8.3000001907348633, 9.1000003814697266, 8.6999998092651367 ], "texture": "#gold_block" },
        "north": { "uv": [ 6.9000000953674316, 3.2999999523162842, 7.3000001907348633, 3.7000000476837158 ], "texture": "#gold_block" },
        "south": { "uv": [ 8.6999998092651367, 3.2999999523162842, 9.1000003814697266, 3.7000000476837158 ], "texture": "#gold_block" },
        "west":  { "uv": [ 8.3000001907348633, 3.2999999523162842, 8.6999998092651367, 3.7000000476837158 ], "texture": "#gold_block" },
        "east":  { "uv": [ 7.3000001907348633, 3.2999999523162842, 7.6999998092651367, 3.7000000476837158 ], "texture": "#gold_block" }
    }
},
{
    "__comment": "Bullet",
    "from": [ 9.6, 12.35, 7.85 ],
    "to": [ 9.8, 12.65, 8.15 ],
    "faces": {
        "down":  { "uv": [ 6.9, 8.65, 6.7, 8.35 ], "texture": "#gold_block" },
        "up":    { "uv": [ 9.1000003814697266, 8.3500003814697266, 9.3000001907348633, 8.6499996185302734 ], "texture": "#gold_block" },
        "north": { "uv": [ 6.6999998092651367, 3.3499999046325684, 6.9000000953674316, 3.6500000953674316 ], "texture": "#gold_block" },
        "south": { "uv": [ 9.1000003814697266, 3.3499999046325684, 9.3000001907348633, 3.6500000953674316 ], "texture": "#gold_block" },
        "west":  { "uv": [ 8.3500003814697266, 3.3499999046325684, 8.6499996185302734, 3.6500000953674316 ], "texture": "#gold_block" },
        "east":  { "uv": [ 7.3499999046325684, 3.3499999046325684, 7.6500000953674316, 3.6500000953674316 ], "texture": "#gold_block" }
    }
},
{
    "__comment": "Bullet",
    "from": [ 9.75, 12.4, 7.9 ],
    "to": [ 9.9, 12.6, 8.1 ],
    "faces": {
        "down":  { "uv": [ 6.75, 8.6, 6.6, 8.4 ], "texture": "#gold_block" },
        "up":    { "uv": [ 9.25, 8.3999996185302734, 9.3999996185302734, 8.6000003814697266 ], "texture": "#gold_block" },
        "north": { "uv": [ 6.5999999046325684, 3.4000000953674316, 6.75, 3.5999999046325684 ], "texture": "#gold_block" },
        "south": { "uv": [ 9.25, 3.4000000953674316, 9.3999996185302734, 3.5999999046325684 ], "texture": "#gold_block" },
        "west":  { "uv": [ 8.3999996185302734, 3.4000000953674316, 8.6000003814697266, 3.5999999046325684 ], "texture": "#gold_block" },
        "east":  { "uv": [ 7.4000000953674316, 3.4000000953674316, 7.5999999046325684, 3.5999999046325684 ], "texture": "#gold_block" }
    }
}
],
"display": {
    "thirdperson_righthand": {
        "rotation": [ 0, 90, 0 ],
        "translation": [ 0, -2.46, 0 ],
        "scale": [ 0.7, 0.7, 0.7 ]
    },
    "thirdperson_lefthand": {
        "rotation": [ 0, -90, 0 ],
        "translation": [ 0, -2.46, 0 ],
        "scale": [ 0.7, 0.7, 0.7 ]
    },
    "ground": {
        "rotation": [ 90, 0, 0 ],
        "translation": [ 0, 0, 2 ],
        "scale": [ 0.7, 0.7, 0.7 ]
    },
    "fixed": {
        "rotation": [ 0, 0, 0 ],
        "translation": [ 0, -0.38, 0 ],
        "scale": [ 1.7, 1.7, 1.7 ]
    },
    "firstperson_righthand": {
        "rotation": [ -17, 69, 28 ],
        "translation": [ 2.46, -0.38, 0 ],
        "scale": [ 1, 1, 1 ]
    },
    "firstperson_lefthand": {
        "rotation": [ -17, -111, -28 ],
        "translation": [ 2.46, -0.38, 0 ],
        "scale": [ 1, 1, 1 ]
    },
    "gui": {
        "rotation": [ 30, -135, 0 ],
        "translation": [ -0.38, -0.38, 0 ],
        "scale": [ 1.6, 1.6, 1.6 ]
    }
}
}