{
	"__comment": "Разработано специально для Hard-Days.SU  ::  If you steal our models - you PIDOR!",
"textures": {
    "particle": "blocks/wool_colored_red",
    "red": "blocks/wool_colored_red",
    "gold": "blocks/gold_block",
    "gray": "blocks/clay"
},
"elements": [ 
{
    "__comment": "Red",
    "from": [ 6.4, 0, 7 ],
    "to": [ 7.4, 7, 9 ],
    "faces": {
        "down":  { "uv": [ 9.6, 9, 8.6, 7 ], "texture": "#red" },
        "up":    { "uv": [ 6.4, 7, 7.4, 9 ], "texture": "#red" },
        "north": { "uv": [ 8.6, 9, 9.6, 16 ], "texture": "#red" },
        "south": { "uv": [ 6.4, 9, 7.4, 16 ], "texture": "#red" },
        "west":  { "uv": [ 7, 9, 9, 16 ], "texture": "#red" },
        "east":  { "uv": [ 7, 9, 9, 16 ], "texture": "#red" }
    }
},
{
    "__comment": "Red",
    "from": [ 8.6, 0, 7 ],
    "to": [ 9.6, 7, 9 ],
    "faces": {
        "down":  { "uv": [ 7.4, 9, 6.4, 7 ], "texture": "#red" },
        "up":    { "uv": [ 8.6, 7, 9.6, 9 ], "texture": "#red" },
        "north": { "uv": [ 6.4, 9, 7.4, 16 ], "texture": "#red" },
        "south": { "uv": [ 8.6, 9, 9.6, 16 ], "texture": "#red" },
        "west":  { "uv": [ 7, 9, 9, 16 ], "texture": "#red" },
        "east":  { "uv": [ 7, 9, 9, 16 ], "texture": "#red" }
    }
},
{
    "__comment": "Red",
    "from": [ 7, 0, 6.4 ],
    "to": [ 9, 7, 7.4 ],
    "faces": {
        "down":  { "uv": [ 9, 7.4, 7, 6.4 ], "texture": "#red" },
        "up":    { "uv": [ 7, 6.4, 9, 7.4 ], "texture": "#red" },
        "north": { "uv": [ 7, 9, 9, 16 ], "texture": "#red" },
        "south": { "uv": [ 7, 9, 9, 16 ], "texture": "#red" },
        "west":  { "uv": [ 6.4, 9, 7.4, 16 ], "texture": "#red" },
        "east":  { "uv": [ 8.6, 9, 9.6, 16 ], "texture": "#red" }
    }
},
{
    "__comment": "Red",
    "from": [ 7, 0, 8.6 ],
    "to": [ 9, 7, 9.6 ],
    "faces": {
        "down":  { "uv": [ 9, 9.6, 7, 8.6 ], "texture": "#red" },
        "up":    { "uv": [ 7, 8.6, 9, 9.6 ], "texture": "#red" },
        "north": { "uv": [ 7, 9, 9, 16 ], "texture": "#red" },
        "south": { "uv": [ 7, 9, 9, 16 ], "texture": "#red" },
        "west":  { "uv": [ 8.6, 9, 9.6, 16 ], "texture": "#red" },
        "east":  { "uv": [ 6.4, 9, 7.4, 16 ], "texture": "#red" }
    }
},
{
    "__comment": "Red",
    "from": [ 7, 0, 7 ],
    "to": [ 9, 2, 9 ],
    "faces": {
        "down":  { "uv": [ 9, 9, 7, 7 ], "texture": "#red" },
        "up":    { "uv": [ 7, 7, 9, 9 ], "texture": "#red" },
        "north": { "uv": [ 7, 14, 9, 16 ], "texture": "#red" },
        "south": { "uv": [ 7, 14, 9, 16 ], "texture": "#red" },
        "west":  { "uv": [ 7, 14, 9, 16 ], "texture": "#red" },
        "east":  { "uv": [ 7, 14, 9, 16 ], "texture": "#red" }
    }
},
{
    "__comment": "Gold",
    "from": [ 6.4, 7, 7 ],
    "to": [ 7.4, 9, 9 ],
    "faces": {
        "down":  { "uv": [ 9.6, 9, 8.6, 7 ], "texture": "#gold" },
        "up":    { "uv": [ 6.4, 7, 7.4, 9 ], "texture": "#gold" },
        "north": { "uv": [ 8.6, 7, 9.6, 9 ], "texture": "#gold" },
        "south": { "uv": [ 6.4, 7, 7.4, 9 ], "texture": "#gold" },
        "west":  { "uv": [ 7, 7, 9, 9 ], "texture": "#gold" },
        "east":  { "uv": [ 7, 7, 9, 9 ], "texture": "#gold" }
    }
},
{
    "__comment": "Gold",
    "from": [ 8.6, 7, 7 ],
    "to": [ 9.6, 9, 9 ],
    "faces": {
        "down":  { "uv": [ 7.4, 9, 6.4, 7 ], "texture": "#gold" },
        "up":    { "uv": [ 8.6, 7, 9.6, 9 ], "texture": "#gold" },
        "north": { "uv": [ 6.4, 7, 7.4, 9 ], "texture": "#gold" },
        "south": { "uv": [ 8.6, 7, 9.6, 9 ], "texture": "#gold" },
        "west":  { "uv": [ 7, 7, 9, 9 ], "texture": "#gold" },
        "east":  { "uv": [ 7, 7, 9, 9 ], "texture": "#gold" }
    }
},
{
    "__comment": "Gold",
    "from": [ 7, 7, 6.4 ],
    "to": [ 9, 9, 7.4 ],
    "faces": {
        "down":  { "uv": [ 9, 7.4, 7, 6.4 ], "texture": "#gold" },
        "up":    { "uv": [ 7, 6.4, 9, 7.4 ], "texture": "#gold" },
        "north": { "uv": [ 7, 7, 9, 9 ], "texture": "#gold" },
        "south": { "uv": [ 7, 7, 9, 9 ], "texture": "#gold" },
        "west":  { "uv": [ 6.4, 7, 7.4, 9 ], "texture": "#gold" },
        "east":  { "uv": [ 8.6, 7, 9.6, 9 ], "texture": "#gold" }
    }
},
{
    "__comment": "Gold",
    "from": [ 7, 7, 8.6 ],
    "to": [ 9, 9, 9.6 ],
    "faces": {
        "down":  { "uv": [ 9, 9.6, 7, 8.6 ], "texture": "#gold" },
        "up":    { "uv": [ 7, 8.6, 9, 9.6 ], "texture": "#gold" },
        "north": { "uv": [ 7, 7, 9, 9 ], "texture": "#gold" },
        "south": { "uv": [ 7, 7, 9, 9 ], "texture": "#gold" },
        "west":  { "uv": [ 8.6, 7, 9.6, 9 ], "texture": "#gold" },
        "east":  { "uv": [ 6.4, 7, 7.4, 9 ], "texture": "#gold" }
    }
},
{
    "__comment": "Gold",
    "from": [ 7, 2, 7 ],
    "to": [ 9, 4, 9 ],
    "faces": {
        "down":  { "uv": [ 9, 9, 7, 7 ], "texture": "#gold" },
        "up":    { "uv": [ 7, 7, 9, 9 ], "texture": "#gold" },
        "north": { "uv": [ 7, 12, 9, 14 ], "texture": "#gold" },
        "south": { "uv": [ 7, 12, 9, 14 ], "texture": "#gold" },
        "west":  { "uv": [ 7, 12, 9, 14 ], "texture": "#gold" },
        "east":  { "uv": [ 7, 12, 9, 14 ], "texture": "#gold" }
    }
},
{
    "__comment": "Gold",
    "from": [ 6.2, 9, 6.8 ],
    "to": [ 9.8, 9.4, 9.2 ],
    "faces": {
        "down":  { "uv": [ 9.8, 9.2, 6.2, 6.8 ], "texture": "#gold" },
        "up":    { "uv": [ 6.2, 6.8, 9.8, 9.2 ], "texture": "#gold" },
        "north": { "uv": [ 6.2, 6.6, 9.8, 7 ], "texture": "#gold" },
        "south": { "uv": [ 6.2, 6.6, 9.8, 7 ], "texture": "#gold" },
        "west":  { "uv": [ 6.8, 6.6, 9.2, 7 ], "texture": "#gold" },
        "east":  { "uv": [ 6.8, 6.6, 9.2, 7 ], "texture": "#gold" }
    }
},
{
    "__comment": "Gold",
    "from": [ 6.8, 9, 6.2 ],
    "to": [ 9.2, 9.4, 9.8 ],
    "faces": {
        "down":  { "uv": [ 9.2, 9.8, 6.8, 6.2 ], "texture": "#gold" },
        "up":    { "uv": [ 6.8, 6.2, 9.2, 9.8 ], "texture": "#gold" },
        "north": { "uv": [ 6.8, 6.6, 9.2, 7 ], "texture": "#gold" },
        "south": { "uv": [ 6.8, 6.6, 9.2, 7 ], "texture": "#gold" },
        "west":  { "uv": [ 6.2, 6.6, 9.8, 7 ], "texture": "#gold" },
        "east":  { "uv": [ 6.2, 6.6, 9.8, 7 ], "texture": "#gold" }
    }
},
{
    "__comment": "Cap",
    "from": [ 7.5, 8.5, 7.5 ],
    "to": [ 8.5, 9.5, 8.5 ],
    "faces": {
        "down":  { "uv": [ 8.5, 8.5, 7.5, 7.5 ], "texture": "#gray" },
        "up":    { "uv": [ 7.5, 7.5, 8.5, 8.5 ], "texture": "#gray" },
        "north": { "uv": [ 7.5, 6.5, 8.5, 7.5 ], "texture": "#gray" },
        "south": { "uv": [ 7.5, 6.5, 8.5, 7.5 ], "texture": "#gray" },
        "west":  { "uv": [ 7.5, 6.5, 8.5, 7.5 ], "texture": "#gray" },
        "east":  { "uv": [ 7.5, 6.5, 8.5, 7.5 ], "texture": "#gray" }
    }
}
],
"display": {
    "thirdperson_righthand": {
        "rotation": [ 180, 0, 180 ],
        "translation": [ 0, 1.7, 0.94 ],
        "scale": [ 0.37, 0.37, 0.37 ]
    },
    "ground": {
        "rotation": [ 0, 0, 0 ],
        "translation": [ 0, 2, 0 ],
        "scale": [ 0.37, 0.37, 0.37 ]
    },
    "fixed": {
        "rotation": [ 0, 0, 0 ],
        "translation": [ 0, 4.16, 0 ],
        "scale": [ 1.5, 1.5, 1.5 ]
    },
    "firstperson_righthand": {
        "rotation": [ 0, 0, 0 ],
        "translation": [ 3.78, 3.21, -1.89 ],
        "scale": [ 0.8, 0.8, 0.8 ]
    },
    "gui": {
        "rotation": [ 30, 45, 0 ],
        "translation": [ 0, 3.97, 0 ],
        "scale": [ 1.5, 1.5, 1.5 ]
    }
}
}