{
	"__comment": "Разработано специально для Hard-Days.SU  ::  If you steal our models - you PIDOR!",
"textures": {
    "particle": "blocks/wool_colored_black",
    "texture": "blocks/wool_colored_light_black",
    "wool_colored_yellow": "blocks/wool_colored_yellow",
    "glass_yellow": "blocks/glass_yellow"
},
"elements": [ 
{
    "__comment": "Flashlight",
    "from": [ 0, 7.25, 7 ],
    "to": [ 14, 8.5, 9 ],
    "faces": {
        "down":  { "uv": [ 16, 9, 2, 7 ], "texture": "#texture" },
        "up":    { "uv": [ 0, 7, 14, 9 ], "texture": "#texture" },
        "north": { "uv": [ 2, 7.5, 16, 8.75 ], "texture": "#texture" },
        "south": { "uv": [ 0, 7.5, 14, 8.75 ], "texture": "#texture" },
        "west":  { "uv": [ 7, 7.5, 9, 8.75 ], "texture": "#texture" },
        "east":  { "uv": [ 7, 7.5, 9, 8.75 ], "texture": "#texture" }
    }
},
{
    "__comment": "Flashlight",
    "from": [ 0, 7, 7.25 ],
    "to": [ 15, 7.25, 8.75 ],
    "faces": {
        "down":  { "uv": [ 16, 8.75, 1, 7.25 ], "texture": "#texture" },
        "up":    { "uv": [ 0, 7.25, 15, 8.75 ], "texture": "#texture" },
        "north": { "uv": [ 1, 8.75, 16, 9 ], "texture": "#texture" },
        "south": { "uv": [ 0, 8.75, 15, 9 ], "texture": "#texture" },
        "west":  { "uv": [ 7.25, 8.75, 8.75, 9 ], "texture": "#texture" },
        "east":  { "uv": [ 7.25, 8.75, 8.75, 9 ], "texture": "#wool_colored_yellow" }
    }
},
{
    "__comment": "Flashlight",
    "from": [ 0, 8.5, 7.25 ],
    "to": [ 14.75, 8.75, 9 ],
    "faces": {
        "down":  { "uv": [ 16, 9, 1.25, 7.25 ], "texture": "#texture" },
        "up":    { "uv": [ 0, 7.25, 14.75, 9 ], "texture": "#texture" },
        "north": { "uv": [ 1.25, 7.25, 16, 7.5 ], "texture": "#texture" },
        "south": { "uv": [ 0, 7.25, 14.75, 7.5 ], "texture": "#texture" },
        "west":  { "uv": [ 7.25, 7.25, 9, 7.5 ], "texture": "#texture" },
        "east":  { "uv": [ 7, 7.25, 8.75, 7.5 ], "texture": "#wool_colored_yellow" }
    }
},
{
    "__comment": "Flashlight",
    "from": [ 0, 8.75, 7.5 ],
    "to": [ 15, 9, 8.75 ],
    "faces": {
        "down":  { "uv": [ 16, 8.75, 1, 7.5 ], "texture": "#texture" },
        "up":    { "uv": [ 0, 7.5, 15, 8.75 ], "texture": "#texture" },
        "north": { "uv": [ 1, 7, 16, 7.25 ], "texture": "#texture" },
        "south": { "uv": [ 0, 7, 15, 7.25 ], "texture": "#texture" },
        "west":  { "uv": [ 7.5, 7, 8.75, 7.25 ], "texture": "#texture" },
        "east":  { "uv": [ 7.25, 7, 8.5, 7.25 ], "texture": "#wool_colored_yellow" }
    }
},
{
    "__comment": "Flashlight",
    "from": [ 0, 6.75, 7.75 ],
    "to": [ 15.25, 7, 8.25 ],
    "faces": {
        "down":  { "uv": [ 16, 8.25, 0.75, 7.75 ], "texture": "#texture" },
        "up":    { "uv": [ 0, 7.75, 15.25, 8.25 ], "texture": "#texture" },
        "north": { "uv": [ 0.75, 9, 16, 9.25 ], "texture": "#texture" },
        "south": { "uv": [ 0, 9, 15.25, 9.25 ], "texture": "#texture" },
        "west":  { "uv": [ 7.75, 9, 8.25, 9.25 ], "texture": "#texture" },
        "east":  { "uv": [ 7.75, 9, 8.25, 9.25 ], "texture": "#wool_colored_yellow" }
    }
},
{
    "__comment": "Flashlight",
    "from": [ 0, 7.5, 9 ],
    "to": [ 15.25, 8.5, 9.25 ],
    "faces": {
        "down":  { "uv": [ 16, 9.25, 0.75, 9 ], "texture": "#texture" },
        "up":    { "uv": [ 0, 9, 15.25, 9.25 ], "texture": "#texture" },
        "north": { "uv": [ 0.75, 7.5, 16, 8.5 ], "texture": "#texture" },
        "south": { "uv": [ 0, 7.5, 15.25, 8.5 ], "texture": "#texture" },
        "west":  { "uv": [ 9, 7.5, 9.25, 8.5 ], "texture": "#texture" },
        "east":  { "uv": [ 6.75, 7.5, 7, 8.5 ], "texture": "#wool_colored_yellow" }
    }
},
{
    "__comment": "Flashlight",
    "from": [ 0.25, 7.5, 6.75 ],
    "to": [ 15.25, 8.5, 7 ],
    "faces": {
        "down":  { "uv": [ 15.75, 7, 0.75, 6.75 ], "texture": "#texture" },
        "up":    { "uv": [ 0.25, 6.75, 15.25, 7 ], "texture": "#texture" },
        "north": { "uv": [ 0.75, 7.5, 15.75, 8.5 ], "texture": "#texture" },
        "south": { "uv": [ 0.25, 7.5, 15.25, 8.5 ], "texture": "#texture" },
        "west":  { "uv": [ 6.75, 7.5, 7, 8.5 ], "texture": "#texture" },
        "east":  { "uv": [ 9, 7.5, 9.25, 8.5 ], "texture": "#wool_colored_yellow" }
    }
},
{
    "__comment": "Flashlight",
    "from": [ 0.25, 7, 7 ],
    "to": [ 15.5, 7.25, 7.25 ],
    "faces": {
        "down":  { "uv": [ 15.75, 7.25, 0.5, 7 ], "texture": "#texture" },
        "up":    { "uv": [ 0.25, 7, 15.5, 7.25 ], "texture": "#texture" },
        "north": { "uv": [ 0.5, 8.75, 15.75, 9 ], "texture": "#texture" },
        "south": { "uv": [ 0.25, 8.75, 15.5, 9 ], "texture": "#texture" },
        "west":  { "uv": [ 7, 8.75, 7.25, 9 ], "texture": "#texture" },
        "east":  { "uv": [ 8.75, 8.75, 9, 9 ], "texture": "#wool_colored_yellow" }
    }
},
{
    "__comment": "Flashlight",
    "from": [ 0.25, 8.5, 7 ],
    "to": [ 15.25, 8.75, 7.25 ],
    "faces": {
        "down":  { "uv": [ 15.75, 7.25, 0.75, 7 ], "texture": "#texture" },
        "up":    { "uv": [ 0.25, 7, 15.25, 7.25 ], "texture": "#texture" },
        "north": { "uv": [ 0.75, 7.25, 15.75, 7.5 ], "texture": "#texture" },
        "south": { "uv": [ 0.25, 7.25, 15.25, 7.5 ], "texture": "#texture" },
        "west":  { "uv": [ 7, 7.25, 7.25, 7.5 ], "texture": "#texture" },
        "east":  { "uv": [ 8.75, 7.25, 9, 7.5 ], "texture": "#wool_colored_yellow" }
    }
},
{
    "__comment": "Flashlight",
    "from": [ 0.25, 8.75, 7.25 ],
    "to": [ 15.25, 9, 7.5 ],
    "faces": {
        "down":  { "uv": [ 15.75, 7.5, 0.75, 7.25 ], "texture": "#texture" },
        "up":    { "uv": [ 0.25, 7.25, 15.25, 7.5 ], "texture": "#texture" },
        "north": { "uv": [ 0.75, 7, 15.75, 7.25 ], "texture": "#texture" },
        "south": { "uv": [ 0.25, 7, 15.25, 7.25 ], "texture": "#texture" },
        "west":  { "uv": [ 7.25, 7, 7.5, 7.25 ], "texture": "#texture" },
        "east":  { "uv": [ 8.5, 7, 8.75, 7.25 ], "texture": "#wool_colored_yellow" }
    }
},
{
    "__comment": "Flashlight",
    "from": [ 0.25, 6.75, 7.5 ],
    "to": [ 15.25, 7, 7.75 ],
    "faces": {
        "down":  { "uv": [ 15.75, 7.75, 0.75, 7.5 ], "texture": "#texture" },
        "up":    { "uv": [ 0.25, 7.5, 15.25, 7.75 ], "texture": "#texture" },
        "north": { "uv": [ 0.75, 9, 15.75, 9.25 ], "texture": "#texture" },
        "south": { "uv": [ 0.25, 9, 15.25, 9.25 ], "texture": "#texture" },
        "west":  { "uv": [ 7.5, 9, 7.75, 9.25 ], "texture": "#texture" },
        "east":  { "uv": [ 8.25, 9, 8.5, 9.25 ], "texture": "#wool_colored_yellow" }
    }
},
{
    "__comment": "Flashlight",
    "from": [ 0.25, 9, 7.5 ],
    "to": [ 15.25, 9.25, 8.5 ],
    "faces": {
        "down":  { "uv": [ 15.75, 8.5, 0.75, 7.5 ], "texture": "#texture" },
        "up":    { "uv": [ 0.25, 7.5, 15.25, 8.5 ], "texture": "#texture" },
        "north": { "uv": [ 0.75, 6.75, 15.75, 7 ], "texture": "#texture" },
        "south": { "uv": [ 0.25, 6.75, 15.25, 7 ], "texture": "#texture" },
        "west":  { "uv": [ 7.5, 6.75, 8.5, 7 ], "texture": "#texture" },
        "east":  { "uv": [ 7.5, 6.75, 8.5, 7 ], "texture": "#wool_colored_yellow" }
    }
},
{
    "__comment": "Flashlight",
    "from": [ 0.25, 6.75, 8.25 ],
    "to": [ 9.75, 7, 8.75 ],
    "faces": {
        "down":  { "uv": [ 15.75, 8.75, 6.25, 8.25 ], "texture": "#texture" },
        "up":    { "uv": [ 0.25, 8.25, 9.75, 8.75 ], "texture": "#texture" },
        "north": { "uv": [ 6.25, 9, 15.75, 9.25 ], "texture": "#texture" },
        "south": { "uv": [ 0.25, 9, 9.75, 9.25 ], "texture": "#texture" },
        "west":  { "uv": [ 8.25, 9, 8.75, 9.25 ], "texture": "#texture" },
        "east":  { "uv": [ 7.25, 9, 7.75, 9.25 ], "texture": "#texture" }
    }
},
{
    "__comment": "Flashlight",
    "from": [ 0.25, 7, 8.75 ],
    "to": [ 15.5, 7.25, 9 ],
    "faces": {
        "down":  { "uv": [ 15.75, 9, 0.5, 8.75 ], "texture": "#texture" },
        "up":    { "uv": [ 0.25, 8.75, 15.5, 9 ], "texture": "#texture" },
        "north": { "uv": [ 0.5, 8.75, 15.75, 9 ], "texture": "#texture" },
        "south": { "uv": [ 0.25, 8.75, 15.5, 9 ], "texture": "#texture" },
        "west":  { "uv": [ 8.75, 8.75, 9, 9 ], "texture": "#texture" },
        "east":  { "uv": [ 7, 8.75, 7.25, 9 ], "texture": "#wool_colored_yellow" }
    }
},
{
    "__comment": "Flashlight",
    "from": [ 0.25, 8.75, 8.75 ],
    "to": [ 15.5, 9, 9 ],
    "faces": {
        "down":  { "uv": [ 15.75, 9, 0.5, 8.75 ], "texture": "#texture" },
        "up":    { "uv": [ 0.25, 8.75, 15.5, 9 ], "texture": "#texture" },
        "north": { "uv": [ 0.5, 7, 15.75, 7.25 ], "texture": "#texture" },
        "south": { "uv": [ 0.25, 7, 15.5, 7.25 ], "texture": "#texture" },
        "west":  { "uv": [ 8.75, 7, 9, 7.25 ], "texture": "#texture" },
        "east":  { "uv": [ 7, 7, 7.25, 7.25 ], "texture": "#wool_colored_yellow" }
    }
},
{
    "__comment": "Flashlight",
    "from": [ 0.25, 7.25, 9 ],
    "to": [ 9.75, 7.5, 9.25 ],
    "faces": {
        "down":  { "uv": [ 15.75, 9.25, 6.25, 9 ], "texture": "#texture" },
        "up":    { "uv": [ 0.25, 9, 9.75, 9.25 ], "texture": "#texture" },
        "north": { "uv": [ 6.25, 8.5, 15.75, 8.75 ], "texture": "#texture" },
        "south": { "uv": [ 0.25, 8.5, 9.75, 8.75 ], "texture": "#texture" },
        "west":  { "uv": [ 9, 8.5, 9.25, 8.75 ], "texture": "#texture" },
        "east":  { "uv": [ 6.75, 8.5, 7, 8.75 ], "texture": "#texture" }
    }
},
{
    "__comment": "Flashlight",
    "from": [ 0.25, 8.5, 9 ],
    "to": [ 10.5, 8.75, 9.25 ],
    "faces": {
        "down":  { "uv": [ 15.75, 9.25, 5.5, 9 ], "texture": "#texture" },
        "up":    { "uv": [ 0.25, 9, 10.5, 9.25 ], "texture": "#texture" },
        "north": { "uv": [ 5.5, 7.25, 15.75, 7.5 ], "texture": "#texture" },
        "south": { "uv": [ 0.25, 7.25, 10.5, 7.5 ], "texture": "#texture" },
        "west":  { "uv": [ 9, 7.25, 9.25, 7.5 ], "texture": "#texture" },
        "east":  { "uv": [ 6.75, 7.25, 7, 7.5 ], "texture": "#texture" }
    }
},
{
    "__comment": "Flashlight",
    "from": [ 0.5, 7.25, 6.75 ],
    "to": [ 15.5, 7.5, 7 ],
    "faces": {
        "down":  { "uv": [ 15.5, 7, 0.5, 6.75 ], "texture": "#texture" },
        "up":    { "uv": [ 0.5, 6.75, 15.5, 7 ], "texture": "#texture" },
        "north": { "uv": [ 0.5, 8.5, 15.5, 8.75 ], "texture": "#texture" },
        "south": { "uv": [ 0.5, 8.5, 15.5, 8.75 ], "texture": "#texture" },
        "west":  { "uv": [ 6.75, 8.5, 7, 8.75 ], "texture": "#texture" },
        "east":  { "uv": [ 9, 8.5, 9.25, 8.75 ], "texture": "#wool_colored_yellow" }
    }
},
{
    "__comment": "Flashlight",
    "from": [ 0.5, 8.75, 7 ],
    "to": [ 15.5, 9, 7.25 ],
    "faces": {
        "down":  { "uv": [ 15.5, 7.25, 0.5, 7 ], "texture": "#texture" },
        "up":    { "uv": [ 0.5, 7, 15.5, 7.25 ], "texture": "#texture" },
        "north": { "uv": [ 0.5, 7, 15.5, 7.25 ], "texture": "#texture" },
        "south": { "uv": [ 0.5, 7, 15.5, 7.25 ], "texture": "#texture" },
        "west":  { "uv": [ 7, 7, 7.25, 7.25 ], "texture": "#texture" },
        "east":  { "uv": [ 8.75, 7, 9, 7.25 ], "texture": "#wool_colored_yellow" }
    }
},
{
    "__comment": "Flashlight",
    "from": [ 0.5, 6.75, 7.25 ],
    "to": [ 15.5, 7, 7.5 ],
    "faces": {
        "down":  { "uv": [ 15.5, 7.5, 0.5, 7.25 ], "texture": "#texture" },
        "up":    { "uv": [ 0.5, 7.25, 15.5, 7.5 ], "texture": "#texture" },
        "north": { "uv": [ 0.5, 9, 15.5, 9.25 ], "texture": "#texture" },
        "south": { "uv": [ 0.5, 9, 15.5, 9.25 ], "texture": "#texture" },
        "west":  { "uv": [ 7.25, 9, 7.5, 9.25 ], "texture": "#texture" },
        "east":  { "uv": [ 8.5, 9, 8.75, 9.25 ], "texture": "#wool_colored_yellow" }
    }
},
{
    "__comment": "Flashlight",
    "from": [ 0.5, 9, 8.5 ],
    "to": [ 8.5, 9.25, 8.75 ],
    "faces": {
        "down":  { "uv": [ 15.5, 8.75, 7.5, 8.5 ], "texture": "#texture" },
        "up":    { "uv": [ 0.5, 8.5, 8.5, 8.75 ], "texture": "#texture" },
        "north": { "uv": [ 7.5, 6.75, 15.5, 7 ], "texture": "#texture" },
        "south": { "uv": [ 0.5, 6.75, 8.5, 7 ], "texture": "#texture" },
        "west":  { "uv": [ 8.5, 6.75, 8.75, 7 ], "texture": "#texture" },
        "east":  { "uv": [ 7.25, 6.75, 7.5, 7 ], "texture": "#texture" }
    }
},
{
    "__comment": "Flashlight",
    "from": [ 8.75, 8.5, 6.75 ],
    "to": [ 15.5, 8.75, 7 ],
    "faces": {
        "down":  { "uv": [ 7.25, 7, 0.5, 6.75 ], "texture": "#texture" },
        "up":    { "uv": [ 8.75, 6.75, 15.5, 7 ], "texture": "#texture" },
        "north": { "uv": [ 0.5, 7.25, 7.25, 7.5 ], "texture": "#texture" },
        "south": { "uv": [ 8.75, 7.25, 15.5, 7.5 ], "texture": "#texture" },
        "west":  { "uv": [ 6.75, 7.25, 7, 7.5 ], "texture": "#texture" },
        "east":  { "uv": [ 9, 7.25, 9.25, 7.5 ], "texture": "#wool_colored_yellow" }
    }
},
{
    "__comment": "Flashlight",
    "from": [ 9.75, 6.75, 8.25 ],
    "to": [ 15.25, 7, 8.5 ],
    "faces": {
        "down":  { "uv": [ 6.25, 8.5, 0.75, 8.25 ], "texture": "#texture" },
        "up":    { "uv": [ 9.75, 8.25, 15.25, 8.5 ], "texture": "#texture" },
        "north": { "uv": [ 0.75, 9, 6.25, 9.25 ], "texture": "#texture" },
        "south": { "uv": [ 9.75, 9, 15.25, 9.25 ], "texture": "#texture" },
        "west":  { "uv": [ 8.25, 9, 8.5, 9.25 ], "texture": "#texture" },
        "east":  { "uv": [ 7.5, 9, 7.75, 9.25 ], "texture": "#wool_colored_yellow" }
    }
},
{
    "__comment": "Flashlight Switch",
    "from": [ 10.5, 9.25, 7.5 ],
    "to": [ 11.75, 9.5, 8.25 ],
    "faces": {
        "down":  { "uv": [ 5.5, 8.25, 4.25, 7.5 ], "texture": "#particle" },
        "up":    { "uv": [ 10.5, 7.5, 11.75, 8.25 ], "texture": "#particle" },
        "north": { "uv": [ 4.25, 6.5, 5.5, 6.75 ], "texture": "#particle" },
        "south": { "uv": [ 10.5, 6.5, 11.75, 6.75 ], "texture": "#particle" },
        "west":  { "uv": [ 7.5, 6.5, 8.25, 6.75 ], "texture": "#particle" },
        "east":  { "uv": [ 7.75, 6.5, 8.5, 6.75 ], "texture": "#particle" }
    }
},
{
    "__comment": "Flashlight",
    "from": [ 0.5, 9, 7.25 ],
    "to": [ 15.5, 9.25, 7.5 ],
    "faces": {
        "down":  { "uv": [ 15.5, 7.5, 0.5, 7.25 ], "texture": "#texture" },
        "up":    { "uv": [ 0.5, 7.25, 15.5, 7.5 ], "texture": "#texture" },
        "north": { "uv": [ 0.5, 6.75, 15.5, 7 ], "texture": "#texture" },
        "south": { "uv": [ 0.5, 6.75, 15.5, 7 ], "texture": "#texture" },
        "west":  { "uv": [ 7.25, 6.75, 7.5, 7 ], "texture": "#texture" },
        "east":  { "uv": [ 8.5, 6.75, 8.75, 7 ], "texture": "#wool_colored_yellow" }
    }
},
{
    "__comment": "Flashlight",
    "from": [ 12, 6.75, 8.5 ],
    "to": [ 15.5, 7, 8.75 ],
    "faces": {
        "down":  { "uv": [ 4, 8.75, 0.5, 8.5 ], "texture": "#texture" },
        "up":    { "uv": [ 12, 8.5, 15.5, 8.75 ], "texture": "#texture" },
        "north": { "uv": [ 0.5, 9, 4, 9.25 ], "texture": "#texture" },
        "south": { "uv": [ 12, 9, 15.5, 9.25 ], "texture": "#texture" },
        "west":  { "uv": [ 8.5, 9, 8.75, 9.25 ], "texture": "#texture" },
        "east":  { "uv": [ 7.25, 9, 7.5, 9.25 ], "texture": "#wool_colored_yellow" }
    }
},
{
    "__comment": "Flashlight",
    "from": [ 12, 9, 8.5 ],
    "to": [ 15.5, 9.25, 8.75 ],
    "faces": {
        "down":  { "uv": [ 4, 8.75, 0.5, 8.5 ], "texture": "#texture" },
        "up":    { "uv": [ 12, 8.5, 15.5, 8.75 ], "texture": "#texture" },
        "north": { "uv": [ 0.5, 6.75, 4, 7 ], "texture": "#texture" },
        "south": { "uv": [ 12, 6.75, 15.5, 7 ], "texture": "#texture" },
        "west":  { "uv": [ 8.5, 6.75, 8.75, 7 ], "texture": "#texture" },
        "east":  { "uv": [ 7.25, 6.75, 7.5, 7 ], "texture": "#wool_colored_yellow" }
    }
},
{
    "__comment": "Flashlight",
    "from": [ 12, 7.25, 9 ],
    "to": [ 15.5, 7.5, 9.25 ],
    "faces": {
        "down":  { "uv": [ 4, 9.25, 0.5, 9 ], "texture": "#texture" },
        "up":    { "uv": [ 12, 9, 15.5, 9.25 ], "texture": "#texture" },
        "north": { "uv": [ 0.5, 8.5, 4, 8.75 ], "texture": "#texture" },
        "south": { "uv": [ 12, 8.5, 15.5, 8.75 ], "texture": "#texture" },
        "west":  { "uv": [ 9, 8.5, 9.25, 8.75 ], "texture": "#texture" },
        "east":  { "uv": [ 6.75, 8.5, 7, 8.75 ], "texture": "#wool_colored_yellow" }
    }
},
{
    "__comment": "Flashlight",
    "from": [ 12, 8.5, 9 ],
    "to": [ 15.5, 8.75, 9.25 ],
    "faces": {
        "down":  { "uv": [ 4, 9.25, 0.5, 9 ], "texture": "#texture" },
        "up":    { "uv": [ 12, 9, 15.5, 9.25 ], "texture": "#texture" },
        "north": { "uv": [ 0.5, 7.25, 4, 7.5 ], "texture": "#texture" },
        "south": { "uv": [ 12, 7.25, 15.5, 7.5 ], "texture": "#texture" },
        "west":  { "uv": [ 9, 7.25, 9.25, 7.5 ], "texture": "#texture" },
        "east":  { "uv": [ 6.75, 7.25, 7, 7.5 ], "texture": "#wool_colored_yellow" }
    }
},
{
    "__comment": "Flashlight",
    "from": [ 12.25, 7.25, 6.5 ],
    "to": [ 15.5, 8.75, 6.75 ],
    "faces": {
        "down":  { "uv": [ 3.75, 6.75, 0.5, 6.5 ], "texture": "#texture" },
        "up":    { "uv": [ 12.25, 6.5, 15.5, 6.75 ], "texture": "#texture" },
        "north": { "uv": [ 0.5, 7.25, 3.75, 8.75 ], "texture": "#texture" },
        "south": { "uv": [ 12.25, 7.25, 15.5, 8.75 ], "texture": "#texture" },
        "west":  { "uv": [ 6.5, 7.25, 6.75, 8.75 ], "texture": "#texture" },
        "east":  { "uv": [ 9.25, 7.25, 9.5, 8.75 ], "texture": "#wool_colored_yellow" }
    }
},
{
    "__comment": "Flashlight",
    "from": [ 12.25, 7, 6.75 ],
    "to": [ 15.75, 7.25, 7 ],
    "faces": {
        "down":  { "uv": [ 3.75, 7, 0.25, 6.75 ], "texture": "#texture" },
        "up":    { "uv": [ 12.25, 6.75, 15.75, 7 ], "texture": "#texture" },
        "north": { "uv": [ 0.25, 8.75, 3.75, 9 ], "texture": "#texture" },
        "south": { "uv": [ 12.25, 8.75, 15.75, 9 ], "texture": "#texture" },
        "west":  { "uv": [ 6.75, 8.75, 7, 9 ], "texture": "#texture" },
        "east":  { "uv": [ 9, 8.75, 9.25, 9 ], "texture": "#wool_colored_yellow" }
    }
},
{
    "__comment": "Flashlight",
    "from": [ 12.25, 8.75, 6.75 ],
    "to": [ 15.75, 9, 7 ],
    "faces": {
        "down":  { "uv": [ 3.75, 7, 0.25, 6.75 ], "texture": "#texture" },
        "up":    { "uv": [ 12.25, 6.75, 15.75, 7 ], "texture": "#texture" },
        "north": { "uv": [ 0.25, 7, 3.75, 7.25 ], "texture": "#texture" },
        "south": { "uv": [ 12.25, 7, 15.75, 7.25 ], "texture": "#texture" },
        "west":  { "uv": [ 6.75, 7, 7, 7.25 ], "texture": "#texture" },
        "east":  { "uv": [ 9, 7, 9.25, 7.25 ], "texture": "#wool_colored_yellow" }
    }
},
{
    "__comment": "Flashlight",
    "from": [ 12.25, 6.75, 7 ],
    "to": [ 15.75, 7, 7.25 ],
    "faces": {
        "down":  { "uv": [ 3.75, 7.25, 0.25, 7 ], "texture": "#texture" },
        "up":    { "uv": [ 12.25, 7, 15.75, 7.25 ], "texture": "#texture" },
        "north": { "uv": [ 0.25, 9, 3.75, 9.25 ], "texture": "#texture" },
        "south": { "uv": [ 12.25, 9, 15.75, 9.25 ], "texture": "#texture" },
        "west":  { "uv": [ 7, 9, 7.25, 9.25 ], "texture": "#texture" },
        "east":  { "uv": [ 8.75, 9, 9, 9.25 ], "texture": "#wool_colored_yellow" }
    }
},
{
    "__comment": "Flashlight",
    "from": [ 12.25, 9, 7 ],
    "to": [ 15.75, 9.25, 7.25 ],
    "faces": {
        "down":  { "uv": [ 3.75, 7.25, 0.25, 7 ], "texture": "#texture" },
        "up":    { "uv": [ 12.25, 7, 15.75, 7.25 ], "texture": "#texture" },
        "north": { "uv": [ 0.25, 6.75, 3.75, 7 ], "texture": "#texture" },
        "south": { "uv": [ 12.25, 6.75, 15.75, 7 ], "texture": "#texture" },
        "west":  { "uv": [ 7, 6.75, 7.25, 7 ], "texture": "#texture" },
        "east":  { "uv": [ 8.75, 6.75, 9, 7 ], "texture": "#wool_colored_yellow" }
    }
},
{
    "__comment": "Flashlight",
    "from": [ 12.25, 6.5, 7.25 ],
    "to": [ 15.5, 6.75, 8.5 ],
    "faces": {
        "down":  { "uv": [ 3.75, 8.5, 0.5, 7.25 ], "texture": "#texture" },
        "up":    { "uv": [ 12.25, 7.25, 15.5, 8.5 ], "texture": "#texture" },
        "north": { "uv": [ 0.5, 9.25, 3.75, 9.5 ], "texture": "#texture" },
        "south": { "uv": [ 12.25, 9.25, 15.5, 9.5 ], "texture": "#texture" },
        "west":  { "uv": [ 7.25, 9.25, 8.5, 9.5 ], "texture": "#texture" },
        "east":  { "uv": [ 7.5, 9.25, 8.75, 9.5 ], "texture": "#wool_colored_yellow" }
    }
},
{
    "__comment": "Flashlight",
    "from": [ 12.25, 9.25, 7.5 ],
    "to": [ 15.5, 9.5, 8.5 ],
    "faces": {
        "down":  { "uv": [ 3.75, 8.5, 0.5, 7.5 ], "texture": "#texture" },
        "up":    { "uv": [ 12.25, 7.5, 15.5, 8.5 ], "texture": "#texture" },
        "north": { "uv": [ 0.5, 6.5, 3.75, 6.75 ], "texture": "#texture" },
        "south": { "uv": [ 12.25, 6.5, 15.5, 6.75 ], "texture": "#texture" },
        "west":  { "uv": [ 7.5, 6.5, 8.5, 6.75 ], "texture": "#texture" },
        "east":  { "uv": [ 7.5, 6.5, 8.5, 6.75 ], "texture": "#wool_colored_yellow" }
    }
},
{
    "__comment": "Flashlight",
    "from": [ 12.25, 6.75, 8.75 ],
    "to": [ 15.75, 7, 9 ],
    "faces": {
        "down":  { "uv": [ 3.75, 9, 0.25, 8.75 ], "texture": "#particle" },
        "up":    { "uv": [ 12.25, 8.75, 15.75, 9 ], "texture": "#particle" },
        "north": { "uv": [ 0.25, 9, 3.75, 9.25 ], "texture": "#particle" },
        "south": { "uv": [ 12.25, 9, 15.75, 9.25 ], "texture": "#particle" },
        "west":  { "uv": [ 8.75, 9, 9, 9.25 ], "texture": "#particle" },
        "east":  { "uv": [ 7, 9, 7.25, 9.25 ], "texture": "#particle" }
    }
},
{
    "__comment": "Flashlight",
    "from": [ 12.25, 9, 8.75 ],
    "to": [ 15.75, 9.25, 9 ],
    "faces": {
        "down":  { "uv": [ 3.75, 9, 0.25, 8.75 ], "texture": "#particle" },
        "up":    { "uv": [ 12.25, 8.75, 15.75, 9 ], "texture": "#particle" },
        "north": { "uv": [ 0.25, 6.75, 3.75, 7 ], "texture": "#particle" },
        "south": { "uv": [ 12.25, 6.75, 15.75, 7 ], "texture": "#particle" },
        "west":  { "uv": [ 8.75, 6.75, 9, 7 ], "texture": "#particle" },
        "east":  { "uv": [ 7, 6.75, 7.25, 7 ], "texture": "#particle" }
    }
},
{
    "__comment": "Flashlight",
    "from": [ 12.25, 7, 9 ],
    "to": [ 15.75, 7.25, 9.25 ],
    "faces": {
        "down":  { "uv": [ 3.75, 9.25, 0.25, 9 ], "texture": "#particle" },
        "up":    { "uv": [ 12.25, 9, 15.75, 9.25 ], "texture": "#particle" },
        "north": { "uv": [ 0.25, 8.75, 3.75, 9 ], "texture": "#particle" },
        "south": { "uv": [ 12.25, 8.75, 15.75, 9 ], "texture": "#particle" },
        "west":  { "uv": [ 9, 8.75, 9.25, 9 ], "texture": "#particle" },
        "east":  { "uv": [ 6.75, 8.75, 7, 9 ], "texture": "#particle" }
    }
},
{
    "__comment": "Flashlight",
    "from": [ 12.25, 8.75, 9 ],
    "to": [ 15.75, 9, 9.25 ],
    "faces": {
        "down":  { "uv": [ 3.75, 9.25, 0.25, 9 ], "texture": "#particle" },
        "up":    { "uv": [ 12.25, 9, 15.75, 9.25 ], "texture": "#particle" },
        "north": { "uv": [ 0.25, 7, 3.75, 7.25 ], "texture": "#particle" },
        "south": { "uv": [ 12.25, 7, 15.75, 7.25 ], "texture": "#particle" },
        "west":  { "uv": [ 9, 7, 9.25, 7.25 ], "texture": "#particle" },
        "east":  { "uv": [ 6.75, 7, 7, 7.25 ], "texture": "#particle" }
    }
},
{
    "__comment": "Flashlight",
    "from": [ 12.25, 7.5, 9.25 ],
    "to": [ 15.5, 8.5, 9.5 ],
    "faces": {
        "down":  { "uv": [ 3.75, 9.5, 0.5, 9.25 ], "texture": "#particle" },
        "up":    { "uv": [ 12.25, 9.25, 15.5, 9.5 ], "texture": "#particle" },
        "north": { "uv": [ 0.5, 7.5, 3.75, 8.5 ], "texture": "#particle" },
        "south": { "uv": [ 12.25, 7.5, 15.5, 8.5 ], "texture": "#particle" },
        "west":  { "uv": [ 9.25, 7.5, 9.5, 8.5 ], "texture": "#particle" },
        "east":  { "uv": [ 6.5, 7.5, 6.75, 8.5 ], "texture": "#particle" }
    }
},
{
    "__comment": "Flashlight",
    "from": [ 12.5, 7.75, 6.25 ],
    "to": [ 16, 8.25, 6.5 ],
    "faces": {
        "down":  { "uv": [ 3.5, 6.5, 0, 6.25 ], "texture": "#particle" },
        "up":    { "uv": [ 12.5, 6.25, 16, 6.5 ], "texture": "#particle" },
        "north": { "uv": [ 0, 7.75, 3.5, 8.25 ], "texture": "#particle" },
        "south": { "uv": [ 12.5, 7.75, 16, 8.25 ], "texture": "#particle" },
        "west":  { "uv": [ 6.25, 7.75, 6.5, 8.25 ], "texture": "#particle" },
        "east":  { "uv": [ 9.5, 7.75, 9.75, 8.25 ], "texture": "#particle" }
    }
},
{
    "__comment": "Flashlight",
    "from": [ 12.5, 7, 6.5 ],
    "to": [ 16, 7.25, 6.75 ],
    "faces": {
        "down":  { "uv": [ 3.5, 6.75, 0, 6.5 ], "texture": "#particle" },
        "up":    { "uv": [ 12.5, 6.5, 16, 6.75 ], "texture": "#particle" },
        "north": { "uv": [ 0, 8.75, 3.5, 9 ], "texture": "#particle" },
        "south": { "uv": [ 12.5, 8.75, 16, 9 ], "texture": "#particle" },
        "west":  { "uv": [ 6.5, 8.75, 6.75, 9 ], "texture": "#particle" },
        "east":  { "uv": [ 9.25, 8.75, 9.5, 9 ], "texture": "#particle" }
    }
},
{
    "__comment": "Flashlight",
    "from": [ 12.5, 8.75, 6.5 ],
    "to": [ 16, 9, 6.75 ],
    "faces": {
        "down":  { "uv": [ 3.5, 6.75, 0, 6.5 ], "texture": "#particle" },
        "up":    { "uv": [ 12.5, 6.5, 16, 6.75 ], "texture": "#particle" },
        "north": { "uv": [ 0, 7, 3.5, 7.25 ], "texture": "#particle" },
        "south": { "uv": [ 12.5, 7, 16, 7.25 ], "texture": "#particle" },
        "west":  { "uv": [ 6.5, 7, 6.75, 7.25 ], "texture": "#particle" },
        "east":  { "uv": [ 9.25, 7, 9.5, 7.25 ], "texture": "#particle" }
    }
},
{
    "__comment": "Flashlight",
    "from": [ 12.5, 6.75, 6.75 ],
    "to": [ 15.75, 7, 7 ],
    "faces": {
        "down":  { "uv": [ 3.5, 7, 0.25, 6.75 ], "texture": "#particle" },
        "up":    { "uv": [ 12.5, 6.75, 15.75, 7 ], "texture": "#particle" },
        "north": { "uv": [ 0.25, 9, 3.5, 9.25 ], "texture": "#particle" },
        "south": { "uv": [ 12.5, 9, 15.75, 9.25 ], "texture": "#particle" },
        "west":  { "uv": [ 6.75, 9, 7, 9.25 ], "texture": "#particle" },
        "east":  { "uv": [ 9, 9, 9.25, 9.25 ], "texture": "#particle" }
    }
},
{
    "__comment": "Flashlight",
    "from": [ 12.5, 9, 6.75 ],
    "to": [ 16, 9.25, 7 ],
    "faces": {
        "down":  { "uv": [ 3.5, 7, 0, 6.75 ], "texture": "#particle" },
        "up":    { "uv": [ 12.5, 6.75, 16, 7 ], "texture": "#particle" },
        "north": { "uv": [ 0, 6.75, 3.5, 7 ], "texture": "#particle" },
        "south": { "uv": [ 12.5, 6.75, 16, 7 ], "texture": "#particle" },
        "west":  { "uv": [ 6.75, 6.75, 7, 7 ], "texture": "#particle" },
        "east":  { "uv": [ 9, 6.75, 9.25, 7 ], "texture": "#particle" }
    }
},
{
    "__comment": "Flashlight",
    "from": [ 12.5, 6.5, 7 ],
    "to": [ 16, 6.75, 7.25 ],
    "faces": {
        "down":  { "uv": [ 3.5, 7.25, 0, 7 ], "texture": "#particle" },
        "up":    { "uv": [ 12.5, 7, 16, 7.25 ], "texture": "#particle" },
        "north": { "uv": [ 0, 9.25, 3.5, 9.5 ], "texture": "#particle" },
        "south": { "uv": [ 12.5, 9.25, 16, 9.5 ], "texture": "#particle" },
        "west":  { "uv": [ 7, 9.25, 7.25, 9.5 ], "texture": "#particle" },
        "east":  { "uv": [ 8.75, 9.25, 9, 9.5 ], "texture": "#particle" }
    }
},
{
    "__comment": "Flashlight",
    "from": [ 12.5, 9.25, 7.25 ],
    "to": [ 15.75, 9.5, 7.5 ],
    "faces": {
        "down":  { "uv": [ 3.5, 7.5, 0.25, 7.25 ], "texture": "#particle" },
        "up":    { "uv": [ 12.5, 7.25, 15.75, 7.5 ], "texture": "#particle" },
        "north": { "uv": [ 0.25, 6.5, 3.5, 6.75 ], "texture": "#particle" },
        "south": { "uv": [ 12.5, 6.5, 15.75, 6.75 ], "texture": "#particle" },
        "west":  { "uv": [ 7.25, 6.5, 7.5, 6.75 ], "texture": "#particle" },
        "east":  { "uv": [ 8.5, 6.5, 8.75, 6.75 ], "texture": "#particle" }
    }
},
{
    "__comment": "Flashlight",
    "from": [ 12.5, 6.25, 7.75 ],
    "to": [ 16, 6.5, 8.25 ],
    "faces": {
        "down":  { "uv": [ 3.5, 8.25, 0, 7.75 ], "texture": "#particle" },
        "up":    { "uv": [ 12.5, 7.75, 16, 8.25 ], "texture": "#particle" },
        "north": { "uv": [ 0, 9.5, 3.5, 9.75 ], "texture": "#particle" },
        "south": { "uv": [ 12.5, 9.5, 16, 9.75 ], "texture": "#particle" },
        "west":  { "uv": [ 7.75, 9.5, 8.25, 9.75 ], "texture": "#particle" },
        "east":  { "uv": [ 7.75, 9.5, 8.25, 9.75 ], "texture": "#particle" }
    }
},
{
    "__comment": "Flashlight",
    "from": [ 12.5, 9.5, 8 ],
    "to": [ 16, 9.75, 8.25 ],
    "faces": {
        "down":  { "uv": [ 3.5, 8.25, 0, 8 ], "texture": "#particle" },
        "up":    { "uv": [ 12.5, 8, 16, 8.25 ], "texture": "#particle" },
        "north": { "uv": [ 0, 6.25, 3.5, 6.5 ], "texture": "#particle" },
        "south": { "uv": [ 12.5, 6.25, 16, 6.5 ], "texture": "#particle" },
        "west":  { "uv": [ 8, 6.25, 8.25, 6.5 ], "texture": "#particle" },
        "east":  { "uv": [ 7.75, 6.25, 8, 6.5 ], "texture": "#particle" }
    }
},
{
    "__comment": "Flashlight",
    "from": [ 12.5, 6.5, 8.5 ],
    "to": [ 15.75, 6.75, 9 ],
    "faces": {
        "down":  { "uv": [ 3.5, 9, 0.25, 8.5 ], "texture": "#particle" },
        "up":    { "uv": [ 12.5, 8.5, 15.75, 9 ], "texture": "#particle" },
        "north": { "uv": [ 0.25, 9.25, 3.5, 9.5 ], "texture": "#particle" },
        "south": { "uv": [ 12.5, 9.25, 15.75, 9.5 ], "texture": "#particle" },
        "west":  { "uv": [ 8.5, 9.25, 9, 9.5 ], "texture": "#particle" },
        "east":  { "uv": [ 7, 9.25, 7.5, 9.5 ], "texture": "#particle" }
    }
},
{
    "__comment": "Flashlight",
    "from": [ 12.5, 9.25, 8.5 ],
    "to": [ 15.75, 9.5, 9 ],
    "faces": {
        "down":  { "uv": [ 3.5, 9, 0.25, 8.5 ], "texture": "#particle" },
        "up":    { "uv": [ 12.5, 8.5, 15.75, 9 ], "texture": "#particle" },
        "north": { "uv": [ 0.25, 6.5, 3.5, 6.75 ], "texture": "#particle" },
        "south": { "uv": [ 12.5, 6.5, 15.75, 6.75 ], "texture": "#particle" },
        "west":  { "uv": [ 8.5, 6.5, 9, 6.75 ], "texture": "#particle" },
        "east":  { "uv": [ 7, 6.5, 7.5, 6.75 ], "texture": "#particle" }
    }
},
{
    "__comment": "Flashlight",
    "from": [ 12.5, 6.75, 9 ],
    "to": [ 15.75, 7, 9.25 ],
    "faces": {
        "down":  { "uv": [ 3.5, 9.25, 0.25, 9 ], "texture": "#particle" },
        "up":    { "uv": [ 12.5, 9, 15.75, 9.25 ], "texture": "#particle" },
        "north": { "uv": [ 0.25, 9, 3.5, 9.25 ], "texture": "#particle" },
        "south": { "uv": [ 12.5, 9, 15.75, 9.25 ], "texture": "#particle" },
        "west":  { "uv": [ 9, 9, 9.25, 9.25 ], "texture": "#particle" },
        "east":  { "uv": [ 6.75, 9, 7, 9.25 ], "texture": "#particle" }
    }
},
{
    "__comment": "Flashlight",
    "from": [ 12.5, 9, 9 ],
    "to": [ 15.75, 9.25, 9.25 ],
    "faces": {
        "down":  { "uv": [ 3.5, 9.25, 0.25, 9 ], "texture": "#particle" },
        "up":    { "uv": [ 12.5, 9, 15.75, 9.25 ], "texture": "#particle" },
        "north": { "uv": [ 0.25, 6.75, 3.5, 7 ], "texture": "#particle" },
        "south": { "uv": [ 12.5, 6.75, 15.75, 7 ], "texture": "#particle" },
        "west":  { "uv": [ 9, 6.75, 9.25, 7 ], "texture": "#particle" },
        "east":  { "uv": [ 6.75, 6.75, 7, 7 ], "texture": "#particle" }
    }
},
{
    "__comment": "Flashlight",
    "from": [ 12.5, 7, 9.25 ],
    "to": [ 15.75, 7.5, 9.5 ],
    "faces": {
        "down":  { "uv": [ 3.5, 9.5, 0.25, 9.25 ], "texture": "#particle" },
        "up":    { "uv": [ 12.5, 9.25, 15.75, 9.5 ], "texture": "#particle" },
        "north": { "uv": [ 0.25, 8.5, 3.5, 9 ], "texture": "#particle" },
        "south": { "uv": [ 12.5, 8.5, 15.75, 9 ], "texture": "#particle" },
        "west":  { "uv": [ 9.25, 8.5, 9.5, 9 ], "texture": "#particle" },
        "east":  { "uv": [ 6.5, 8.5, 6.75, 9 ], "texture": "#particle" }
    }
},
{
    "__comment": "Flashlight",
    "from": [ 12.5, 8.5, 9.25 ],
    "to": [ 15.75, 9, 9.5 ],
    "faces": {
        "down":  { "uv": [ 3.5, 9.5, 0.25, 9.25 ], "texture": "#particle" },
        "up":    { "uv": [ 12.5, 9.25, 15.75, 9.5 ], "texture": "#particle" },
        "north": { "uv": [ 0.25, 7, 3.5, 7.5 ], "texture": "#particle" },
        "south": { "uv": [ 12.5, 7, 15.75, 7.5 ], "texture": "#particle" },
        "west":  { "uv": [ 9.25, 7, 9.5, 7.5 ], "texture": "#particle" },
        "east":  { "uv": [ 6.5, 7, 6.75, 7.5 ], "texture": "#particle" }
    }
},
{
    "__comment": "Flashlight",
    "from": [ 12.5, 7.75, 9.5 ],
    "to": [ 16, 8.25, 9.75 ],
    "faces": {
        "down":  { "uv": [ 3.5, 9.75, 0, 9.5 ], "texture": "#particle" },
        "up":    { "uv": [ 12.5, 9.5, 16, 9.75 ], "texture": "#particle" },
        "north": { "uv": [ 0, 7.75, 3.5, 8.25 ], "texture": "#particle" },
        "south": { "uv": [ 12.5, 7.75, 16, 8.25 ], "texture": "#particle" },
        "west":  { "uv": [ 9.5, 7.75, 9.75, 8.25 ], "texture": "#particle" },
        "east":  { "uv": [ 6.25, 7.75, 6.5, 8.25 ], "texture": "#particle" }
    }
},
{
    "__comment": "Flashlight",
    "from": [ 12.75, 7.25, 6.25 ],
    "to": [ 16, 7.75, 6.5 ],
    "faces": {
        "down":  { "uv": [ 3.25, 6.5, 0, 6.25 ], "texture": "#particle" },
        "up":    { "uv": [ 12.75, 6.25, 16, 6.5 ], "texture": "#particle" },
        "north": { "uv": [ 0, 8.25, 3.25, 8.75 ], "texture": "#particle" },
        "south": { "uv": [ 12.75, 8.25, 16, 8.75 ], "texture": "#particle" },
        "west":  { "uv": [ 6.25, 8.25, 6.5, 8.75 ], "texture": "#particle" },
        "east":  { "uv": [ 9.5, 8.25, 9.75, 8.75 ], "texture": "#particle" }
    }
},
{
    "__comment": "Flashlight",
    "from": [ 12.75, 8.25, 6.25 ],
    "to": [ 16, 8.75, 6.5 ],
    "faces": {
        "down":  { "uv": [ 3.25, 6.5, 0, 6.25 ], "texture": "#particle" },
        "up":    { "uv": [ 12.75, 6.25, 16, 6.5 ], "texture": "#particle" },
        "north": { "uv": [ 0, 7.25, 3.25, 7.75 ], "texture": "#particle" },
        "south": { "uv": [ 12.75, 7.25, 16, 7.75 ], "texture": "#particle" },
        "west":  { "uv": [ 6.25, 7.25, 6.5, 7.75 ], "texture": "#particle" },
        "east":  { "uv": [ 9.5, 7.25, 9.75, 7.75 ], "texture": "#particle" }
    }
},
{
    "__comment": "Flashlight",
    "from": [ 12.75, 6.75, 6.5 ],
    "to": [ 16, 7, 6.75 ],
    "faces": {
        "down":  { "uv": [ 3.25, 6.75, 0, 6.5 ], "texture": "#particle" },
        "up":    { "uv": [ 12.75, 6.5, 16, 6.75 ], "texture": "#particle" },
        "north": { "uv": [ 0, 9, 3.25, 9.25 ], "texture": "#particle" },
        "south": { "uv": [ 12.75, 9, 16, 9.25 ], "texture": "#particle" },
        "west":  { "uv": [ 6.5, 9, 6.75, 9.25 ], "texture": "#particle" },
        "east":  { "uv": [ 9.25, 9, 9.5, 9.25 ], "texture": "#particle" }
    }
},
{
    "__comment": "Flashlight",
    "from": [ 12.75, 9, 6.5 ],
    "to": [ 16, 9.25, 6.75 ],
    "faces": {
        "down":  { "uv": [ 3.25, 6.75, 0, 6.5 ], "texture": "#particle" },
        "up":    { "uv": [ 12.75, 6.5, 16, 6.75 ], "texture": "#particle" },
        "north": { "uv": [ 0, 6.75, 3.25, 7 ], "texture": "#particle" },
        "south": { "uv": [ 12.75, 6.75, 16, 7 ], "texture": "#particle" },
        "west":  { "uv": [ 6.5, 6.75, 6.75, 7 ], "texture": "#particle" },
        "east":  { "uv": [ 9.25, 6.75, 9.5, 7 ], "texture": "#particle" }
    }
},
{
    "__comment": "Flashlight",
    "from": [ 12.75, 6.5, 6.75 ],
    "to": [ 16, 6.75, 7 ],
    "faces": {
        "down":  { "uv": [ 3.25, 7, 0, 6.75 ], "texture": "#particle" },
        "up":    { "uv": [ 12.75, 6.75, 16, 7 ], "texture": "#particle" },
        "north": { "uv": [ 0, 9.25, 3.25, 9.5 ], "texture": "#particle" },
        "south": { "uv": [ 12.75, 9.25, 16, 9.5 ], "texture": "#particle" },
        "west":  { "uv": [ 6.75, 9.25, 7, 9.5 ], "texture": "#particle" },
        "east":  { "uv": [ 9, 9.25, 9.25, 9.5 ], "texture": "#particle" }
    }
},
{
    "__comment": "Flashlight",
    "from": [ 12.75, 9.25, 6.75 ],
    "to": [ 16, 9.5, 7.25 ],
    "faces": {
        "down":  { "uv": [ 3.25, 7.25, 0, 6.75 ], "texture": "#particle" },
        "up":    { "uv": [ 12.75, 6.75, 16, 7.25 ], "texture": "#particle" },
        "north": { "uv": [ 0, 6.5, 3.25, 6.75 ], "texture": "#particle" },
        "south": { "uv": [ 12.75, 6.5, 16, 6.75 ], "texture": "#particle" },
        "west":  { "uv": [ 6.75, 6.5, 7.25, 6.75 ], "texture": "#particle" },
        "east":  { "uv": [ 8.75, 6.5, 9.25, 6.75 ], "texture": "#particle" }
    }
},
{
    "__comment": "Flashlight",
    "from": [ 12.75, 6.25, 7.25 ],
    "to": [ 16, 6.5, 7.75 ],
    "faces": {
        "down":  { "uv": [ 3.25, 7.75, 0, 7.25 ], "texture": "#particle" },
        "up":    { "uv": [ 12.75, 7.25, 16, 7.75 ], "texture": "#particle" },
        "north": { "uv": [ 0, 9.5, 3.25, 9.75 ], "texture": "#particle" },
        "south": { "uv": [ 12.75, 9.5, 16, 9.75 ], "texture": "#particle" },
        "west":  { "uv": [ 7.25, 9.5, 7.75, 9.75 ], "texture": "#particle" },
        "east":  { "uv": [ 8.25, 9.5, 8.75, 9.75 ], "texture": "#particle" }
    }
},
{
    "__comment": "Flashlight",
    "from": [ 12.75, 9.5, 7.25 ],
    "to": [ 16, 9.75, 8 ],
    "faces": {
        "down":  { "uv": [ 3.25, 8, 0, 7.25 ], "texture": "#particle" },
        "up":    { "uv": [ 12.75, 7.25, 16, 8 ], "texture": "#particle" },
        "north": { "uv": [ 0, 6.25, 3.25, 6.5 ], "texture": "#particle" },
        "south": { "uv": [ 12.75, 6.25, 16, 6.5 ], "texture": "#particle" },
        "west":  { "uv": [ 7.25, 6.25, 8, 6.5 ], "texture": "#particle" },
        "east":  { "uv": [ 8, 6.25, 8.75, 6.5 ], "texture": "#particle" }
    }
},
{
    "__comment": "Flashlight",
    "from": [ 12.75, 6.25, 8.25 ],
    "to": [ 16, 6.5, 8.75 ],
    "faces": {
        "down":  { "uv": [ 3.25, 8.75, 0, 8.25 ], "texture": "#particle" },
        "up":    { "uv": [ 12.75, 8.25, 16, 8.75 ], "texture": "#particle" },
        "north": { "uv": [ 0, 9.5, 3.25, 9.75 ], "texture": "#particle" },
        "south": { "uv": [ 12.75, 9.5, 16, 9.75 ], "texture": "#particle" },
        "west":  { "uv": [ 8.25, 9.5, 8.75, 9.75 ], "texture": "#particle" },
        "east":  { "uv": [ 7.25, 9.5, 7.75, 9.75 ], "texture": "#particle" }
    }
},
{
    "__comment": "Flashlight",
    "from": [ 12.75, 9.5, 8.25 ],
    "to": [ 16, 9.75, 8.75 ],
    "faces": {
        "down":  { "uv": [ 3.25, 8.75, 0, 8.25 ], "texture": "#particle" },
        "up":    { "uv": [ 12.75, 8.25, 16, 8.75 ], "texture": "#particle" },
        "north": { "uv": [ 0, 6.25, 3.25, 6.5 ], "texture": "#particle" },
        "south": { "uv": [ 12.75, 6.25, 16, 6.5 ], "texture": "#particle" },
        "west":  { "uv": [ 8.25, 6.25, 8.75, 6.5 ], "texture": "#particle" },
        "east":  { "uv": [ 7.25, 6.25, 7.75, 6.5 ], "texture": "#particle" }
    }
},
{
    "__comment": "Flashlight",
    "from": [ 12.75, 6.5, 9 ],
    "to": [ 16, 6.75, 9.25 ],
    "faces": {
        "down":  { "uv": [ 3.25, 9.25, 0, 9 ], "texture": "#particle" },
        "up":    { "uv": [ 12.75, 9, 16, 9.25 ], "texture": "#particle" },
        "north": { "uv": [ 0, 9.25, 3.25, 9.5 ], "texture": "#particle" },
        "south": { "uv": [ 12.75, 9.25, 16, 9.5 ], "texture": "#particle" },
        "west":  { "uv": [ 9, 9.25, 9.25, 9.5 ], "texture": "#particle" },
        "east":  { "uv": [ 6.75, 9.25, 7, 9.5 ], "texture": "#particle" }
    }
},
{
    "__comment": "Flashlight",
    "from": [ 12.75, 9.25, 9 ],
    "to": [ 16, 9.5, 9.25 ],
    "faces": {
        "down":  { "uv": [ 3.25, 9.25, 0, 9 ], "texture": "#particle" },
        "up":    { "uv": [ 12.75, 9, 16, 9.25 ], "texture": "#particle" },
        "north": { "uv": [ 0, 6.5, 3.25, 6.75 ], "texture": "#particle" },
        "south": { "uv": [ 12.75, 6.5, 16, 6.75 ], "texture": "#particle" },
        "west":  { "uv": [ 9, 6.5, 9.25, 6.75 ], "texture": "#particle" },
        "east":  { "uv": [ 6.75, 6.5, 7, 6.75 ], "texture": "#particle" }
    }
},
{
    "__comment": "Flashlight",
    "from": [ 12.75, 6.75, 9.25 ],
    "to": [ 16, 7, 9.5 ],
    "faces": {
        "down":  { "uv": [ 3.25, 9.5, 0, 9.25 ], "texture": "#particle" },
        "up":    { "uv": [ 12.75, 9.25, 16, 9.5 ], "texture": "#particle" },
        "north": { "uv": [ 0, 9, 3.25, 9.25 ], "texture": "#particle" },
        "south": { "uv": [ 12.75, 9, 16, 9.25 ], "texture": "#particle" },
        "west":  { "uv": [ 9.25, 9, 9.5, 9.25 ], "texture": "#particle" },
        "east":  { "uv": [ 6.5, 9, 6.75, 9.25 ], "texture": "#particle" }
    }
},
{
    "__comment": "Flashlight",
    "from": [ 12.75, 9, 9.25 ],
    "to": [ 16, 9.25, 9.5 ],
    "faces": {
        "down":  { "uv": [ 3.25, 9.5, 0, 9.25 ], "texture": "#particle" },
        "up":    { "uv": [ 12.75, 9.25, 16, 9.5 ], "texture": "#particle" },
        "north": { "uv": [ 0, 6.75, 3.25, 7 ], "texture": "#particle" },
        "south": { "uv": [ 12.75, 6.75, 16, 7 ], "texture": "#particle" },
        "west":  { "uv": [ 9.25, 6.75, 9.5, 7 ], "texture": "#particle" },
        "east":  { "uv": [ 6.5, 6.75, 6.75, 7 ], "texture": "#particle" }
    }
},
{
    "__comment": "Flashlight",
    "from": [ 12.75, 7.25, 9.5 ],
    "to": [ 16, 7.75, 9.75 ],
    "faces": {
        "down":  { "uv": [ 3.25, 9.75, 0, 9.5 ], "texture": "#particle" },
        "up":    { "uv": [ 12.75, 9.5, 16, 9.75 ], "texture": "#particle" },
        "north": { "uv": [ 0, 8.25, 3.25, 8.75 ], "texture": "#particle" },
        "south": { "uv": [ 12.75, 8.25, 16, 8.75 ], "texture": "#particle" },
        "west":  { "uv": [ 9.5, 8.25, 9.75, 8.75 ], "texture": "#particle" },
        "east":  { "uv": [ 6.25, 8.25, 6.5, 8.75 ], "texture": "#particle" }
    }
},
{
    "__comment": "Flashlight",
    "from": [ 12.75, 8.25, 9.5 ],
    "to": [ 16, 8.75, 9.75 ],
    "faces": {
        "down":  { "uv": [ 3.25, 9.75, 0, 9.5 ], "texture": "#particle" },
        "up":    { "uv": [ 12.75, 9.5, 16, 9.75 ], "texture": "#particle" },
        "north": { "uv": [ 0, 7.25, 3.25, 7.75 ], "texture": "#particle" },
        "south": { "uv": [ 12.75, 7.25, 16, 7.75 ], "texture": "#particle" },
        "west":  { "uv": [ 9.5, 7.25, 9.75, 7.75 ], "texture": "#particle" },
        "east":  { "uv": [ 6.25, 7.25, 6.5, 7.75 ], "texture": "#particle" }
    }
},
{
    "__comment": "Flashlight",
    "from": [ 13, 7, 6.25 ],
    "to": [ 16, 7.25, 6.5 ],
    "faces": {
        "down":  { "uv": [ 3, 6.5, 0, 6.25 ], "texture": "#particle" },
        "up":    { "uv": [ 13, 6.25, 16, 6.5 ], "texture": "#particle" },
        "north": { "uv": [ 0, 8.75, 3, 9 ], "texture": "#particle" },
        "south": { "uv": [ 13, 8.75, 16, 9 ], "texture": "#particle" },
        "west":  { "uv": [ 6.25, 8.75, 6.5, 9 ], "texture": "#particle" },
        "east":  { "uv": [ 9.5, 8.75, 9.75, 9 ], "texture": "#particle" }
    }
},
{
    "__comment": "Flashlight",
    "from": [ 13, 6.25, 7 ],
    "to": [ 16, 6.5, 7.25 ],
    "faces": {
        "down":  { "uv": [ 3, 7.25, 0, 7 ], "texture": "#particle" },
        "up":    { "uv": [ 13, 7, 16, 7.25 ], "texture": "#particle" },
        "north": { "uv": [ 0, 9.5, 3, 9.75 ], "texture": "#particle" },
        "south": { "uv": [ 13, 9.5, 16, 9.75 ], "texture": "#particle" },
        "west":  { "uv": [ 7, 9.5, 7.25, 9.75 ], "texture": "#particle" },
        "east":  { "uv": [ 8.75, 9.5, 9, 9.75 ], "texture": "#particle" }
    }
},
{
    "__comment": "Flashlight",
    "from": [ 13, 9.5, 8.75 ],
    "to": [ 16, 9.75, 9 ],
    "faces": {
        "down":  { "uv": [ 3, 9, 0, 8.75 ], "texture": "#particle" },
        "up":    { "uv": [ 13, 8.75, 16, 9 ], "texture": "#particle" },
        "north": { "uv": [ 0, 6.25, 3, 6.5 ], "texture": "#particle" },
        "south": { "uv": [ 13, 6.25, 16, 6.5 ], "texture": "#particle" },
        "west":  { "uv": [ 8.75, 6.25, 9, 6.5 ], "texture": "#particle" },
        "east":  { "uv": [ 7, 6.25, 7.25, 6.5 ], "texture": "#particle" }
    }
},
{
    "__comment": "Flashlight",
    "from": [ 13, 8.75, 9.5 ],
    "to": [ 16, 9, 9.75 ],
    "faces": {
        "down":  { "uv": [ 3, 9.75, 0, 9.5 ], "texture": "#particle" },
        "up":    { "uv": [ 13, 9.5, 16, 9.75 ], "texture": "#particle" },
        "north": { "uv": [ 0, 7, 3, 7.25 ], "texture": "#particle" },
        "south": { "uv": [ 13, 7, 16, 7.25 ], "texture": "#particle" },
        "west":  { "uv": [ 9.5, 7, 9.75, 7.25 ], "texture": "#particle" },
        "east":  { "uv": [ 6.25, 7, 6.5, 7.25 ], "texture": "#particle" }
    }
},
{
    "__comment": "Flashlight",
    "from": [ 13.25, 7, 9.5 ],
    "to": [ 16, 7.25, 9.75 ],
    "faces": {
        "down":  { "uv": [ 2.75, 9.75, 0, 9.5 ], "texture": "#particle" },
        "up":    { "uv": [ 13.25, 9.5, 16, 9.75 ], "texture": "#particle" },
        "north": { "uv": [ 0, 8.75, 2.75, 9 ], "texture": "#particle" },
        "south": { "uv": [ 13.25, 8.75, 16, 9 ], "texture": "#particle" },
        "west":  { "uv": [ 9.5, 8.75, 9.75, 9 ], "texture": "#particle" },
        "east":  { "uv": [ 6.25, 8.75, 6.5, 9 ], "texture": "#particle" }
    }
},
{
    "__comment": "Flashlight",
    "from": [ 13.5, 8.75, 6.25 ],
    "to": [ 16, 9, 6.5 ],
    "faces": {
        "down":  { "uv": [ 2.5, 6.5, 0, 6.25 ], "texture": "#particle" },
        "up":    { "uv": [ 13.5, 6.25, 16, 6.5 ], "texture": "#particle" },
        "north": { "uv": [ 0, 7, 2.5, 7.25 ], "texture": "#particle" },
        "south": { "uv": [ 13.5, 7, 16, 7.25 ], "texture": "#particle" },
        "west":  { "uv": [ 6.25, 7, 6.5, 7.25 ], "texture": "#particle" },
        "east":  { "uv": [ 9.5, 7, 9.75, 7.25 ], "texture": "#particle" }
    }
},
{
    "__comment": "Flashlight",
    "from": [ 13.5, 6.25, 8.75 ],
    "to": [ 16, 6.5, 9 ],
    "faces": {
        "down":  { "uv": [ 2.5, 9, 0, 8.75 ], "texture": "#particle" },
        "up":    { "uv": [ 13.5, 8.75, 16, 9 ], "texture": "#particle" },
        "north": { "uv": [ 0, 9.5, 2.5, 9.75 ], "texture": "#particle" },
        "south": { "uv": [ 13.5, 9.5, 16, 9.75 ], "texture": "#particle" },
        "west":  { "uv": [ 8.75, 9.5, 9, 9.75 ], "texture": "#particle" },
        "east":  { "uv": [ 7, 9.5, 7.25, 9.75 ], "texture": "#particle" }
    }
},
{
    "__comment": "Flashlight",
    "from": [ 13.75, 7.75, 6 ],
    "to": [ 16, 8, 6.25 ],
    "faces": {
        "down":  { "uv": [ 2.25, 6.25, 0, 6 ], "texture": "#particle" },
        "up":    { "uv": [ 13.75, 6, 16, 6.25 ], "texture": "#particle" },
        "north": { "uv": [ 0, 8, 2.25, 8.25 ], "texture": "#particle" },
        "south": { "uv": [ 13.75, 8, 16, 8.25 ], "texture": "#particle" },
        "west":  { "uv": [ 6, 8, 6.25, 8.25 ], "texture": "#particle" },
        "east":  { "uv": [ 9.75, 8, 10, 8.25 ], "texture": "#particle" }
    }
},
{
    "__comment": "Flashlight",
    "from": [ 13.75, 9.5, 7 ],
    "to": [ 16, 9.75, 7.25 ],
    "faces": {
        "down":  { "uv": [ 2.25, 7.25, 0, 7 ], "texture": "#particle" },
        "up":    { "uv": [ 13.75, 7, 16, 7.25 ], "texture": "#particle" },
        "north": { "uv": [ 0, 6.25, 2.25, 6.5 ], "texture": "#particle" },
        "south": { "uv": [ 13.75, 6.25, 16, 6.5 ], "texture": "#particle" },
        "west":  { "uv": [ 7, 6.25, 7.25, 6.5 ], "texture": "#particle" },
        "east":  { "uv": [ 8.75, 6.25, 9, 6.5 ], "texture": "#particle" }
    }
},
{
    "__comment": "Flashlight",
    "from": [ 13.75, 7.75, 9.75 ],
    "to": [ 16, 8.25, 10 ],
    "faces": {
        "down":  { "uv": [ 2.25, 10, 0, 9.75 ], "texture": "#particle" },
        "up":    { "uv": [ 13.75, 9.75, 16, 10 ], "texture": "#particle" },
        "north": { "uv": [ 0, 7.75, 2.25, 8.25 ], "texture": "#particle" },
        "south": { "uv": [ 13.75, 7.75, 16, 8.25 ], "texture": "#particle" },
        "west":  { "uv": [ 9.75, 7.75, 10, 8.25 ], "texture": "#particle" },
        "east":  { "uv": [ 6, 7.75, 6.25, 8.25 ], "texture": "#particle" }
    }
},
{
    "__comment": "Flashlight",
    "from": [ 14, 8, 6 ],
    "to": [ 16, 8.25, 6.25 ],
    "faces": {
        "down":  { "uv": [ 2, 6.25, 0, 6 ], "texture": "#particle" },
        "up":    { "uv": [ 14, 6, 16, 6.25 ], "texture": "#particle" },
        "north": { "uv": [ 0, 7.75, 2, 8 ], "texture": "#particle" },
        "south": { "uv": [ 14, 7.75, 16, 8 ], "texture": "#particle" },
        "west":  { "uv": [ 6, 7.75, 6.25, 8 ], "texture": "#particle" },
        "east":  { "uv": [ 9.75, 7.75, 10, 8 ], "texture": "#particle" }
    }
},
{
    "__comment": "Flashlight",
    "from": [ 14, 7.25, 7 ],
    "to": [ 14.5, 7.75, 9 ],
    "faces": {
        "down":  { "uv": [ 2, 9, 1.5, 7 ], "texture": "#particle" },
        "up":    { "uv": [ 14, 7, 14.5, 9 ], "texture": "#particle" },
        "north": { "uv": [ 1.5, 8.25, 2, 8.75 ], "texture": "#particle" },
        "south": { "uv": [ 14, 8.25, 14.5, 8.75 ], "texture": "#particle" },
        "west":  { "uv": [ 7, 8.25, 9, 8.75 ], "texture": "#particle" },
        "east":  { "uv": [ 7, 8.25, 9, 8.75 ], "texture": "#wool_colored_yellow" }
    }
},
{
    "__comment": "Flashlight",
    "from": [ 14, 7.75, 7 ],
    "to": [ 14.5, 8.5, 7.75 ],
    "faces": {
        "down":  { "uv": [ 2, 7.75, 1.5, 7 ], "texture": "#particle" },
        "up":    { "uv": [ 14, 7, 14.5, 7.75 ], "texture": "#particle" },
        "north": { "uv": [ 1.5, 7.5, 2, 8.25 ], "texture": "#particle" },
        "south": { "uv": [ 14, 7.5, 14.5, 8.25 ], "texture": "#particle" },
        "west":  { "uv": [ 7, 7.5, 7.75, 8.25 ], "texture": "#particle" },
        "east":  { "uv": [ 8.25, 7.5, 9, 8.25 ], "texture": "#wool_colored_yellow" }
    }
},
{
    "__comment": "Flashlight",
    "from": [ 14, 6, 7.75 ],
    "to": [ 16, 6.25, 8 ],
    "faces": {
        "down":  { "uv": [ 2, 8, 0, 7.75 ], "texture": "#particle" },
        "up":    { "uv": [ 14, 7.75, 16, 8 ], "texture": "#particle" },
        "north": { "uv": [ 0, 9.75, 2, 10 ], "texture": "#particle" },
        "south": { "uv": [ 14, 9.75, 16, 10 ], "texture": "#particle" },
        "west":  { "uv": [ 7.75, 9.75, 8, 10 ], "texture": "#particle" },
        "east":  { "uv": [ 8, 9.75, 8.25, 10 ], "texture": "#particle" }
    }
},
{
    "__comment": "Flashlight",
    "from": [ 14, 8, 7.75 ],
    "to": [ 14.25, 8.5, 8 ],
    "faces": {
        "down":  { "uv": [ 2, 8, 1.75, 7.75 ], "texture": "#particle" },
        "up":    { "uv": [ 14, 7.75, 14.25, 8 ], "texture": "#particle" },
        "north": { "uv": [ 1.75, 7.5, 2, 8 ], "texture": "#particle" },
        "south": { "uv": [ 14, 7.5, 14.25, 8 ], "texture": "#particle" },
        "west":  { "uv": [ 7.75, 7.5, 8, 8 ], "texture": "#particle" },
        "east":  { "uv": [ 8, 7.5, 8.25, 8 ], "texture": "#wool_colored_yellow" }
    }
},
{
    "__comment": "Flashlight",
    "from": [ 14, 7.75, 8 ],
    "to": [ 14.25, 8, 9 ],
    "faces": {
        "down":  { "uv": [ 2, 9, 1.75, 8 ], "texture": "#particle" },
        "up":    { "uv": [ 14, 8, 14.25, 9 ], "texture": "#particle" },
        "north": { "uv": [ 1.75, 8, 2, 8.25 ], "texture": "#particle" },
        "south": { "uv": [ 14, 8, 14.25, 8.25 ], "texture": "#particle" },
        "west":  { "uv": [ 8, 8, 9, 8.25 ], "texture": "#particle" },
        "east":  { "uv": [ 7, 8, 8, 8.25 ], "texture": "#wool_colored_yellow" }
    }
},
{
    "__comment": "Flashlight",
    "from": [ 14, 8.25, 8 ],
    "to": [ 14.5, 8.5, 9 ],
    "faces": {
        "down":  { "uv": [ 2, 9, 1.5, 8 ], "texture": "#particle" },
        "up":    { "uv": [ 14, 8, 14.5, 9 ], "texture": "#particle" },
        "north": { "uv": [ 1.5, 7.5, 2, 7.75 ], "texture": "#particle" },
        "south": { "uv": [ 14, 7.5, 14.5, 7.75 ], "texture": "#particle" },
        "west":  { "uv": [ 8, 7.5, 9, 7.75 ], "texture": "#particle" },
        "east":  { "uv": [ 7, 7.5, 8, 7.75 ], "texture": "#wool_colored_yellow" }
    }
},
{
    "__comment": "Flashlight",
    "from": [ 14, 9.75, 8 ],
    "to": [ 16, 10, 8.25 ],
    "faces": {
        "down":  { "uv": [ 2, 8.25, 0, 8 ], "texture": "#particle" },
        "up":    { "uv": [ 14, 8, 16, 8.25 ], "texture": "#particle" },
        "north": { "uv": [ 0, 6, 2, 6.25 ], "texture": "#particle" },
        "south": { "uv": [ 14, 6, 16, 6.25 ], "texture": "#particle" },
        "west":  { "uv": [ 8, 6, 8.25, 6.25 ], "texture": "#particle" },
        "east":  { "uv": [ 7.75, 6, 8, 6.25 ], "texture": "#particle" }
    }
},
{
    "__comment": "Flashlight",
    "from": [ 14, 8, 8.25 ],
    "to": [ 14.5, 8.25, 9 ],
    "faces": {
        "down":  { "uv": [ 2, 9, 1.5, 8.25 ], "texture": "#particle" },
        "up":    { "uv": [ 14, 8.25, 14.5, 9 ], "texture": "#particle" },
        "north": { "uv": [ 1.5, 7.75, 2, 8 ], "texture": "#particle" },
        "south": { "uv": [ 14, 7.75, 14.5, 8 ], "texture": "#particle" },
        "west":  { "uv": [ 8.25, 7.75, 9, 8 ], "texture": "#particle" },
        "east":  { "uv": [ 7, 7.75, 7.75, 8 ], "texture": "#wool_colored_yellow" }
    }
},
{
    "__comment": "Flashlight",
    "from": [ 14.25, 6.5, 6.5 ],
    "to": [ 16, 6.75, 6.75 ],
    "faces": {
        "down":  { "uv": [ 1.75, 6.75, 0, 6.5 ], "texture": "#particle" },
        "up":    { "uv": [ 14.25, 6.5, 16, 6.75 ], "texture": "#particle" },
        "north": { "uv": [ 0, 9.25, 1.75, 9.5 ], "texture": "#particle" },
        "south": { "uv": [ 14.25, 9.25, 16, 9.5 ], "texture": "#particle" },
        "west":  { "uv": [ 6.5, 9.25, 6.75, 9.5 ], "texture": "#particle" },
        "east":  { "uv": [ 9.25, 9.25, 9.5, 9.5 ], "texture": "#particle" }
    }
},
{
    "__comment": "Flashlight",
    "from": [ 14.25, 8.25, 7.75 ],
    "to": [ 14.5, 8.5, 8 ],
    "faces": {
        "down":  { "uv": [ 1.75, 8, 1.5, 7.75 ], "texture": "#particle" },
        "up":    { "uv": [ 14.25, 7.75, 14.5, 8 ], "texture": "#particle" },
        "north": { "uv": [ 1.5, 7.5, 1.75, 7.75 ], "texture": "#particle" },
        "south": { "uv": [ 14.25, 7.5, 14.5, 7.75 ], "texture": "#particle" },
        "west":  { "uv": [ 7.75, 7.5, 8, 7.75 ], "texture": "#particle" },
        "east":  { "uv": [ 8, 7.5, 8.25, 7.75 ], "texture": "#wool_colored_yellow" }
    }
},
{
    "__comment": "Flashlight",
    "from": [ 14.25, 9.75, 7.75 ],
    "to": [ 16, 10, 8 ],
    "faces": {
        "down":  { "uv": [ 1.75, 8, 0, 7.75 ], "texture": "#particle" },
        "up":    { "uv": [ 14.25, 7.75, 16, 8 ], "texture": "#particle" },
        "north": { "uv": [ 0, 6, 1.75, 6.25 ], "texture": "#particle" },
        "south": { "uv": [ 14.25, 6, 16, 6.25 ], "texture": "#particle" },
        "west":  { "uv": [ 7.75, 6, 8, 6.25 ], "texture": "#particle" },
        "east":  { "uv": [ 8, 6, 8.25, 6.25 ], "texture": "#particle" }
    }
},
{
    "__comment": "Flashlight",
    "from": [ 14.25, 6, 8 ],
    "to": [ 16, 6.25, 8.25 ],
    "faces": {
        "down":  { "uv": [ 1.75, 8.25, 0, 8 ], "texture": "#particle" },
        "up":    { "uv": [ 14.25, 8, 16, 8.25 ], "texture": "#particle" },
        "north": { "uv": [ 0, 9.75, 1.75, 10 ], "texture": "#particle" },
        "south": { "uv": [ 14.25, 9.75, 16, 10 ], "texture": "#particle" },
        "west":  { "uv": [ 8, 9.75, 8.25, 10 ], "texture": "#particle" },
        "east":  { "uv": [ 7.75, 9.75, 8, 10 ], "texture": "#particle" }
    }
},
{
    "__comment": "Flashlight",
    "from": [ 14.25, 7.75, 8.25 ],
    "to": [ 14.5, 8, 9 ],
    "faces": {
        "down":  { "uv": [ 1.75, 9, 1.5, 8.25 ], "texture": "#particle" },
        "up":    { "uv": [ 14.25, 8.25, 14.5, 9 ], "texture": "#particle" },
        "north": { "uv": [ 1.5, 8, 1.75, 8.25 ], "texture": "#particle" },
        "south": { "uv": [ 14.25, 8, 14.5, 8.25 ], "texture": "#particle" },
        "west":  { "uv": [ 8.25, 8, 9, 8.25 ], "texture": "#particle" },
        "east":  { "uv": [ 7, 8, 7.75, 8.25 ], "texture": "#wool_colored_yellow" }
    }
},
{
    "__comment": "Flashlight",
    "from": [ 14.25, 9.25, 9.25 ],
    "to": [ 16, 9.5, 9.5 ],
    "faces": {
        "down":  { "uv": [ 1.75, 9.5, 0, 9.25 ], "texture": "#particle" },
        "up":    { "uv": [ 14.25, 9.25, 16, 9.5 ], "texture": "#particle" },
        "north": { "uv": [ 0, 6.5, 1.75, 6.75 ], "texture": "#particle" },
        "south": { "uv": [ 14.25, 6.5, 16, 6.75 ], "texture": "#particle" },
        "west":  { "uv": [ 9.25, 6.5, 9.5, 6.75 ], "texture": "#particle" },
        "east":  { "uv": [ 6.5, 6.5, 6.75, 6.75 ], "texture": "#particle" }
    }
},
{
    "__comment": "Flashlight",
    "from": [ 14.5, 7.25, 7 ],
    "to": [ 14.75, 7.5, 9 ],
    "faces": {
        "down":  { "uv": [ 1.5, 9, 1.25, 7 ], "texture": "#particle" },
        "up":    { "uv": [ 14.5, 7, 14.75, 9 ], "texture": "#particle" },
        "north": { "uv": [ 1.25, 8.5, 1.5, 8.75 ], "texture": "#particle" },
        "south": { "uv": [ 14.5, 8.5, 14.75, 8.75 ], "texture": "#particle" },
        "west":  { "uv": [ 7, 8.5, 9, 8.75 ], "texture": "#particle" },
        "east":  { "uv": [ 7, 8.5, 9, 8.75 ], "texture": "#wool_colored_yellow" }
    }
},
{
    "__comment": "Flashlight",
    "from": [ 14.5, 7.5, 7 ],
    "to": [ 14.75, 8.5, 7.5 ],
    "faces": {
        "down":  { "uv": [ 1.5, 7.5, 1.25, 7 ], "texture": "#particle" },
        "up":    { "uv": [ 14.5, 7, 14.75, 7.5 ], "texture": "#particle" },
        "north": { "uv": [ 1.25, 7.5, 1.5, 8.5 ], "texture": "#particle" },
        "south": { "uv": [ 14.5, 7.5, 14.75, 8.5 ], "texture": "#particle" },
        "west":  { "uv": [ 7, 7.5, 7.5, 8.5 ], "texture": "#particle" },
        "east":  { "uv": [ 8.5, 7.5, 9, 8.5 ], "texture": "#wool_colored_yellow" }
    }
},
{
    "__comment": "Flashlight",
    "from": [ 14.5, 7.5, 8.5 ],
    "to": [ 14.75, 8.5, 9 ],
    "faces": {
        "down":  { "uv": [ 1.5, 9, 1.25, 8.5 ], "texture": "#particle" },
        "up":    { "uv": [ 14.5, 8.5, 14.75, 9 ], "texture": "#particle" },
        "north": { "uv": [ 1.25, 7.5, 1.5, 8.5 ], "texture": "#particle" },
        "south": { "uv": [ 14.5, 7.5, 14.75, 8.5 ], "texture": "#particle" },
        "west":  { "uv": [ 8.5, 7.5, 9, 8.5 ], "texture": "#particle" },
        "east":  { "uv": [ 7, 7.5, 7.5, 8.5 ], "texture": "#wool_colored_yellow" }
    }
},
{
    "__comment": "Flashlight",
    "from": [ 14.5, 8.25, 9.75 ],
    "to": [ 16, 8.5, 10 ],
    "faces": {
        "down":  { "uv": [ 1.5, 10, 0, 9.75 ], "texture": "#particle" },
        "up":    { "uv": [ 14.5, 9.75, 16, 10 ], "texture": "#particle" },
        "north": { "uv": [ 0, 7.5, 1.5, 7.75 ], "texture": "#particle" },
        "south": { "uv": [ 14.5, 7.5, 16, 7.75 ], "texture": "#particle" },
        "west":  { "uv": [ 9.75, 7.5, 10, 7.75 ], "texture": "#particle" },
        "east":  { "uv": [ 6, 7.5, 6.25, 7.75 ], "texture": "#particle" }
    }
},
{
    "__comment": "Flashlight",
    "from": [ 14.75, 7.5, 6 ],
    "to": [ 16, 7.75, 6.25 ],
    "faces": {
        "down":  { "uv": [ 1.25, 6.25, 0, 6 ], "texture": "#particle" },
        "up":    { "uv": [ 14.75, 6, 16, 6.25 ], "texture": "#particle" },
        "north": { "uv": [ 0, 8.25, 1.25, 8.5 ], "texture": "#particle" },
        "south": { "uv": [ 14.75, 8.25, 16, 8.5 ], "texture": "#particle" },
        "west":  { "uv": [ 6, 8.25, 6.25, 8.5 ], "texture": "#particle" },
        "east":  { "uv": [ 9.75, 8.25, 10, 8.5 ], "texture": "#particle" }
    }
},
{
    "__comment": "Flashlight",
    "from": [ 14.75, 8.25, 6 ],
    "to": [ 16, 8.5, 6.25 ],
    "faces": {
        "down":  { "uv": [ 1.25, 6.25, 0, 6 ], "texture": "#particle" },
        "up":    { "uv": [ 14.75, 6, 16, 6.25 ], "texture": "#particle" },
        "north": { "uv": [ 0, 7.5, 1.25, 7.75 ], "texture": "#particle" },
        "south": { "uv": [ 14.75, 7.5, 16, 7.75 ], "texture": "#particle" },
        "west":  { "uv": [ 6, 7.5, 6.25, 7.75 ], "texture": "#particle" },
        "east":  { "uv": [ 9.75, 7.5, 10, 7.75 ], "texture": "#particle" }
    }
},
{
    "__comment": "Flashlight",
    "from": [ 14.75, 7.25, 7 ],
    "to": [ 15, 7.5, 7.5 ],
    "faces": {
        "down":  { "uv": [ 1.25, 7.5, 1, 7 ], "texture": "#particle" },
        "up":    { "uv": [ 14.75, 7, 15, 7.5 ], "texture": "#particle" },
        "north": { "uv": [ 1, 8.5, 1.25, 8.75 ], "texture": "#particle" },
        "south": { "uv": [ 14.75, 8.5, 15, 8.75 ], "texture": "#particle" },
        "west":  { "uv": [ 7, 8.5, 7.5, 8.75 ], "texture": "#particle" },
        "east":  { "uv": [ 8.5, 8.5, 9, 8.75 ], "texture": "#wool_colored_yellow" }
    }
},
{
    "__comment": "Flashlight",
    "from": [ 14.75, 7.5, 7 ],
    "to": [ 15, 8.5, 7.25 ],
    "faces": {
        "down":  { "uv": [ 1.25, 7.25, 1, 7 ], "texture": "#particle" },
        "up":    { "uv": [ 14.75, 7, 15, 7.25 ], "texture": "#particle" },
        "north": { "uv": [ 1, 7.5, 1.25, 8.5 ], "texture": "#particle" },
        "south": { "uv": [ 14.75, 7.5, 15, 8.5 ], "texture": "#particle" },
        "west":  { "uv": [ 7, 7.5, 7.25, 8.5 ], "texture": "#particle" },
        "east":  { "uv": [ 8.75, 7.5, 9, 8.5 ], "texture": "#wool_colored_yellow" }
    }
},
{
    "__comment": "Flashlight",
    "from": [ 14.75, 8.5, 7.25 ],
    "to": [ 15, 8.75, 7.5 ],
    "faces": {
        "down":  { "uv": [ 1.25, 7.5, 1, 7.25 ], "texture": "#particle" },
        "up":    { "uv": [ 14.75, 7.25, 15, 7.5 ], "texture": "#particle" },
        "north": { "uv": [ 1, 7.25, 1.25, 7.5 ], "texture": "#particle" },
        "south": { "uv": [ 14.75, 7.25, 15, 7.5 ], "texture": "#particle" },
        "west":  { "uv": [ 7.25, 7.25, 7.5, 7.5 ], "texture": "#particle" },
        "east":  { "uv": [ 8.5, 7.25, 8.75, 7.5 ], "texture": "#wool_colored_yellow" }
    }
},
{
    "__comment": "Flashlight",
    "from": [ 14.75, 6, 7.5 ],
    "to": [ 16, 6.25, 7.75 ],
    "faces": {
        "down":  { "uv": [ 1.25, 7.75, 0, 7.5 ], "texture": "#particle" },
        "up":    { "uv": [ 14.75, 7.5, 16, 7.75 ], "texture": "#particle" },
        "north": { "uv": [ 0, 9.75, 1.25, 10 ], "texture": "#particle" },
        "south": { "uv": [ 14.75, 9.75, 16, 10 ], "texture": "#particle" },
        "west":  { "uv": [ 7.5, 9.75, 7.75, 10 ], "texture": "#particle" },
        "east":  { "uv": [ 8.25, 9.75, 8.5, 10 ], "texture": "#particle" }
    }
},
{
    "__comment": "Flashlight",
    "from": [ 14.75, 9.75, 8.25 ],
    "to": [ 16, 10, 8.5 ],
    "faces": {
        "down":  { "uv": [ 1.25, 8.5, 0, 8.25 ], "texture": "#particle" },
        "up":    { "uv": [ 14.75, 8.25, 16, 8.5 ], "texture": "#particle" },
        "north": { "uv": [ 0, 6, 1.25, 6.25 ], "texture": "#particle" },
        "south": { "uv": [ 14.75, 6, 16, 6.25 ], "texture": "#particle" },
        "west":  { "uv": [ 8.25, 6, 8.5, 6.25 ], "texture": "#particle" },
        "east":  { "uv": [ 7.5, 6, 7.75, 6.25 ], "texture": "#particle" }
    }
},
{
    "__comment": "Flashlight",
    "from": [ 14.75, 7.25, 8.5 ],
    "to": [ 15, 7.5, 9 ],
    "faces": {
        "down":  { "uv": [ 1.25, 9, 1, 8.5 ], "texture": "#particle" },
        "up":    { "uv": [ 14.75, 8.5, 15, 9 ], "texture": "#particle" },
        "north": { "uv": [ 1, 8.5, 1.25, 8.75 ], "texture": "#particle" },
        "south": { "uv": [ 14.75, 8.5, 15, 8.75 ], "texture": "#particle" },
        "west":  { "uv": [ 8.5, 8.5, 9, 8.75 ], "texture": "#particle" },
        "east":  { "uv": [ 7, 8.5, 7.5, 8.75 ], "texture": "#wool_colored_yellow" }
    }
},
{
    "__comment": "Flashlight",
    "from": [ 14.75, 8.5, 8.5 ],
    "to": [ 15, 8.75, 9 ],
    "faces": {
        "down":  { "uv": [ 1.25, 9, 1, 8.5 ], "texture": "#particle" },
        "up":    { "uv": [ 14.75, 8.5, 15, 9 ], "texture": "#particle" },
        "north": { "uv": [ 1, 7.25, 1.25, 7.5 ], "texture": "#particle" },
        "south": { "uv": [ 14.75, 7.25, 15, 7.5 ], "texture": "#particle" },
        "west":  { "uv": [ 8.5, 7.25, 9, 7.5 ], "texture": "#particle" },
        "east":  { "uv": [ 7, 7.25, 7.5, 7.5 ], "texture": "#wool_colored_yellow" }
    }
},
{
    "__comment": "Flashlight",
    "from": [ 14.75, 7.5, 8.75 ],
    "to": [ 15, 8.5, 9 ],
    "faces": {
        "down":  { "uv": [ 1.25, 9, 1, 8.75 ], "texture": "#particle" },
        "up":    { "uv": [ 14.75, 8.75, 15, 9 ], "texture": "#particle" },
        "north": { "uv": [ 1, 7.5, 1.25, 8.5 ], "texture": "#particle" },
        "south": { "uv": [ 14.75, 7.5, 15, 8.5 ], "texture": "#particle" },
        "west":  { "uv": [ 8.75, 7.5, 9, 8.5 ], "texture": "#particle" },
        "east":  { "uv": [ 7, 7.5, 7.25, 8.5 ], "texture": "#wool_colored_yellow" }
    }
},
{
    "__comment": "Flashlight",
    "from": [ 14.75, 6.5, 9.25 ],
    "to": [ 16, 6.75, 9.5 ],
    "faces": {
        "down":  { "uv": [ 1.25, 9.5, 0, 9.25 ], "texture": "#particle" },
        "up":    { "uv": [ 14.75, 9.25, 16, 9.5 ], "texture": "#particle" },
        "north": { "uv": [ 0, 9.25, 1.25, 9.5 ], "texture": "#particle" },
        "south": { "uv": [ 14.75, 9.25, 16, 9.5 ], "texture": "#particle" },
        "west":  { "uv": [ 9.25, 9.25, 9.5, 9.5 ], "texture": "#particle" },
        "east":  { "uv": [ 6.5, 9.25, 6.75, 9.5 ], "texture": "#particle" }
    }
},
{
    "__comment": "Flashlight",
    "from": [ 14.75, 7.5, 9.75 ],
    "to": [ 16, 7.75, 10 ],
    "faces": {
        "down":  { "uv": [ 1.25, 10, 0, 9.75 ], "texture": "#particle" },
        "up":    { "uv": [ 14.75, 9.75, 16, 10 ], "texture": "#particle" },
        "north": { "uv": [ 0, 8.25, 1.25, 8.5 ], "texture": "#particle" },
        "south": { "uv": [ 14.75, 8.25, 16, 8.5 ], "texture": "#particle" },
        "west":  { "uv": [ 9.75, 8.25, 10, 8.5 ], "texture": "#particle" },
        "east":  { "uv": [ 6, 8.25, 6.25, 8.5 ], "texture": "#particle" }
    }
},
{
    "__comment": "Flashlight",
    "from": [ 15, 9.25, 6.5 ],
    "to": [ 16, 9.5, 6.75 ],
    "faces": {
        "down":  { "uv": [ 1, 6.75, 0, 6.5 ], "texture": "#particle" },
        "up":    { "uv": [ 15, 6.5, 16, 6.75 ], "texture": "#particle" },
        "north": { "uv": [ 0, 6.5, 1, 6.75 ], "texture": "#particle" },
        "south": { "uv": [ 15, 6.5, 16, 6.75 ], "texture": "#particle" },
        "west":  { "uv": [ 6.5, 6.5, 6.75, 6.75 ], "texture": "#particle" },
        "east":  { "uv": [ 9.25, 6.5, 9.5, 6.75 ], "texture": "#particle" }
    }
},
{
    "__comment": "Flashlight",
    "from": [ 15, 7.25, 7 ],
    "to": [ 15.25, 7.5, 7.25 ],
    "faces": {
        "down":  { "uv": [ 1, 7.25, 0.75, 7 ], "texture": "#particle" },
        "up":    { "uv": [ 15, 7, 15.25, 7.25 ], "texture": "#particle" },
        "north": { "uv": [ 0.75, 8.5, 1, 8.75 ], "texture": "#particle" },
        "south": { "uv": [ 15, 8.5, 15.25, 8.75 ], "texture": "#particle" },
        "west":  { "uv": [ 7, 8.5, 7.25, 8.75 ], "texture": "#particle" },
        "east":  { "uv": [ 8.75, 8.5, 9, 8.75 ], "texture": "#wool_colored_yellow" }
    }
},
{
    "__comment": "Flashlight",
    "from": [ 15, 7, 7.25 ],
    "to": [ 15.25, 7.25, 7.5 ],
    "faces": {
        "down":  { "uv": [ 1, 7.5, 0.75, 7.25 ], "texture": "#particle" },
        "up":    { "uv": [ 15, 7.25, 15.25, 7.5 ], "texture": "#particle" },
        "north": { "uv": [ 0.75, 8.75, 1, 9 ], "texture": "#particle" },
        "south": { "uv": [ 15, 8.75, 15.25, 9 ], "texture": "#particle" },
        "west":  { "uv": [ 7.25, 8.75, 7.5, 9 ], "texture": "#particle" },
        "east":  { "uv": [ 8.5, 8.75, 8.75, 9 ], "texture": "#wool_colored_yellow" }
    }
},
{
    "__comment": "Flashlight",
    "from": [ 15, 9.75, 7.5 ],
    "to": [ 16, 10, 7.75 ],
    "faces": {
        "down":  { "uv": [ 1, 7.75, 0, 7.5 ], "texture": "#particle" },
        "up":    { "uv": [ 15, 7.5, 16, 7.75 ], "texture": "#particle" },
        "north": { "uv": [ 0, 6, 1, 6.25 ], "texture": "#particle" },
        "south": { "uv": [ 15, 6, 16, 6.25 ], "texture": "#particle" },
        "west":  { "uv": [ 7.5, 6, 7.75, 6.25 ], "texture": "#particle" },
        "east":  { "uv": [ 8.25, 6, 8.5, 6.25 ], "texture": "#particle" }
    }
},
{
    "__comment": "Flashlight",
    "from": [ 15, 6, 8.25 ],
    "to": [ 16, 6.25, 8.5 ],
    "faces": {
        "down":  { "uv": [ 1, 8.5, 0, 8.25 ], "texture": "#particle" },
        "up":    { "uv": [ 15, 8.25, 16, 8.5 ], "texture": "#particle" },
        "north": { "uv": [ 0, 9.75, 1, 10 ], "texture": "#particle" },
        "south": { "uv": [ 15, 9.75, 16, 10 ], "texture": "#particle" },
        "west":  { "uv": [ 8.25, 9.75, 8.5, 10 ], "texture": "#particle" },
        "east":  { "uv": [ 7.5, 9.75, 7.75, 10 ], "texture": "#particle" }
    }
},
{
    "__comment": "Flashlight",
    "from": [ 15, 7, 8.5 ],
    "to": [ 15.25, 7.25, 8.75 ],
    "faces": {
        "down":  { "uv": [ 1, 8.75, 0.75, 8.5 ], "texture": "#texture" },
        "up":    { "uv": [ 15, 8.5, 15.25, 8.75 ], "texture": "#texture" },
        "north": { "uv": [ 0.75, 8.75, 1, 9 ], "texture": "#texture" },
        "south": { "uv": [ 15, 8.75, 15.25, 9 ], "texture": "#texture" },
        "west":  { "uv": [ 8.5, 8.75, 8.75, 9 ], "texture": "#texture" },
        "east":  { "uv": [ 7.25, 8.75, 7.5, 9 ], "texture": "#wool_colored_yellow" }
    }
},
{
    "__comment": "Flashlight",
    "from": [ 15, 8.75, 8.5 ],
    "to": [ 15.25, 9, 8.75 ],
    "faces": {
        "down":  { "uv": [ 1, 8.75, 0.75, 8.5 ], "texture": "#particle" },
        "up":    { "uv": [ 15, 8.5, 15.25, 8.75 ], "texture": "#particle" },
        "north": { "uv": [ 0.75, 7, 1, 7.25 ], "texture": "#particle" },
        "south": { "uv": [ 15, 7, 15.25, 7.25 ], "texture": "#particle" },
        "west":  { "uv": [ 8.5, 7, 8.75, 7.25 ], "texture": "#particle" },
        "east":  { "uv": [ 7.25, 7, 7.5, 7.25 ], "texture": "#wool_colored_yellow" }
    }
},
{
    "__comment": "Flashlight",
    "from": [ 15, 7.25, 8.75 ],
    "to": [ 15.25, 7.5, 9 ],
    "faces": {
        "down":  { "uv": [ 1, 9, 0.75, 8.75 ], "texture": "#particle" },
        "up":    { "uv": [ 15, 8.75, 15.25, 9 ], "texture": "#particle" },
        "north": { "uv": [ 0.75, 8.5, 1, 8.75 ], "texture": "#particle" },
        "south": { "uv": [ 15, 8.5, 15.25, 8.75 ], "texture": "#particle" },
        "west":  { "uv": [ 8.75, 8.5, 9, 8.75 ], "texture": "#particle" },
        "east":  { "uv": [ 7, 8.5, 7.25, 8.75 ], "texture": "#wool_colored_yellow" }
    }
},
{
    "__comment": "Flashlight",
    "from": [ 15, 8.5, 8.75 ],
    "to": [ 15.25, 8.75, 9 ],
    "faces": {
        "down":  { "uv": [ 1, 9, 0.75, 8.75 ], "texture": "#particle" },
        "up":    { "uv": [ 15, 8.75, 15.25, 9 ], "texture": "#particle" },
        "north": { "uv": [ 0.75, 7.25, 1, 7.5 ], "texture": "#particle" },
        "south": { "uv": [ 15, 7.25, 15.25, 7.5 ], "texture": "#particle" },
        "west":  { "uv": [ 8.75, 7.25, 9, 7.5 ], "texture": "#particle" },
        "east":  { "uv": [ 7, 7.25, 7.25, 7.5 ], "texture": "#wool_colored_yellow" }
    }
},
{
    "__comment": "Flashlight",
    "from": [ 15.25, 7.25, 6 ],
    "to": [ 16, 7.5, 6.25 ],
    "faces": {
        "down":  { "uv": [ 0.75, 6.25, 0, 6 ], "texture": "#particle" },
        "up":    { "uv": [ 15.25, 6, 16, 6.25 ], "texture": "#particle" },
        "north": { "uv": [ 0, 8.5, 0.75, 8.75 ], "texture": "#particle" },
        "south": { "uv": [ 15.25, 8.5, 16, 8.75 ], "texture": "#particle" },
        "west":  { "uv": [ 6, 8.5, 6.25, 8.75 ], "texture": "#particle" },
        "east":  { "uv": [ 9.75, 8.5, 10, 8.75 ], "texture": "#particle" }
    }
},
{
    "__comment": "Flashlight",
    "from": [ 15.25, 6.75, 6.25 ],
    "to": [ 16, 7, 6.5 ],
    "faces": {
        "down":  { "uv": [ 0.75, 6.5, 0, 6.25 ], "texture": "#particle" },
        "up":    { "uv": [ 15.25, 6.25, 16, 6.5 ], "texture": "#particle" },
        "north": { "uv": [ 0, 9, 0.75, 9.25 ], "texture": "#particle" },
        "south": { "uv": [ 15.25, 9, 16, 9.25 ], "texture": "#particle" },
        "west":  { "uv": [ 6.25, 9, 6.5, 9.25 ], "texture": "#particle" },
        "east":  { "uv": [ 9.5, 9, 9.75, 9.25 ], "texture": "#particle" }
    }
},
{
    "__comment": "Flashlight",
    "from": [ 15.25, 6.25, 6.75 ],
    "to": [ 16, 6.5, 7 ],
    "faces": {
        "down":  { "uv": [ 0.75, 7, 0, 6.75 ], "texture": "#particle" },
        "up":    { "uv": [ 15.25, 6.75, 16, 7 ], "texture": "#particle" },
        "north": { "uv": [ 0, 9.5, 0.75, 9.75 ], "texture": "#particle" },
        "south": { "uv": [ 15.25, 9.5, 16, 9.75 ], "texture": "#particle" },
        "west":  { "uv": [ 6.75, 9.5, 7, 9.75 ], "texture": "#particle" },
        "east":  { "uv": [ 9, 9.5, 9.25, 9.75 ], "texture": "#particle" }
    }
},
{
    "__comment": "Flashlight",
    "from": [ 15.25, 6, 7.25 ],
    "to": [ 16, 6.25, 7.5 ],
    "faces": {
        "down":  { "uv": [ 0.75, 7.5, 0, 7.25 ], "texture": "#particle" },
        "up":    { "uv": [ 15.25, 7.25, 16, 7.5 ], "texture": "#particle" },
        "north": { "uv": [ 0, 9.75, 0.75, 10 ], "texture": "#particle" },
        "south": { "uv": [ 15.25, 9.75, 16, 10 ], "texture": "#particle" },
        "west":  { "uv": [ 7.25, 9.75, 7.5, 10 ], "texture": "#particle" },
        "east":  { "uv": [ 8.5, 9.75, 8.75, 10 ], "texture": "#particle" }
    }
},
{
    "__comment": "Flashlight",
    "from": [ 15.25, 9.5, 9 ],
    "to": [ 16, 9.75, 9.25 ],
    "faces": {
        "down":  { "uv": [ 0.75, 9.25, 0, 9 ], "texture": "#particle" },
        "up":    { "uv": [ 15.25, 9, 16, 9.25 ], "texture": "#particle" },
        "north": { "uv": [ 0, 6.25, 0.75, 6.5 ], "texture": "#particle" },
        "south": { "uv": [ 15.25, 6.25, 16, 6.5 ], "texture": "#particle" },
        "west":  { "uv": [ 9, 6.25, 9.25, 6.5 ], "texture": "#particle" },
        "east":  { "uv": [ 6.75, 6.25, 7, 6.5 ], "texture": "#particle" }
    }
},
{
    "__comment": "Flashlight",
    "from": [ 15.25, 9, 9.5 ],
    "to": [ 16, 9.25, 9.75 ],
    "faces": {
        "down":  { "uv": [ 0.75, 9.75, 0, 9.5 ], "texture": "#particle" },
        "up":    { "uv": [ 15.25, 9.5, 16, 9.75 ], "texture": "#particle" },
        "north": { "uv": [ 0, 6.75, 0.75, 7 ], "texture": "#particle" },
        "south": { "uv": [ 15.25, 6.75, 16, 7 ], "texture": "#particle" },
        "west":  { "uv": [ 9.5, 6.75, 9.75, 7 ], "texture": "#particle" },
        "east":  { "uv": [ 6.25, 6.75, 6.5, 7 ], "texture": "#particle" }
    }
},
{
    "__comment": "Flashlight",
    "from": [ 15.25, 7.25, 9.75 ],
    "to": [ 16, 7.5, 10 ],
    "faces": {
        "down":  { "uv": [ 0.75, 10, 0, 9.75 ], "texture": "#particle" },
        "up":    { "uv": [ 15.25, 9.75, 16, 10 ], "texture": "#particle" },
        "north": { "uv": [ 0, 8.5, 0.75, 8.75 ], "texture": "#particle" },
        "south": { "uv": [ 15.25, 8.5, 16, 8.75 ], "texture": "#particle" },
        "west":  { "uv": [ 9.75, 8.5, 10, 8.75 ], "texture": "#particle" },
        "east":  { "uv": [ 6, 8.5, 6.25, 8.75 ], "texture": "#particle" }
    }
},
{
    "__comment": "Flashlight",
    "from": [ 15.25, 8.5, 9.75 ],
    "to": [ 16, 8.75, 10 ],
    "faces": {
        "down":  { "uv": [ 0.75, 10, 0, 9.75 ], "texture": "#particle" },
        "up":    { "uv": [ 15.25, 9.75, 16, 10 ], "texture": "#particle" },
        "north": { "uv": [ 0, 7.25, 0.75, 7.5 ], "texture": "#particle" },
        "south": { "uv": [ 15.25, 7.25, 16, 7.5 ], "texture": "#particle" },
        "west":  { "uv": [ 9.75, 7.25, 10, 7.5 ], "texture": "#particle" },
        "east":  { "uv": [ 6, 7.25, 6.25, 7.5 ], "texture": "#particle" }
    }
},
{
    "__comment": "Flashlight",
    "from": [ 15.5, 8.5, 6 ],
    "to": [ 16, 8.75, 6.25 ],
    "faces": {
        "down":  { "uv": [ 0.5, 6.25, 0, 6 ], "texture": "#particle" },
        "up":    { "uv": [ 15.5, 6, 16, 6.25 ], "texture": "#particle" },
        "north": { "uv": [ 0, 7.25, 0.5, 7.5 ], "texture": "#particle" },
        "south": { "uv": [ 15.5, 7.25, 16, 7.5 ], "texture": "#particle" },
        "west":  { "uv": [ 6, 7.25, 6.25, 7.5 ], "texture": "#particle" },
        "east":  { "uv": [ 9.75, 7.25, 10, 7.5 ], "texture": "#particle" }
    }
},
{
    "__comment": "Flashlight",
    "from": [ 15.5, 9, 6.25 ],
    "to": [ 16, 9.25, 6.5 ],
    "faces": {
        "down":  { "uv": [ 0.5, 6.5, 0, 6.25 ], "texture": "#particle" },
        "up":    { "uv": [ 15.5, 6.25, 16, 6.5 ], "texture": "#particle" },
        "north": { "uv": [ 0, 6.75, 0.5, 7 ], "texture": "#particle" },
        "south": { "uv": [ 15.5, 6.75, 16, 7 ], "texture": "#particle" },
        "west":  { "uv": [ 6.25, 6.75, 6.5, 7 ], "texture": "#particle" },
        "east":  { "uv": [ 9.5, 6.75, 9.75, 7 ], "texture": "#particle" }
    }
},
{
    "__comment": "Flashlight",
    "from": [ 15.5, 7.25, 6.5 ],
    "to": [ 15.75, 7.75, 6.75 ],
    "faces": {
        "down":  { "uv": [ 0.5, 6.75, 0.25, 6.5 ], "texture": "#particle" },
        "up":    { "uv": [ 15.5, 6.5, 15.75, 6.75 ], "texture": "#particle" },
        "north": { "uv": [ 0.25, 8.25, 0.5, 8.75 ], "texture": "#particle" },
        "south": { "uv": [ 15.5, 8.25, 15.75, 8.75 ], "texture": "#particle" },
        "west":  { "uv": [ 6.5, 8.25, 6.75, 8.75 ], "texture": "#particle" },
        "east":  { "uv": [ 9.25, 8.25, 9.5, 8.75 ], "texture": "#particle" }
    }
},
{
    "__comment": "Flashlight",
    "from": [ 15.5, 8.25, 6.5 ],
    "to": [ 15.75, 8.75, 6.75 ],
    "faces": {
        "down":  { "uv": [ 0.5, 6.75, 0.25, 6.5 ], "texture": "#particle" },
        "up":    { "uv": [ 15.5, 6.5, 15.75, 6.75 ], "texture": "#particle" },
        "north": { "uv": [ 0.25, 7.25, 0.5, 7.75 ], "texture": "#particle" },
        "south": { "uv": [ 15.5, 7.25, 15.75, 7.75 ], "texture": "#particle" },
        "west":  { "uv": [ 6.5, 7.25, 6.75, 7.75 ], "texture": "#particle" },
        "east":  { "uv": [ 9.25, 7.25, 9.5, 7.75 ], "texture": "#particle" }
    }
},
{
    "__comment": "Flashlight",
    "from": [ 15.5, 9.5, 6.75 ],
    "to": [ 16, 9.75, 7 ],
    "faces": {
        "down":  { "uv": [ 0.5, 7, 0, 6.75 ], "texture": "#particle" },
        "up":    { "uv": [ 15.5, 6.75, 16, 7 ], "texture": "#particle" },
        "north": { "uv": [ 0, 6.25, 0.5, 6.5 ], "texture": "#particle" },
        "south": { "uv": [ 15.5, 6.25, 16, 6.5 ], "texture": "#particle" },
        "west":  { "uv": [ 6.75, 6.25, 7, 6.5 ], "texture": "#particle" },
        "east":  { "uv": [ 9, 6.25, 9.25, 6.5 ], "texture": "#particle" }
    }
},
{
    "__comment": "Flashlight",
    "from": [ 15.5, 6.5, 7.25 ],
    "to": [ 15.75, 6.75, 7.75 ],
    "faces": {
        "down":  { "uv": [ 0.5, 7.75, 0.25, 7.25 ], "texture": "#particle" },
        "up":    { "uv": [ 15.5, 7.25, 15.75, 7.75 ], "texture": "#particle" },
        "north": { "uv": [ 0.25, 9.25, 0.5, 9.5 ], "texture": "#particle" },
        "south": { "uv": [ 15.5, 9.25, 15.75, 9.5 ], "texture": "#particle" },
        "west":  { "uv": [ 7.25, 9.25, 7.75, 9.5 ], "texture": "#particle" },
        "east":  { "uv": [ 8.25, 9.25, 8.75, 9.5 ], "texture": "#particle" }
    }
},
{
    "__comment": "Flashlight",
    "from": [ 15.5, 9.75, 7.25 ],
    "to": [ 16, 10, 7.5 ],
    "faces": {
        "down":  { "uv": [ 0.5, 7.5, 0, 7.25 ], "texture": "#particle" },
        "up":    { "uv": [ 15.5, 7.25, 16, 7.5 ], "texture": "#particle" },
        "north": { "uv": [ 0, 6, 0.5, 6.25 ], "texture": "#particle" },
        "south": { "uv": [ 15.5, 6, 16, 6.25 ], "texture": "#particle" },
        "west":  { "uv": [ 7.25, 6, 7.5, 6.25 ], "texture": "#particle" },
        "east":  { "uv": [ 8.5, 6, 8.75, 6.25 ], "texture": "#particle" }
    }
},
{
    "__comment": "Flashlight",
    "from": [ 15.5, 9.25, 7.5 ],
    "to": [ 15.75, 9.5, 7.75 ],
    "faces": {
        "down":  { "uv": [ 0.5, 7.75, 0.25, 7.5 ], "texture": "#particle" },
        "up":    { "uv": [ 15.5, 7.5, 15.75, 7.75 ], "texture": "#particle" },
        "north": { "uv": [ 0.25, 6.5, 0.5, 6.75 ], "texture": "#particle" },
        "south": { "uv": [ 15.5, 6.5, 15.75, 6.75 ], "texture": "#particle" },
        "west":  { "uv": [ 7.5, 6.5, 7.75, 6.75 ], "texture": "#particle" },
        "east":  { "uv": [ 8.25, 6.5, 8.5, 6.75 ], "texture": "#particle" }
    }
},
{
    "__comment": "Flashlight",
    "from": [ 15.5, 6.5, 8.25 ],
    "to": [ 15.75, 6.75, 8.5 ],
    "faces": {
        "down":  { "uv": [ 0.5, 8.5, 0.25, 8.25 ], "texture": "#particle" },
        "up":    { "uv": [ 15.5, 8.25, 15.75, 8.5 ], "texture": "#particle" },
        "north": { "uv": [ 0.25, 9.25, 0.5, 9.5 ], "texture": "#particle" },
        "south": { "uv": [ 15.5, 9.25, 15.75, 9.5 ], "texture": "#particle" },
        "west":  { "uv": [ 8.25, 9.25, 8.5, 9.5 ], "texture": "#particle" },
        "east":  { "uv": [ 7.5, 9.25, 7.75, 9.5 ], "texture": "#particle" }
    }
},
{
    "__comment": "Flashlight",
    "from": [ 15.5, 9.25, 8.25 ],
    "to": [ 15.75, 9.5, 8.5 ],
    "faces": {
        "down":  { "uv": [ 0.5, 8.5, 0.25, 8.25 ], "texture": "#particle" },
        "up":    { "uv": [ 15.5, 8.25, 15.75, 8.5 ], "texture": "#particle" },
        "north": { "uv": [ 0.25, 6.5, 0.5, 6.75 ], "texture": "#particle" },
        "south": { "uv": [ 15.5, 6.5, 15.75, 6.75 ], "texture": "#particle" },
        "west":  { "uv": [ 8.25, 6.5, 8.5, 6.75 ], "texture": "#particle" },
        "east":  { "uv": [ 7.5, 6.5, 7.75, 6.75 ], "texture": "#particle" }
    }
},
{
    "__comment": "Flashlight",
    "from": [ 15.5, 6, 8.5 ],
    "to": [ 16, 6.25, 8.75 ],
    "faces": {
        "down":  { "uv": [ 0.5, 8.75, 0, 8.5 ], "texture": "#particle" },
        "up":    { "uv": [ 15.5, 8.5, 16, 8.75 ], "texture": "#particle" },
        "north": { "uv": [ 0, 9.75, 0.5, 10 ], "texture": "#particle" },
        "south": { "uv": [ 15.5, 9.75, 16, 10 ], "texture": "#particle" },
        "west":  { "uv": [ 8.5, 9.75, 8.75, 10 ], "texture": "#particle" },
        "east":  { "uv": [ 7.25, 9.75, 7.5, 10 ], "texture": "#particle" }
    }
},
{
    "__comment": "Flashlight",
    "from": [ 15.5, 9.75, 8.5 ],
    "to": [ 16, 10, 8.75 ],
    "faces": {
        "down":  { "uv": [ 0.5, 8.75, 0, 8.5 ], "texture": "#particle" },
        "up":    { "uv": [ 15.5, 8.5, 16, 8.75 ], "texture": "#particle" },
        "north": { "uv": [ 0, 6, 0.5, 6.25 ], "texture": "#particle" },
        "south": { "uv": [ 15.5, 6, 16, 6.25 ], "texture": "#particle" },
        "west":  { "uv": [ 8.5, 6, 8.75, 6.25 ], "texture": "#particle" },
        "east":  { "uv": [ 7.25, 6, 7.5, 6.25 ], "texture": "#particle" }
    }
},
{
    "__comment": "Flashlight",
    "from": [ 15.5, 6.25, 9 ],
    "to": [ 16, 6.5, 9.25 ],
    "faces": {
        "down":  { "uv": [ 0.5, 9.25, 0, 9 ], "texture": "#particle" },
        "up":    { "uv": [ 15.5, 9, 16, 9.25 ], "texture": "#particle" },
        "north": { "uv": [ 0, 9.5, 0.5, 9.75 ], "texture": "#particle" },
        "south": { "uv": [ 15.5, 9.5, 16, 9.75 ], "texture": "#particle" },
        "west":  { "uv": [ 9, 9.5, 9.25, 9.75 ], "texture": "#particle" },
        "east":  { "uv": [ 6.75, 9.5, 7, 9.75 ], "texture": "#particle" }
    }
},
{
    "__comment": "Flashlight",
    "from": [ 15.5, 7.5, 9.25 ],
    "to": [ 15.75, 7.75, 9.5 ],
    "faces": {
        "down":  { "uv": [ 0.5, 9.5, 0.25, 9.25 ], "texture": "#particle" },
        "up":    { "uv": [ 15.5, 9.25, 15.75, 9.5 ], "texture": "#particle" },
        "north": { "uv": [ 0.25, 8.25, 0.5, 8.5 ], "texture": "#particle" },
        "south": { "uv": [ 15.5, 8.25, 15.75, 8.5 ], "texture": "#particle" },
        "west":  { "uv": [ 9.25, 8.25, 9.5, 8.5 ], "texture": "#particle" },
        "east":  { "uv": [ 6.5, 8.25, 6.75, 8.5 ], "texture": "#particle" }
    }
},
{
    "__comment": "Flashlight",
    "from": [ 15.5, 8.25, 9.25 ],
    "to": [ 15.75, 8.5, 9.5 ],
    "faces": {
        "down":  { "uv": [ 0.5, 9.5, 0.25, 9.25 ], "texture": "#particle" },
        "up":    { "uv": [ 15.5, 9.25, 15.75, 9.5 ], "texture": "#particle" },
        "north": { "uv": [ 0.25, 7.5, 0.5, 7.75 ], "texture": "#particle" },
        "south": { "uv": [ 15.5, 7.5, 15.75, 7.75 ], "texture": "#particle" },
        "west":  { "uv": [ 9.25, 7.5, 9.5, 7.75 ], "texture": "#particle" },
        "east":  { "uv": [ 6.5, 7.5, 6.75, 7.75 ], "texture": "#particle" }
    }
},
{
    "__comment": "Flashlight",
    "from": [ 15.5, 6.75, 9.5 ],
    "to": [ 16, 7, 9.75 ],
    "faces": {
        "down":  { "uv": [ 0.5, 9.75, 0, 9.5 ], "texture": "#particle" },
        "up":    { "uv": [ 15.5, 9.5, 16, 9.75 ], "texture": "#particle" },
        "north": { "uv": [ 0, 9, 0.5, 9.25 ], "texture": "#particle" },
        "south": { "uv": [ 15.5, 9, 16, 9.25 ], "texture": "#particle" },
        "west":  { "uv": [ 9.5, 9, 9.75, 9.25 ], "texture": "#particle" },
        "east":  { "uv": [ 6.25, 9, 6.5, 9.25 ], "texture": "#particle" }
    }
},
{
    "__comment": "Flashlight",
    "from": [ 15.75, 7, 6 ],
    "to": [ 16, 7.25, 6.25 ],
    "faces": {
        "down":  { "uv": [ 0.25, 6.25, 0, 6 ], "texture": "#particle" },
        "up":    { "uv": [ 15.75, 6, 16, 6.25 ], "texture": "#particle" },
        "north": { "uv": [ 0, 8.75, 0.25, 9 ], "texture": "#particle" },
        "south": { "uv": [ 15.75, 8.75, 16, 9 ], "texture": "#particle" },
        "west":  { "uv": [ 6, 8.75, 6.25, 9 ], "texture": "#particle" },
        "east":  { "uv": [ 9.75, 8.75, 10, 9 ], "texture": "#particle" }
    }
},
{
    "__comment": "Flashlight",
    "from": [ 15.75, 6, 7 ],
    "to": [ 16, 6.25, 7.25 ],
    "faces": {
        "down":  { "uv": [ 0.25, 7.25, 0, 7 ], "texture": "#particle" },
        "up":    { "uv": [ 15.75, 7, 16, 7.25 ], "texture": "#particle" },
        "north": { "uv": [ 0, 9.75, 0.25, 10 ], "texture": "#particle" },
        "south": { "uv": [ 15.75, 9.75, 16, 10 ], "texture": "#particle" },
        "west":  { "uv": [ 7, 9.75, 7.25, 10 ], "texture": "#particle" },
        "east":  { "uv": [ 8.75, 9.75, 9, 10 ], "texture": "#particle" }
    }
},
{
    "__comment": "Flashlight",
    "from": [ 15.75, 6.5, 8.75 ],
    "to": [ 16, 6.75, 9 ],
    "faces": {
        "down":  { "uv": [ 0.25, 9, 0, 8.75 ], "texture": "#particle" },
        "up":    { "uv": [ 15.75, 8.75, 16, 9 ], "texture": "#particle" },
        "north": { "uv": [ 0, 9.25, 0.25, 9.5 ], "texture": "#particle" },
        "south": { "uv": [ 15.75, 9.25, 16, 9.5 ], "texture": "#particle" },
        "west":  { "uv": [ 8.75, 9.25, 9, 9.5 ], "texture": "#particle" },
        "east":  { "uv": [ 7, 9.25, 7.25, 9.5 ], "texture": "#particle" }
    }
},
{
    "__comment": "Flashlight",
    "from": [ 15.75, 9.25, 8.75 ],
    "to": [ 16, 9.5, 9 ],
    "faces": {
        "down":  { "uv": [ 0.25, 9, 0, 8.75 ], "texture": "#particle" },
        "up":    { "uv": [ 15.75, 8.75, 16, 9 ], "texture": "#particle" },
        "north": { "uv": [ 0, 6.5, 0.25, 6.75 ], "texture": "#particle" },
        "south": { "uv": [ 15.75, 6.5, 16, 6.75 ], "texture": "#particle" },
        "west":  { "uv": [ 8.75, 6.5, 9, 6.75 ], "texture": "#particle" },
        "east":  { "uv": [ 7, 6.5, 7.25, 6.75 ], "texture": "#particle" }
    }
},
{
    "__comment": "Flashlight",
    "from": [ 15.75, 9.75, 8.75 ],
    "to": [ 16, 10, 9 ],
    "faces": {
        "down":  { "uv": [ 0.25, 9, 0, 8.75 ], "texture": "#particle" },
        "up":    { "uv": [ 15.75, 8.75, 16, 9 ], "texture": "#particle" },
        "north": { "uv": [ 0, 6, 0.25, 6.25 ], "texture": "#particle" },
        "south": { "uv": [ 15.75, 6, 16, 6.25 ], "texture": "#particle" },
        "west":  { "uv": [ 8.75, 6, 9, 6.25 ], "texture": "#particle" },
        "east":  { "uv": [ 7, 6, 7.25, 6.25 ], "texture": "#particle" }
    }
},
{
    "__comment": "Flashlight",
    "from": [ 15.75, 7, 9.25 ],
    "to": [ 16, 7.25, 9.5 ],
    "faces": {
        "down":  { "uv": [ 0.25, 9.5, 0, 9.25 ], "texture": "#particle" },
        "up":    { "uv": [ 15.75, 9.25, 16, 9.5 ], "texture": "#particle" },
        "north": { "uv": [ 0, 8.75, 0.25, 9 ], "texture": "#particle" },
        "south": { "uv": [ 15.75, 8.75, 16, 9 ], "texture": "#particle" },
        "west":  { "uv": [ 9.25, 8.75, 9.5, 9 ], "texture": "#particle" },
        "east":  { "uv": [ 6.5, 8.75, 6.75, 9 ], "texture": "#particle" }
    }
},
{
    "__comment": "Flashlight",
    "from": [ 15.75, 8.75, 9.25 ],
    "to": [ 16, 9, 9.5 ],
    "faces": {
        "down":  { "uv": [ 0.25, 9.5, 0, 9.25 ], "texture": "#particle" },
        "up":    { "uv": [ 15.75, 9.25, 16, 9.5 ], "texture": "#particle" },
        "north": { "uv": [ 0, 7, 0.25, 7.25 ], "texture": "#particle" },
        "south": { "uv": [ 15.75, 7, 16, 7.25 ], "texture": "#particle" },
        "west":  { "uv": [ 9.25, 7, 9.5, 7.25 ], "texture": "#particle" },
        "east":  { "uv": [ 6.5, 7, 6.75, 7.25 ], "texture": "#particle" }
    }
},
{
    "__comment": "Flashlight",
    "from": [ 15.75, 8.75, 9.75 ],
    "to": [ 16, 9, 10 ],
    "faces": {
        "down":  { "uv": [ 0.25, 10, 0, 9.75 ], "texture": "#particle" },
        "up":    { "uv": [ 15.75, 9.75, 16, 10 ], "texture": "#particle" },
        "north": { "uv": [ 0, 7, 0.25, 7.25 ], "texture": "#particle" },
        "south": { "uv": [ 15.75, 7, 16, 7.25 ], "texture": "#particle" },
        "west":  { "uv": [ 9.75, 7, 10, 7.25 ], "texture": "#particle" },
        "east":  { "uv": [ 6, 7, 6.25, 7.25 ], "texture": "#particle" }
    }
},
{
    "__comment": "Flashlight Front",
    "from": [ 15.75, 6.5, 6.5 ],
    "to": [ 15.875, 9.5, 9.5 ],
    "faces": {
        "down":  { "uv": [ 0.25, 9.5, 0.125, 6.5 ], "texture": "#particle" },
        "up":    { "uv": [ 15.75, 6.5, 15.875, 9.5 ], "texture": "#particle" },
        "north": { "uv": [ 0.125, 6.5, 0.25, 9.5 ], "texture": "#particle" },
        "south": { "uv": [ 15.75, 6.5, 15.875, 9.5 ], "texture": "#particle" },
        "east":  { "uv": [ 0.5, 0.5, 1, 1 ], "texture": "#glass_yellow" }
    }
}
],
"display": {
    "thirdperson_righthand": {
        "rotation": [ 0, 90, 90 ],
        "translation": [ 0, -0.76, 1.32 ],
        "scale": [ 0.6, 0.6, 0.6 ]
    },
    "thirdperson_lefthand": {
        "rotation": [ 0, -90, -90 ],
        "translation": [ 0, -0.76, 1.32 ],
        "scale": [ 0.6, 0.6, 0.6 ]
    },
    "ground": {
        "rotation": [ 0, 0, 0 ],
        "translation": [ 0, -1.3, 0 ],
        "scale": [ 0.75, 0.75, 0.75 ]
    },
    "fixed": {
        "rotation": [ 0, 0, 45 ],
        "translation": [ 0, 0, 0 ],
        "scale": [ 1, 1, 1 ]
    },
    "firstperson_righthand": {
        "rotation": [ 10, 72, 0 ],
        "translation": [ 3.59, 0, 0 ],
        "scale": [ 1, 1, 1 ]
    },
    "firstperson_lefthand": {
        "rotation": [ 10, -108, 0 ],
        "translation": [ 3.59, 0, 0 ],
        "scale": [ 1, 1, 1 ]
    },
    "gui": {
        "rotation": [ 30, 135, 0 ],
        "translation": [ 0.19, 0, 0 ],
        "scale": [ 1.1, 1.1, 1.1 ]
    }
}
}