{
	"__comment": "Разработано специально для Hard-Days.SU  ::  If you steal our models - you PIDOR!",
    "parent": "item/handheld",
    "textures": {
        "layer0": "items/iron_axe"
    },
	"overrides": [
		{"predicate": {"damage": 0.000},"model": "guns/crossbow_noscope_normal_zoomed"},
		{"predicate": {"damage": 0.004},"model": "guns/crossbow_noscope_normal"},
		{"predicate": {"damage": 0.012},"model": "guns/crossbow_scope_normal_zoomed"},
		{"predicate": {"damage": 0.016},"model": "guns/crossbow_scope_normal"},
		{"predicate": {"damage": 0.024},"model": "guns/crossbow_noscope_normal_zoomed"},
		{"predicate": {"damage": 0.028},"model": "guns/crossbow_noscope_normal"},
		{"predicate": {"damage": 0.036},"model": "guns/crossbow_scope_normal_zoomed"},
		{"predicate": {"damage": 0.04},"model": "guns/crossbow_scope_normal"},
		{"predicate": {"damage": 0.048},"model": "guns/crossbow_noscope_normal_zoomed"},
		{"predicate": {"damage": 0.052},"model": "guns/crossbow_noscope_normal"},
		{"predicate": {"damage": 0.06},"model": "guns/crossbow_scope_normal_zoomed"},
		{"predicate": {"damage": 0.064},"model": "guns/crossbow_scope_normal"},
		{"predicate": {"damage": 0.072},"model": "guns/crossbow_noscope_normal_zoomed"},
		{"predicate": {"damage": 0.076},"model": "guns/crossbow_noscope_normal"},
		{"predicate": {"damage": 0.084},"model": "guns/crossbow_scope_normal_zoomed"},
		{"predicate": {"damage": 0.088},"model": "guns/crossbow_scope_normal"},
		{"predicate": {"damage": 0.096},"model": "guns/crossbow_noscope_normal_zoomed"},
		{"predicate": {"damage": 0.1},"model": "guns/crossbow_noscope_normal"},
		{"predicate": {"damage": 0.108},"model": "guns/crossbow_scope_normal_zoomed"},
		{"predicate": {"damage": 0.112},"model": "guns/crossbow_scope_normal"},
		{"predicate": {"damage": 0.12},"model": "guns/crossbow_noscope_normal_zoomed"},
		{"predicate": {"damage": 0.124},"model": "guns/crossbow_noscope_normal"},
		{"predicate": {"damage": 0.132},"model": "guns/crossbow_scope_normal_zoomed"},
		{"predicate": {"damage": 0.136},"model": "guns/crossbow_scope_normal"},
		{"predicate": {"damage": 0.144},"model": "guns/crossbow_noscope_normal_zoomed"},
		{"predicate": {"damage": 0.148},"model": "guns/crossbow_noscope_normal"},
		{"predicate": {"damage": 0.156},"model": "guns/crossbow_scope_normal_zoomed"},
		{"predicate": {"damage": 0.16},"model": "guns/crossbow_scope_normal"},
		{"predicate": {"damage": 0.168},"model": "guns/rpg_normal"},
		{"predicate": {"damage": 0.176},"model": "guns/rpg_normal"},
		{"predicate": {"damage": 0.184},"model": "guns/rpg_normal"},
		{"predicate": {"damage": 0.192},"model": "guns/rpg_normal"},
		{"predicate": {"damage": 0.2},"model": "guns/rpg_normal"},
		{"predicate": {"damage": 0.208},"model": "guns/rpg_normal"},
		{"predicate": {"damage": 0.216},"model": "guns/rpg_normal"}
    ]
}