{
	"__comment": "Разработано специально для Hard-Days.SU  ::  If you steal our models - you PIDOR!",
    "parent": "item/handheld",
    "textures": {
        "layer0": "items/iron_hoe"
    },
	"overrides": [
		{"predicate": {"damage": 0.000},"model": "guns/mp5_normal_zoomed"},
		{"predicate": {"damage": 0.004},"model": "guns/mp5_normal"},
		{"predicate": {"damage": 0.012},"model": "guns/mp5_normal_zoomed"},
		{"predicate": {"damage": 0.016},"model": "guns/mp5_normal"},
		{"predicate": {"damage": 0.024},"model": "guns/mp5_normal_zoomed"},
		{"predicate": {"damage": 0.028},"model": "guns/mp5_normal"},
		{"predicate": {"damage": 0.036},"model": "guns/mp5_normal_zoomed"},
		{"predicate": {"damage": 0.04},"model": "guns/mp5_normal"},
		{"predicate": {"damage": 0.048},"model": "guns/mp5_normal_zoomed"},
		{"predicate": {"damage": 0.052},"model": "guns/mp5_normal"},
		{"predicate": {"damage": 0.06},"model": "guns/mp5_normal_zoomed"},
		{"predicate": {"damage": 0.064},"model": "guns/mp5_normal"},
		{"predicate": {"damage": 0.072},"model": "guns/mp5_normal_zoomed"},
		{"predicate": {"damage": 0.076},"model": "guns/mp5_normal"},
		{"predicate": {"damage": 0.084},"model": "guns/ump45_normal_zoomed"},
		{"predicate": {"damage": 0.088},"model": "guns/ump45_normal"},
		{"predicate": {"damage": 0.096},"model": "guns/ump45_normal_zoomed"},
		{"predicate": {"damage": 0.1},"model": "guns/ump45_normal"},
		{"predicate": {"damage": 0.108},"model": "guns/ump45_normal_zoomed"},
		{"predicate": {"damage": 0.112},"model": "guns/ump45_normal"},
		{"predicate": {"damage": 0.12},"model": "guns/ump45_normal_zoomed"},
		{"predicate": {"damage": 0.124},"model": "guns/ump45_normal"},
		{"predicate": {"damage": 0.132},"model": "guns/ump45_normal_zoomed"},
		{"predicate": {"damage": 0.136},"model": "guns/ump45_normal"},
		{"predicate": {"damage": 0.144},"model": "guns/ump45_normal_zoomed"},
		{"predicate": {"damage": 0.148},"model": "guns/ump45_normal"},
		{"predicate": {"damage": 0.156},"model": "guns/ump45_normal_zoomed"},
		{"predicate": {"damage": 0.16},"model": "guns/ump45_normal"},
		{"predicate": {"damage": 0.168},"model": "guns/uzi_normal_zoomed"},
		{"predicate": {"damage": 0.172},"model": "guns/uzi_normal"},
		{"predicate": {"damage": 0.18},"model": "guns/uzi_normal_zoomed"},
		{"predicate": {"damage": 0.184},"model": "guns/uzi_normal"},
		{"predicate": {"damage": 0.192},"model": "guns/uzi_normal_zoomed"},
		{"predicate": {"damage": 0.196},"model": "guns/uzi_normal"},
		{"predicate": {"damage": 0.204},"model": "guns/uzi_normal_zoomed"},
		{"predicate": {"damage": 0.208},"model": "guns/uzi_normal"},
		{"predicate": {"damage": 0.216},"model": "guns/uzi_normal_zoomed"},
		{"predicate": {"damage": 0.22},"model": "guns/uzi_normal"},
		{"predicate": {"damage": 0.228},"model": "guns/uzi_normal_zoomed"},
		{"predicate": {"damage": 0.232},"model": "guns/uzi_normal"},
		{"predicate": {"damage": 0.24},"model": "guns/uzi_normal_zoomed"},
		{"predicate": {"damage": 0.244},"model": "guns/uzi_normal"},
		{"predicate": {"damage": 0.252},"model": "guns/p90_normal_zoomed"},
		{"predicate": {"damage": 0.256},"model": "guns/p90_normal"},
		{"predicate": {"damage": 0.264},"model": "guns/p90_normal_zoomed"},
		{"predicate": {"damage": 0.268},"model": "guns/p90_normal"},
		{"predicate": {"damage": 0.276},"model": "guns/p90_normal_zoomed"},
		{"predicate": {"damage": 0.28},"model": "guns/p90_normal"},
		{"predicate": {"damage": 0.288},"model": "guns/p90_normal_zoomed"},
		{"predicate": {"damage": 0.292},"model": "guns/p90_normal"},
		{"predicate": {"damage": 0.3},"model": "guns/p90_normal_zoomed"},
		{"predicate": {"damage": 0.304},"model": "guns/p90_normal"},
		{"predicate": {"damage": 0.312},"model": "guns/p90_normal_zoomed"},
		{"predicate": {"damage": 0.316},"model": "guns/p90_normal"},
		{"predicate": {"damage": 0.324},"model": "guns/p90_normal_zoomed"},
		{"predicate": {"damage": 0.328},"model": "guns/p90_normal"}
    ]
}