{
	"__comment": "Разработано специально для Hard-Days.SU  ::  If you steal our models - you PIDOR!",
    "parent": "item/handheld",
    "textures": {
        "layer0": "items/iron_pickaxe"
    },
	"overrides": [
	    {"predicate": {"damage": 0.000},"model": "melees/kitchenknife"},
		{"predicate": {"damage": 0.004},"model": "melees/scissors"},
		{"predicate": {"damage": 0.008},"model": "melees/screwdriver"},
		{"predicate": {"damage": 0.012},"model": "melees/woodenhatchet"},
		{"predicate": {"damage": 0.016},"model": "melees/ironhatchet"},
		{"predicate": {"damage": 0.020},"model": "melees/cleaver"},
		{"predicate": {"damage": 0.024},"model": "melees/combatknife"},
		{"predicate": {"damage": 0.028},"model": "melees/gatoraxe"},
		{"predicate": {"damage": 0.032},"model": "melees/fireaxe"},
		{"predicate": {"damage": 0.036},"model": "melees/pickaxe"},
		{"predicate": {"damage": 0.04},"model": "melees/machete"},
		{"predicate": {"damage": 0.044},"model": "melees/pitchfork"},
		{"predicate": {"damage": 0.048},"model": "melees/sickle"},
		{"predicate": {"damage": 0.052},"model": "melees/woodenbat"},
		{"predicate": {"damage": 0.056},"model": "melees/hammer"},
		{"predicate": {"damage": 0.06},"model": "melees/golfclub"},
		{"predicate": {"damage": 0.064},"model": "melees/shovel"},
		{"predicate": {"damage": 0.068},"model": "melees/sledgehammer"},
		{"predicate": {"damage": 0.072},"model": "melees/barbedwirebat"},
		{"predicate": {"damage": 0.076},"model": "melees/crowbar"},
		{"predicate": {"damage": 0.08},"model": "melees/cane"},
		{"predicate": {"damage": 0.084},"model": "melees/pipe"},
		{"predicate": {"damage": 0.088},"model": "melees/aluminumbat"},
		{"predicate": {"damage": 0.092},"model": "melees/machete_pro"},
		{"predicate": {"damage": 0.096},"model": "melees/spear"},
		{"predicate": {"damage": 0.1},"model": "melees/bowieknife"}
		
    ]
}