{
	"__comment": "Разработано специально для Hard-Days.SU  ::  If you steal our models - you PIDOR!",
"textures": {
    "particle": "blocks/wool_colored_silver",
    "texture": "blocks/wool_colored_dark_green",
    "wool_colored_light_black": "blocks/wool_colored_light_black"
},
"elements": [ 
{
    "__comment": "Grenade",
    "from": [ 4, 4.5, 7 ],
    "to": [ 12, 5, 10 ],
    "faces": {
        "down":  { "uv": [ 12, 10, 4, 7 ], "texture": "#texture" },
        "up":    { "uv": [ 4, 7, 12, 10 ], "texture": "#texture" },
        "north": { "uv": [ 4, 11, 12, 11.5 ], "texture": "#texture" },
        "south": { "uv": [ 4, 11, 12, 11.5 ], "texture": "#texture" },
        "west":  { "uv": [ 7, 11, 10, 11.5 ], "texture": "#texture" },
        "east":  { "uv": [ 6, 11, 9, 11.5 ], "texture": "#texture" }
    }
},
{
    "__comment": "Grenade",
    "from": [ 4, 6, 7 ],
    "to": [ 11.5, 6.5, 10 ],
    "faces": {
        "down":  { "uv": [ 12, 10, 4.5, 7 ], "texture": "#texture" },
        "up":    { "uv": [ 4, 7, 11.5, 10 ], "texture": "#texture" },
        "north": { "uv": [ 4.5, 9.5, 12, 10 ], "texture": "#texture" },
        "south": { "uv": [ 4, 9.5, 11.5, 10 ], "texture": "#texture" },
        "west":  { "uv": [ 7, 9.5, 10, 10 ], "texture": "#texture" },
        "east":  { "uv": [ 6, 9.5, 9, 10 ], "texture": "#texture" }
    }
},
{
    "__comment": "Grenade",
    "from": [ 4, 3.5, 7.5 ],
    "to": [ 12, 4.5, 9.5 ],
    "faces": {
        "down":  { "uv": [ 12, 9.5, 4, 7.5 ], "texture": "#texture" },
        "up":    { "uv": [ 4, 7.5, 12, 9.5 ], "texture": "#texture" },
        "north": { "uv": [ 4, 11.5, 12, 12.5 ], "texture": "#texture" },
        "south": { "uv": [ 4, 11.5, 12, 12.5 ], "texture": "#texture" },
        "west":  { "uv": [ 7.5, 11.5, 9.5, 12.5 ], "texture": "#texture" },
        "east":  { "uv": [ 6.5, 11.5, 8.5, 12.5 ], "texture": "#texture" }
    }
},
{
    "__comment": "Grenade",
    "from": [ 4, 5, 7.5 ],
    "to": [ 12, 5.5, 9.5 ],
    "faces": {
        "down":  { "uv": [ 12, 9.5, 4, 7.5 ], "texture": "#texture" },
        "up":    { "uv": [ 4, 7.5, 12, 9.5 ], "texture": "#texture" },
        "north": { "uv": [ 4, 10.5, 12, 11 ], "texture": "#texture" },
        "south": { "uv": [ 4, 10.5, 12, 11 ], "texture": "#texture" },
        "west":  { "uv": [ 7.5, 10.5, 9.5, 11 ], "texture": "#texture" },
        "east":  { "uv": [ 6.5, 10.5, 8.5, 11 ], "texture": "#texture" }
    }
},
{
    "__comment": "Grenade",
    "from": [ 4, 6.5, 7.5 ],
    "to": [ 12, 8, 9.5 ],
    "faces": {
        "down":  { "uv": [ 12, 9.5, 4, 7.5 ], "texture": "#texture" },
        "up":    { "uv": [ 4, 7.5, 12, 9.5 ], "texture": "#texture" },
        "north": { "uv": [ 4, 8, 12, 9.5 ], "texture": "#texture" },
        "south": { "uv": [ 4, 8, 12, 9.5 ], "texture": "#texture" },
        "west":  { "uv": [ 7.5, 8, 9.5, 9.5 ], "texture": "#texture" },
        "east":  { "uv": [ 6.5, 8, 8.5, 9.5 ], "texture": "#texture" }
    }
},
{
    "__comment": "Grenade",
    "from": [ 4, 3, 8 ],
    "to": [ 11.5, 3.5, 9.5 ],
    "faces": {
        "down":  { "uv": [ 12, 9.5, 4.5, 8 ], "texture": "#texture" },
        "up":    { "uv": [ 4, 8, 11.5, 9.5 ], "texture": "#texture" },
        "north": { "uv": [ 4.5, 12.5, 12, 13 ], "texture": "#texture" },
        "south": { "uv": [ 4, 12.5, 11.5, 13 ], "texture": "#texture" },
        "west":  { "uv": [ 8, 12.5, 9.5, 13 ], "texture": "#texture" },
        "east":  { "uv": [ 6.5, 12.5, 8, 13 ], "texture": "#texture" }
    }
},
{
    "__comment": "Grenade",
    "from": [ 4, 5.5, 8 ],
    "to": [ 12, 6, 9 ],
    "faces": {
        "down":  { "uv": [ 12, 9, 4, 8 ], "texture": "#texture" },
        "up":    { "uv": [ 4, 8, 12, 9 ], "texture": "#texture" },
        "north": { "uv": [ 4, 10, 12, 10.5 ], "texture": "#texture" },
        "south": { "uv": [ 4, 10, 12, 10.5 ], "texture": "#texture" },
        "west":  { "uv": [ 8, 10, 9, 10.5 ], "texture": "#texture" },
        "east":  { "uv": [ 7, 10, 8, 10.5 ], "texture": "#texture" }
    }
},
{
    "__comment": "Grenade",
    "from": [ 4.5, 4, 6 ],
    "to": [ 11.5, 4.5, 7.5 ],
    "faces": {
        "down":  { "uv": [ 11.5, 7.5, 4.5, 6 ], "texture": "#texture" },
        "up":    { "uv": [ 4.5, 6, 11.5, 7.5 ], "texture": "#texture" },
        "north": { "uv": [ 4.5, 11.5, 11.5, 12 ], "texture": "#texture" },
        "south": { "uv": [ 4.5, 11.5, 11.5, 12 ], "texture": "#texture" },
        "west":  { "uv": [ 6, 11.5, 7.5, 12 ], "texture": "#texture" },
        "east":  { "uv": [ 8.5, 11.5, 10, 12 ], "texture": "#texture" }
    }
},
{
    "__comment": "Grenade",
    "from": [ 4.5, 4.5, 6 ],
    "to": [ 11.5, 5, 7 ],
    "faces": {
        "down":  { "uv": [ 11.5, 7, 4.5, 6 ], "texture": "#texture" },
        "up":    { "uv": [ 4.5, 6, 11.5, 7 ], "texture": "#texture" },
        "north": { "uv": [ 4.5, 11, 11.5, 11.5 ], "texture": "#texture" },
        "south": { "uv": [ 4.5, 11, 11.5, 11.5 ], "texture": "#texture" },
        "west":  { "uv": [ 6, 11, 7, 11.5 ], "texture": "#texture" },
        "east":  { "uv": [ 9, 11, 10, 11.5 ], "texture": "#texture" }
    }
},
{
    "__comment": "Grenade",
    "from": [ 4.5, 6, 6 ],
    "to": [ 11.5, 7, 7 ],
    "faces": {
        "down":  { "uv": [ 11.5, 7, 4.5, 6 ], "texture": "#texture" },
        "up":    { "uv": [ 4.5, 6, 11.5, 7 ], "texture": "#texture" },
        "north": { "uv": [ 4.5, 9, 11.5, 10 ], "texture": "#texture" },
        "south": { "uv": [ 4.5, 9, 11.5, 10 ], "texture": "#texture" },
        "west":  { "uv": [ 6, 9, 7, 10 ], "texture": "#texture" },
        "east":  { "uv": [ 9, 9, 10, 10 ], "texture": "#texture" }
    }
},
{
    "__comment": "Grenade",
    "from": [ 4.5, 3, 6.5 ],
    "to": [ 11.5, 3.5, 8 ],
    "faces": {
        "down":  { "uv": [ 11.5, 8, 4.5, 6.5 ], "texture": "#texture" },
        "up":    { "uv": [ 4.5, 6.5, 11.5, 8 ], "texture": "#texture" },
        "north": { "uv": [ 4.5, 12.5, 11.5, 13 ], "texture": "#texture" },
        "south": { "uv": [ 4.5, 12.5, 11.5, 13 ], "texture": "#texture" },
        "west":  { "uv": [ 6.5, 12.5, 8, 13 ], "texture": "#texture" },
        "east":  { "uv": [ 8, 12.5, 9.5, 13 ], "texture": "#texture" }
    }
},
{
    "__comment": "Grenade",
    "from": [ 4.5, 3.5, 6.5 ],
    "to": [ 11.5, 4, 7.5 ],
    "faces": {
        "down":  { "uv": [ 11.5, 7.5, 4.5, 6.5 ], "texture": "#texture" },
        "up":    { "uv": [ 4.5, 6.5, 11.5, 7.5 ], "texture": "#texture" },
        "north": { "uv": [ 4.5, 12, 11.5, 12.5 ], "texture": "#texture" },
        "south": { "uv": [ 4.5, 12, 11.5, 12.5 ], "texture": "#texture" },
        "west":  { "uv": [ 6.5, 12, 7.5, 12.5 ], "texture": "#texture" },
        "east":  { "uv": [ 8.5, 12, 9.5, 12.5 ], "texture": "#texture" }
    }
},
{
    "__comment": "Grenade",
    "from": [ 4.5, 5, 6.5 ],
    "to": [ 11.5, 6, 7.5 ],
    "faces": {
        "down":  { "uv": [ 11.5, 7.5, 4.5, 6.5 ], "texture": "#texture" },
        "up":    { "uv": [ 4.5, 6.5, 11.5, 7.5 ], "texture": "#texture" },
        "north": { "uv": [ 4.5, 10, 11.5, 11 ], "texture": "#texture" },
        "south": { "uv": [ 4.5, 10, 11.5, 11 ], "texture": "#texture" },
        "west":  { "uv": [ 6.5, 10, 7.5, 11 ], "texture": "#texture" },
        "east":  { "uv": [ 8.5, 10, 9.5, 11 ], "texture": "#texture" }
    }
},
{
    "__comment": "Grenade",
    "from": [ 4.5, 7, 6.5 ],
    "to": [ 11.5, 8.5, 7.5 ],
    "faces": {
        "down":  { "uv": [ 11.5, 7.5, 4.5, 6.5 ], "texture": "#texture" },
        "up":    { "uv": [ 4.5, 6.5, 11.5, 7.5 ], "texture": "#texture" },
        "north": { "uv": [ 4.5, 7.5, 11.5, 9 ], "texture": "#texture" },
        "south": { "uv": [ 4.5, 7.5, 11.5, 9 ], "texture": "#texture" },
        "west":  { "uv": [ 6.5, 7.5, 7.5, 9 ], "texture": "#texture" },
        "east":  { "uv": [ 8.5, 7.5, 9.5, 9 ], "texture": "#texture" }
    }
},
{
    "__comment": "Grenade",
    "from": [ 4.5, 6.5, 7 ],
    "to": [ 11.5, 7, 7.5 ],
    "faces": {
        "down":  { "uv": [ 11.5, 7.5, 4.5, 7 ], "texture": "#texture" },
        "up":    { "uv": [ 4.5, 7, 11.5, 7.5 ], "texture": "#texture" },
        "north": { "uv": [ 4.5, 9, 11.5, 9.5 ], "texture": "#texture" },
        "south": { "uv": [ 4.5, 9, 11.5, 9.5 ], "texture": "#texture" },
        "west":  { "uv": [ 7, 9, 7.5, 9.5 ], "texture": "#texture" },
        "east":  { "uv": [ 8.5, 9, 9, 9.5 ], "texture": "#texture" }
    }
},
{
    "__comment": "Grenade",
    "from": [ 4.5, 2.5, 7.5 ],
    "to": [ 11.5, 3, 9.5 ],
    "faces": {
        "down":  { "uv": [ 11.5, 9.5, 4.5, 7.5 ], "texture": "#texture" },
        "up":    { "uv": [ 4.5, 7.5, 11.5, 9.5 ], "texture": "#texture" },
        "north": { "uv": [ 4.5, 13, 11.5, 13.5 ], "texture": "#texture" },
        "south": { "uv": [ 4.5, 13, 11.5, 13.5 ], "texture": "#texture" },
        "west":  { "uv": [ 7.5, 13, 9.5, 13.5 ], "texture": "#texture" },
        "east":  { "uv": [ 6.5, 13, 8.5, 13.5 ], "texture": "#texture" }
    }
},
{
    "__comment": "Grenade",
    "from": [ 4.5, 5.5, 7.5 ],
    "to": [ 11.5, 6, 8 ],
    "faces": {
        "down":  { "uv": [ 11.5, 8, 4.5, 7.5 ], "texture": "#texture" },
        "up":    { "uv": [ 4.5, 7.5, 11.5, 8 ], "texture": "#texture" },
        "north": { "uv": [ 4.5, 10, 11.5, 10.5 ], "texture": "#texture" },
        "south": { "uv": [ 4.5, 10, 11.5, 10.5 ], "texture": "#texture" },
        "west":  { "uv": [ 7.5, 10, 8, 10.5 ], "texture": "#texture" },
        "east":  { "uv": [ 8, 10, 8.5, 10.5 ], "texture": "#texture" }
    }
},
{
    "__comment": "Grenade",
    "from": [ 4.5, 8, 7.5 ],
    "to": [ 11.5, 8.5, 10.5 ],
    "faces": {
        "down":  { "uv": [ 11.5, 10.5, 4.5, 7.5 ], "texture": "#texture" },
        "up":    { "uv": [ 4.5, 7.5, 11.5, 10.5 ], "texture": "#texture" },
        "north": { "uv": [ 4.5, 7.5, 11.5, 8 ], "texture": "#texture" },
        "south": { "uv": [ 4.5, 7.5, 11.5, 8 ], "texture": "#texture" },
        "west":  { "uv": [ 7.5, 7.5, 10.5, 8 ], "texture": "#texture" },
        "east":  { "uv": [ 5.5, 7.5, 8.5, 8 ], "texture": "#texture" }
    }
},
{
    "__comment": "Grenade",
    "from": [ 4.5, 2, 8 ],
    "to": [ 11, 2.5, 8.5 ],
    "faces": {
        "down":  { "uv": [ 11.5, 8.5, 5, 8 ], "texture": "#texture" },
        "up":    { "uv": [ 4.5, 8, 11, 8.5 ], "texture": "#texture" },
        "north": { "uv": [ 5, 13.5, 11.5, 14 ], "texture": "#texture" },
        "south": { "uv": [ 4.5, 13.5, 11, 14 ], "texture": "#texture" },
        "west":  { "uv": [ 8, 13.5, 8.5, 14 ], "texture": "#texture" },
        "east":  { "uv": [ 7.5, 13.5, 8, 14 ], "texture": "#texture" }
    }
},
{
    "__comment": "Grenade",
    "from": [ 4.5, 8.5, 8 ],
    "to": [ 11.5, 9, 9 ],
    "faces": {
        "down":  { "uv": [ 11.5, 9, 4.5, 8 ], "texture": "#texture" },
        "up":    { "uv": [ 4.5, 8, 11.5, 9 ], "texture": "#texture" },
        "north": { "uv": [ 4.5, 7, 11.5, 7.5 ], "texture": "#texture" },
        "south": { "uv": [ 4.5, 7, 11.5, 7.5 ], "texture": "#texture" },
        "west":  { "uv": [ 8, 7, 9, 7.5 ], "texture": "#texture" },
        "east":  { "uv": [ 7, 7, 8, 7.5 ], "texture": "#texture" }
    }
},
{
    "__comment": "Grenade",
    "from": [ 4.5, 5.5, 9 ],
    "to": [ 11.5, 6, 10.5 ],
    "faces": {
        "down":  { "uv": [ 11.5, 10.5, 4.5, 9 ], "texture": "#texture" },
        "up":    { "uv": [ 4.5, 9, 11.5, 10.5 ], "texture": "#texture" },
        "north": { "uv": [ 4.5, 10, 11.5, 10.5 ], "texture": "#texture" },
        "south": { "uv": [ 4.5, 10, 11.5, 10.5 ], "texture": "#texture" },
        "west":  { "uv": [ 9, 10, 10.5, 10.5 ], "texture": "#texture" },
        "east":  { "uv": [ 5.5, 10, 7, 10.5 ], "texture": "#texture" }
    }
},
{
    "__comment": "Grenade",
    "from": [ 4.5, 3, 9.5 ],
    "to": [ 11.5, 4.5, 10.5 ],
    "faces": {
        "down":  { "uv": [ 11.5, 10.5, 4.5, 9.5 ], "texture": "#texture" },
        "up":    { "uv": [ 4.5, 9.5, 11.5, 10.5 ], "texture": "#texture" },
        "north": { "uv": [ 4.5, 11.5, 11.5, 13 ], "texture": "#texture" },
        "south": { "uv": [ 4.5, 11.5, 11.5, 13 ], "texture": "#texture" },
        "west":  { "uv": [ 9.5, 11.5, 10.5, 13 ], "texture": "#texture" },
        "east":  { "uv": [ 5.5, 11.5, 6.5, 13 ], "texture": "#texture" }
    }
},
{
    "__comment": "Grenade",
    "from": [ 4.5, 5, 9.5 ],
    "to": [ 11.5, 5.5, 10.5 ],
    "faces": {
        "down":  { "uv": [ 11.5, 10.5, 4.5, 9.5 ], "texture": "#texture" },
        "up":    { "uv": [ 4.5, 9.5, 11.5, 10.5 ], "texture": "#texture" },
        "north": { "uv": [ 4.5, 10.5, 11.5, 11 ], "texture": "#texture" },
        "south": { "uv": [ 4.5, 10.5, 11.5, 11 ], "texture": "#texture" },
        "west":  { "uv": [ 9.5, 10.5, 10.5, 11 ], "texture": "#texture" },
        "east":  { "uv": [ 5.5, 10.5, 6.5, 11 ], "texture": "#texture" }
    }
},
{
    "__comment": "Grenade",
    "from": [ 4.5, 6.5, 9.5 ],
    "to": [ 11.5, 7, 11 ],
    "faces": {
        "down":  { "uv": [ 11.5, 11, 4.5, 9.5 ], "texture": "#texture" },
        "up":    { "uv": [ 4.5, 9.5, 11.5, 11 ], "texture": "#texture" },
        "north": { "uv": [ 4.5, 9, 11.5, 9.5 ], "texture": "#texture" },
        "south": { "uv": [ 4.5, 9, 11.5, 9.5 ], "texture": "#texture" },
        "west":  { "uv": [ 9.5, 9, 11, 9.5 ], "texture": "#texture" },
        "east":  { "uv": [ 5, 9, 6.5, 9.5 ], "texture": "#texture" }
    }
},
{
    "__comment": "Grenade",
    "from": [ 4.5, 7, 9.5 ],
    "to": [ 11.5, 8, 10.5 ],
    "faces": {
        "down":  { "uv": [ 11.5, 10.5, 4.5, 9.5 ], "texture": "#texture" },
        "up":    { "uv": [ 4.5, 9.5, 11.5, 10.5 ], "texture": "#texture" },
        "north": { "uv": [ 4.5, 8, 11.5, 9 ], "texture": "#texture" },
        "south": { "uv": [ 4.5, 8, 11.5, 9 ], "texture": "#texture" },
        "west":  { "uv": [ 9.5, 8, 10.5, 9 ], "texture": "#texture" },
        "east":  { "uv": [ 5.5, 8, 6.5, 9 ], "texture": "#texture" }
    }
},
{
    "__comment": "Grenade",
    "from": [ 4.5, 4.5, 10 ],
    "to": [ 11.5, 5, 11 ],
    "faces": {
        "down":  { "uv": [ 11.5, 11, 4.5, 10 ], "texture": "#texture" },
        "up":    { "uv": [ 4.5, 10, 11.5, 11 ], "texture": "#texture" },
        "north": { "uv": [ 4.5, 11, 11.5, 11.5 ], "texture": "#texture" },
        "south": { "uv": [ 4.5, 11, 11.5, 11.5 ], "texture": "#texture" },
        "west":  { "uv": [ 10, 11, 11, 11.5 ], "texture": "#texture" },
        "east":  { "uv": [ 5, 11, 6, 11.5 ], "texture": "#texture" }
    }
},
{
    "__comment": "Grenade",
    "from": [ 4.5, 6, 10 ],
    "to": [ 11.5, 6.5, 11 ],
    "faces": {
        "down":  { "uv": [ 11.5, 11, 4.5, 10 ], "texture": "#texture" },
        "up":    { "uv": [ 4.5, 10, 11.5, 11 ], "texture": "#texture" },
        "north": { "uv": [ 4.5, 9.5, 11.5, 10 ], "texture": "#texture" },
        "south": { "uv": [ 4.5, 9.5, 11.5, 10 ], "texture": "#texture" },
        "west":  { "uv": [ 10, 9.5, 11, 10 ], "texture": "#texture" },
        "east":  { "uv": [ 5, 9.5, 6, 10 ], "texture": "#texture" }
    }
},
{
    "__comment": "Grenade",
    "from": [ 4.5, 4, 10.5 ],
    "to": [ 11.5, 4.5, 11 ],
    "faces": {
        "down":  { "uv": [ 11.5, 11, 4.5, 10.5 ], "texture": "#texture" },
        "up":    { "uv": [ 4.5, 10.5, 11.5, 11 ], "texture": "#texture" },
        "north": { "uv": [ 4.5, 11.5, 11.5, 12 ], "texture": "#texture" },
        "south": { "uv": [ 4.5, 11.5, 11.5, 12 ], "texture": "#texture" },
        "west":  { "uv": [ 10.5, 11.5, 11, 12 ], "texture": "#texture" },
        "east":  { "uv": [ 5, 11.5, 5.5, 12 ], "texture": "#texture" }
    }
},
{
    "__comment": "Grenade",
    "from": [ 5, 11, 5 ],
    "to": [ 5.5, 11.5, 6 ],
    "faces": {
        "down":  { "uv": [ 11, 6, 10.5, 5 ], "texture": "#particle" },
        "up":    { "uv": [ 5, 5, 5.5, 6 ], "texture": "#particle" },
        "north": { "uv": [ 10.5, 4.5, 11, 5 ], "texture": "#particle" },
        "south": { "uv": [ 5, 4.5, 5.5, 5 ], "texture": "#particle" },
        "west":  { "uv": [ 5, 4.5, 6, 5 ], "texture": "#particle" },
        "east":  { "uv": [ 10, 4.5, 11, 5 ], "texture": "#particle" }
    }
},
{
    "__comment": "Grenade",
    "from": [ 5, 5.5, 5.5 ],
    "to": [ 11, 6, 6.5 ],
    "faces": {
        "down":  { "uv": [ 11, 6.5, 5, 5.5 ], "texture": "#texture" },
        "up":    { "uv": [ 5, 5.5, 11, 6.5 ], "texture": "#texture" },
        "north": { "uv": [ 5, 10, 11, 10.5 ], "texture": "#texture" },
        "south": { "uv": [ 5, 10, 11, 10.5 ], "texture": "#texture" },
        "west":  { "uv": [ 5.5, 10, 6.5, 10.5 ], "texture": "#texture" },
        "east":  { "uv": [ 9.5, 10, 10.5, 10.5 ], "texture": "#texture" }
    }
},
{
    "__comment": "Grenade",
    "from": [ 5, 10.5, 5.5 ],
    "to": [ 5.5, 11, 6.5 ],
    "faces": {
        "down":  { "uv": [ 11, 6.5, 10.5, 5.5 ], "texture": "#particle" },
        "up":    { "uv": [ 5, 5.5, 5.5, 6.5 ], "texture": "#particle" },
        "north": { "uv": [ 10.5, 5, 11, 5.5 ], "texture": "#particle" },
        "south": { "uv": [ 5, 5, 5.5, 5.5 ], "texture": "#particle" },
        "west":  { "uv": [ 5.5, 5, 6.5, 5.5 ], "texture": "#particle" },
        "east":  { "uv": [ 9.5, 5, 10.5, 5.5 ], "texture": "#particle" }
    }
},
{
    "__comment": "Grenade",
    "from": [ 5, 2.5, 6 ],
    "to": [ 10.5, 3, 7.5 ],
    "faces": {
        "down":  { "uv": [ 11, 7.5, 5.5, 6 ], "texture": "#texture" },
        "up":    { "uv": [ 5, 6, 10.5, 7.5 ], "texture": "#texture" },
        "north": { "uv": [ 5.5, 13, 11, 13.5 ], "texture": "#texture" },
        "south": { "uv": [ 5, 13, 10.5, 13.5 ], "texture": "#texture" },
        "west":  { "uv": [ 6, 13, 7.5, 13.5 ], "texture": "#texture" },
        "east":  { "uv": [ 8.5, 13, 10, 13.5 ], "texture": "#texture" }
    }
},
{
    "__comment": "Grenade",
    "from": [ 5, 3, 6 ],
    "to": [ 11, 4, 6.5 ],
    "faces": {
        "down":  { "uv": [ 11, 6.5, 5, 6 ], "texture": "#texture" },
        "up":    { "uv": [ 5, 6, 11, 6.5 ], "texture": "#texture" },
        "north": { "uv": [ 5, 12, 11, 13 ], "texture": "#texture" },
        "south": { "uv": [ 5, 12, 11, 13 ], "texture": "#texture" },
        "west":  { "uv": [ 6, 12, 6.5, 13 ], "texture": "#texture" },
        "east":  { "uv": [ 9.5, 12, 10, 13 ], "texture": "#texture" }
    }
},
{
    "__comment": "Grenade",
    "from": [ 5, 5, 6 ],
    "to": [ 11, 5.5, 6.5 ],
    "faces": {
        "down":  { "uv": [ 11, 6.5, 5, 6 ], "texture": "#texture" },
        "up":    { "uv": [ 5, 6, 11, 6.5 ], "texture": "#texture" },
        "north": { "uv": [ 5, 10.5, 11, 11 ], "texture": "#texture" },
        "south": { "uv": [ 5, 10.5, 11, 11 ], "texture": "#texture" },
        "west":  { "uv": [ 6, 10.5, 6.5, 11 ], "texture": "#texture" },
        "east":  { "uv": [ 9.5, 10.5, 10, 11 ], "texture": "#texture" }
    }
},
{
    "__comment": "Grenade",
    "from": [ 5, 7, 6 ],
    "to": [ 11, 8.5, 6.5 ],
    "faces": {
        "down":  { "uv": [ 11, 6.5, 5, 6 ], "texture": "#texture" },
        "up":    { "uv": [ 5, 6, 11, 6.5 ], "texture": "#texture" },
        "north": { "uv": [ 5, 7.5, 11, 9 ], "texture": "#texture" },
        "south": { "uv": [ 5, 7.5, 11, 9 ], "texture": "#texture" },
        "west":  { "uv": [ 6, 7.5, 6.5, 9 ], "texture": "#texture" },
        "east":  { "uv": [ 9.5, 7.5, 10, 9 ], "texture": "#texture" }
    }
},
{
    "__comment": "Grenade",
    "from": [ 5, 10, 6 ],
    "to": [ 5.5, 10.5, 8.5 ],
    "faces": {
        "down":  { "uv": [ 11, 8.5, 10.5, 6 ], "texture": "#particle" },
        "up":    { "uv": [ 5, 6, 5.5, 8.5 ], "texture": "#particle" },
        "north": { "uv": [ 10.5, 5.5, 11, 6 ], "texture": "#particle" },
        "south": { "uv": [ 5, 5.5, 5.5, 6 ], "texture": "#particle" },
        "west":  { "uv": [ 6, 5.5, 8.5, 6 ], "texture": "#particle" },
        "east":  { "uv": [ 7.5, 5.5, 10, 6 ], "texture": "#particle" }
    }
},
{
    "__comment": "Grenade",
    "from": [ 5, 1.5, 6.5 ],
    "to": [ 11, 2, 10 ],
    "faces": {
        "down":  { "uv": [ 11, 10, 5, 6.5 ], "texture": "#texture" },
        "up":    { "uv": [ 5, 6.5, 11, 10 ], "texture": "#texture" },
        "north": { "uv": [ 5, 14, 11, 14.5 ], "texture": "#texture" },
        "south": { "uv": [ 5, 14, 11, 14.5 ], "texture": "#texture" },
        "west":  { "uv": [ 6.5, 14, 10, 14.5 ], "texture": "#texture" },
        "east":  { "uv": [ 6, 14, 9.5, 14.5 ], "texture": "#texture" }
    }
},
{
    "__comment": "Grenade",
    "from": [ 5, 9, 6.5 ],
    "to": [ 10.5, 9.5, 10 ],
    "faces": {
        "down":  { "uv": [ 11, 10, 5.5, 6.5 ], "texture": "#texture" },
        "up":    { "uv": [ 5, 6.5, 10.5, 10 ], "texture": "#texture" },
        "north": { "uv": [ 5.5, 6.5, 11, 7 ], "texture": "#texture" },
        "south": { "uv": [ 5, 6.5, 10.5, 7 ], "texture": "#texture" },
        "west":  { "uv": [ 6.5, 6.5, 10, 7 ], "texture": "#texture" },
        "east":  { "uv": [ 6, 6.5, 9.5, 7 ], "texture": "#texture" }
    }
},
{
    "__comment": "Grenade",
    "from": [ 5, 1, 7 ],
    "to": [ 11, 1.5, 10 ],
    "faces": {
        "down":  { "uv": [ 11, 10, 5, 7 ], "texture": "#texture" },
        "up":    { "uv": [ 5, 7, 11, 10 ], "texture": "#texture" },
        "north": { "uv": [ 5, 14.5, 11, 15 ], "texture": "#texture" },
        "south": { "uv": [ 5, 14.5, 11, 15 ], "texture": "#texture" },
        "west":  { "uv": [ 7, 14.5, 10, 15 ], "texture": "#texture" },
        "east":  { "uv": [ 6, 14.5, 9, 15 ], "texture": "#texture" }
    }
},
{
    "__comment": "Grenade",
    "from": [ 5, 2, 7 ],
    "to": [ 11, 2.5, 8 ],
    "faces": {
        "down":  { "uv": [ 11, 8, 5, 7 ], "texture": "#texture" },
        "up":    { "uv": [ 5, 7, 11, 8 ], "texture": "#texture" },
        "north": { "uv": [ 5, 13.5, 11, 14 ], "texture": "#texture" },
        "south": { "uv": [ 5, 13.5, 11, 14 ], "texture": "#texture" },
        "west":  { "uv": [ 7, 13.5, 8, 14 ], "texture": "#texture" },
        "east":  { "uv": [ 8, 13.5, 9, 14 ], "texture": "#texture" }
    }
},
{
    "__comment": "Grenade",
    "from": [ 5, 8.5, 7 ],
    "to": [ 11, 9, 8 ],
    "faces": {
        "down":  { "uv": [ 11, 8, 5, 7 ], "texture": "#texture" },
        "up":    { "uv": [ 5, 7, 11, 8 ], "texture": "#texture" },
        "north": { "uv": [ 5, 7, 11, 7.5 ], "texture": "#texture" },
        "south": { "uv": [ 5, 7, 11, 7.5 ], "texture": "#texture" },
        "west":  { "uv": [ 7, 7, 8, 7.5 ], "texture": "#texture" },
        "east":  { "uv": [ 8, 7, 9, 7.5 ], "texture": "#texture" }
    }
},
{
    "__comment": "Grenade",
    "from": [ 5, 9.5, 7 ],
    "to": [ 11, 10, 10 ],
    "faces": {
        "down":  { "uv": [ 11, 10, 5, 7 ], "texture": "#texture" },
        "up":    { "uv": [ 5, 7, 11, 10 ], "texture": "#texture" },
        "north": { "uv": [ 5, 6, 11, 6.5 ], "texture": "#texture" },
        "south": { "uv": [ 5, 6, 11, 6.5 ], "texture": "#texture" },
        "west":  { "uv": [ 7, 6, 10, 6.5 ], "texture": "#texture" },
        "east":  { "uv": [ 6, 6, 9, 6.5 ], "texture": "#texture" }
    }
},
{
    "__comment": "Grenade",
    "from": [ 5, 0.5, 8 ],
    "to": [ 10.5, 1, 8.5 ],
    "faces": {
        "down":  { "uv": [ 11, 8.5, 5.5, 8 ], "texture": "#texture" },
        "up":    { "uv": [ 5, 8, 10.5, 8.5 ], "texture": "#texture" },
        "north": { "uv": [ 5.5, 15, 11, 15.5 ], "texture": "#texture" },
        "south": { "uv": [ 5, 15, 10.5, 15.5 ], "texture": "#texture" },
        "west":  { "uv": [ 8, 15, 8.5, 15.5 ], "texture": "#texture" },
        "east":  { "uv": [ 7.5, 15, 8, 15.5 ], "texture": "#texture" }
    }
},
{
    "__comment": "Grenade",
    "from": [ 5, 10.5, 8 ],
    "to": [ 10.5, 11, 9 ],
    "faces": {
        "down":  { "uv": [ 11, 9, 5.5, 8 ], "texture": "#particle" },
        "up":    { "uv": [ 5, 8, 10.5, 9 ], "texture": "#texture" },
        "north": { "uv": [ 5.5, 5, 11, 5.5 ], "texture": "#particle" },
        "south": { "uv": [ 5, 5, 10.5, 5.5 ], "texture": "#particle" },
        "west":  { "uv": [ 8, 5, 9, 5.5 ], "texture": "#particle" },
        "east":  { "uv": [ 7, 5, 8, 5.5 ], "texture": "#texture" }
    }
},
{
    "__comment": "Grenade",
    "from": [ 5, 2, 8.5 ],
    "to": [ 11, 2.5, 10 ],
    "faces": {
        "down":  { "uv": [ 11, 10, 5, 8.5 ], "texture": "#texture" },
        "up":    { "uv": [ 5, 8.5, 11, 10 ], "texture": "#texture" },
        "north": { "uv": [ 5, 13.5, 11, 14 ], "texture": "#texture" },
        "south": { "uv": [ 5, 13.5, 11, 14 ], "texture": "#texture" },
        "west":  { "uv": [ 8.5, 13.5, 10, 14 ], "texture": "#texture" },
        "east":  { "uv": [ 6, 13.5, 7.5, 14 ], "texture": "#texture" }
    }
},
{
    "__comment": "Grenade",
    "from": [ 5, 11, 8.5 ],
    "to": [ 6, 11.5, 9 ],
    "faces": {
        "down":  { "uv": [ 11, 9, 10, 8.5 ], "texture": "#particle" },
        "up":    { "uv": [ 5, 8.5, 6, 9 ], "texture": "#particle" },
        "north": { "uv": [ 10, 4.5, 11, 5 ], "texture": "#particle" },
        "south": { "uv": [ 5, 4.5, 6, 5 ], "texture": "#particle" },
        "west":  { "uv": [ 8.5, 4.5, 9, 5 ], "texture": "#particle" },
        "east":  { "uv": [ 7, 4.5, 7.5, 5 ], "texture": "#particle" }
    }
},
{
    "__comment": "Grenade",
    "from": [ 5, 8.5, 9 ],
    "to": [ 11, 9, 10 ],
    "faces": {
        "down":  { "uv": [ 11, 10, 5, 9 ], "texture": "#texture" },
        "up":    { "uv": [ 5, 9, 11, 10 ], "texture": "#texture" },
        "north": { "uv": [ 5, 7, 11, 7.5 ], "texture": "#texture" },
        "south": { "uv": [ 5, 7, 11, 7.5 ], "texture": "#texture" },
        "west":  { "uv": [ 9, 7, 10, 7.5 ], "texture": "#texture" },
        "east":  { "uv": [ 6, 7, 7, 7.5 ], "texture": "#texture" }
    }
},
{
    "__comment": "Grenade",
    "from": [ 5, 10, 9 ],
    "to": [ 11, 10.5, 9.5 ],
    "faces": {
        "down":  { "uv": [ 11, 9.5, 5, 9 ], "texture": "#texture" },
        "up":    { "uv": [ 5, 9, 11, 9.5 ], "texture": "#texture" },
        "north": { "uv": [ 5, 5.5, 11, 6 ], "texture": "#texture" },
        "south": { "uv": [ 5, 5.5, 11, 6 ], "texture": "#texture" },
        "west":  { "uv": [ 9, 5.5, 9.5, 6 ], "texture": "#texture" },
        "east":  { "uv": [ 6.5, 5.5, 7, 6 ], "texture": "#texture" }
    }
},
{
    "__comment": "Grenade",
    "from": [ 5, 2.5, 9.5 ],
    "to": [ 11, 3, 10.5 ],
    "faces": {
        "down":  { "uv": [ 11, 10.5, 5, 9.5 ], "texture": "#texture" },
        "up":    { "uv": [ 5, 9.5, 11, 10.5 ], "texture": "#texture" },
        "north": { "uv": [ 5, 13, 11, 13.5 ], "texture": "#texture" },
        "south": { "uv": [ 5, 13, 11, 13.5 ], "texture": "#texture" },
        "west":  { "uv": [ 9.5, 13, 10.5, 13.5 ], "texture": "#texture" },
        "east":  { "uv": [ 5.5, 13, 6.5, 13.5 ], "texture": "#texture" }
    }
},
{
    "__comment": "Grenade",
    "from": [ 5, 3, 10.5 ],
    "to": [ 11, 4, 11 ],
    "faces": {
        "down":  { "uv": [ 11, 11, 5, 10.5 ], "texture": "#texture" },
        "up":    { "uv": [ 5, 10.5, 11, 11 ], "texture": "#texture" },
        "north": { "uv": [ 5, 12, 11, 13 ], "texture": "#texture" },
        "south": { "uv": [ 5, 12, 11, 13 ], "texture": "#texture" },
        "west":  { "uv": [ 10.5, 12, 11, 13 ], "texture": "#texture" },
        "east":  { "uv": [ 5, 12, 5.5, 13 ], "texture": "#texture" }
    }
},
{
    "__comment": "Grenade",
    "from": [ 5, 5, 10.5 ],
    "to": [ 11, 6, 11 ],
    "faces": {
        "down":  { "uv": [ 11, 11, 5, 10.5 ], "texture": "#texture" },
        "up":    { "uv": [ 5, 10.5, 11, 11 ], "texture": "#texture" },
        "north": { "uv": [ 5, 10, 11, 11 ], "texture": "#texture" },
        "south": { "uv": [ 5, 10, 11, 11 ], "texture": "#texture" },
        "west":  { "uv": [ 10.5, 10, 11, 11 ], "texture": "#texture" },
        "east":  { "uv": [ 5, 10, 5.5, 11 ], "texture": "#texture" }
    }
},
{
    "__comment": "Grenade",
    "from": [ 5, 7, 10.5 ],
    "to": [ 11, 8.5, 11 ],
    "faces": {
        "down":  { "uv": [ 11, 11, 5, 10.5 ], "texture": "#texture" },
        "up":    { "uv": [ 5, 10.5, 11, 11 ], "texture": "#texture" },
        "north": { "uv": [ 5, 7.5, 11, 9 ], "texture": "#texture" },
        "south": { "uv": [ 5, 7.5, 11, 9 ], "texture": "#texture" },
        "west":  { "uv": [ 10.5, 7.5, 11, 9 ], "texture": "#texture" },
        "east":  { "uv": [ 5, 7.5, 5.5, 9 ], "texture": "#texture" }
    }
},
{
    "__comment": "Grenade",
    "from": [ 5.5, 4, 5 ],
    "to": [ 10.5, 5, 6 ],
    "faces": {
        "down":  { "uv": [ 10.5, 6, 5.5, 5 ], "texture": "#texture" },
        "up":    { "uv": [ 5.5, 5, 10.5, 6 ], "texture": "#texture" },
        "north": { "uv": [ 5.5, 11, 10.5, 12 ], "texture": "#texture" },
        "south": { "uv": [ 5.5, 11, 10.5, 12 ], "texture": "#texture" },
        "west":  { "uv": [ 5, 11, 6, 12 ], "texture": "#texture" },
        "east":  { "uv": [ 10, 11, 11, 12 ], "texture": "#texture" }
    }
},
{
    "__comment": "Grenade",
    "from": [ 5.5, 6, 5 ],
    "to": [ 10.5, 7, 6 ],
    "faces": {
        "down":  { "uv": [ 10.5, 6, 5.5, 5 ], "texture": "#texture" },
        "up":    { "uv": [ 5.5, 5, 10.5, 6 ], "texture": "#texture" },
        "north": { "uv": [ 5.5, 9, 10.5, 10 ], "texture": "#texture" },
        "south": { "uv": [ 5.5, 9, 10.5, 10 ], "texture": "#texture" },
        "west":  { "uv": [ 5, 9, 6, 10 ], "texture": "#texture" },
        "east":  { "uv": [ 10, 9, 11, 10 ], "texture": "#texture" }
    }
},
{
    "__comment": "Grenade",
    "from": [ 5.5, 11, 5 ],
    "to": [ 6, 13, 5.5 ],
    "faces": {
        "down":  { "uv": [ 10.5, 5.5, 10, 5 ], "texture": "#particle" },
        "up":    { "uv": [ 5.5, 5, 6, 5.5 ], "texture": "#particle" },
        "north": { "uv": [ 10, 3, 10.5, 5 ], "texture": "#particle" },
        "south": { "uv": [ 5.5, 3, 6, 5 ], "texture": "#particle" },
        "west":  { "uv": [ 5, 3, 5.5, 5 ], "texture": "#particle" },
        "east":  { "uv": [ 10.5, 3, 11, 5 ], "texture": "#particle" }
    }
},
{
    "__comment": "Grenade",
    "from": [ 5.5, 2.5, 5.5 ],
    "to": [ 10.5, 4, 6 ],
    "faces": {
        "down":  { "uv": [ 10.5, 6, 5.5, 5.5 ], "texture": "#texture" },
        "up":    { "uv": [ 5.5, 5.5, 10.5, 6 ], "texture": "#texture" },
        "north": { "uv": [ 5.5, 12, 10.5, 13.5 ], "texture": "#texture" },
        "south": { "uv": [ 5.5, 12, 10.5, 13.5 ], "texture": "#texture" },
        "west":  { "uv": [ 5.5, 12, 6, 13.5 ], "texture": "#texture" },
        "east":  { "uv": [ 10, 12, 10.5, 13.5 ], "texture": "#texture" }
    }
},
{
    "__comment": "Grenade",
    "from": [ 5.5, 5, 5.5 ],
    "to": [ 11, 5.5, 6 ],
    "faces": {
        "down":  { "uv": [ 10.5, 6, 5, 5.5 ], "texture": "#texture" },
        "up":    { "uv": [ 5.5, 5.5, 11, 6 ], "texture": "#texture" },
        "north": { "uv": [ 5, 10.5, 10.5, 11 ], "texture": "#texture" },
        "south": { "uv": [ 5.5, 10.5, 11, 11 ], "texture": "#texture" },
        "west":  { "uv": [ 5.5, 10.5, 6, 11 ], "texture": "#texture" },
        "east":  { "uv": [ 10, 10.5, 10.5, 11 ], "texture": "#texture" }
    }
},
{
    "__comment": "Grenade",
    "from": [ 5.5, 7, 5.5 ],
    "to": [ 10.5, 8.5, 6 ],
    "faces": {
        "down":  { "uv": [ 10.5, 6, 5.5, 5.5 ], "texture": "#texture" },
        "up":    { "uv": [ 5.5, 5.5, 10.5, 6 ], "texture": "#texture" },
        "north": { "uv": [ 5.5, 7.5, 10.5, 9 ], "texture": "#texture" },
        "south": { "uv": [ 5.5, 7.5, 10.5, 9 ], "texture": "#texture" },
        "west":  { "uv": [ 5.5, 7.5, 6, 9 ], "texture": "#texture" },
        "east":  { "uv": [ 10, 7.5, 10.5, 9 ], "texture": "#texture" }
    }
},
{
    "__comment": "Grenade",
    "from": [ 5.5, 2, 6 ],
    "to": [ 10.5, 2.5, 7 ],
    "faces": {
        "down":  { "uv": [ 10.5, 7, 5.5, 6 ], "texture": "#texture" },
        "up":    { "uv": [ 5.5, 6, 10.5, 7 ], "texture": "#texture" },
        "north": { "uv": [ 5.5, 13.5, 10.5, 14 ], "texture": "#texture" },
        "south": { "uv": [ 5.5, 13.5, 10.5, 14 ], "texture": "#texture" },
        "west":  { "uv": [ 6, 13.5, 7, 14 ], "texture": "#texture" },
        "east":  { "uv": [ 9, 13.5, 10, 14 ], "texture": "#texture" }
    }
},
{
    "__comment": "Grenade",
    "from": [ 5.5, 8.5, 6 ],
    "to": [ 10.5, 9, 7 ],
    "faces": {
        "down":  { "uv": [ 10.5, 7, 5.5, 6 ], "texture": "#texture" },
        "up":    { "uv": [ 5.5, 6, 10.5, 7 ], "texture": "#texture" },
        "north": { "uv": [ 5.5, 7, 10.5, 7.5 ], "texture": "#texture" },
        "south": { "uv": [ 5.5, 7, 10.5, 7.5 ], "texture": "#texture" },
        "west":  { "uv": [ 6, 7, 7, 7.5 ], "texture": "#texture" },
        "east":  { "uv": [ 9, 7, 10, 7.5 ], "texture": "#texture" }
    }
},
{
    "__comment": "Grenade",
    "from": [ 5.5, 1, 6.5 ],
    "to": [ 10.5, 1.5, 7 ],
    "faces": {
        "down":  { "uv": [ 10.5, 7, 5.5, 6.5 ], "texture": "#texture" },
        "up":    { "uv": [ 5.5, 6.5, 10.5, 7 ], "texture": "#texture" },
        "north": { "uv": [ 5.5, 14.5, 10.5, 15 ], "texture": "#texture" },
        "south": { "uv": [ 5.5, 14.5, 10.5, 15 ], "texture": "#texture" },
        "west":  { "uv": [ 6.5, 14.5, 7, 15 ], "texture": "#texture" },
        "east":  { "uv": [ 9, 14.5, 9.5, 15 ], "texture": "#texture" }
    }
},
{
    "__comment": "Grenade",
    "from": [ 5.5, 9.5, 6.5 ],
    "to": [ 10.5, 10, 7 ],
    "faces": {
        "down":  { "uv": [ 10.5, 7, 5.5, 6.5 ], "texture": "#texture" },
        "up":    { "uv": [ 5.5, 6.5, 10.5, 7 ], "texture": "#texture" },
        "north": { "uv": [ 5.5, 6, 10.5, 6.5 ], "texture": "#texture" },
        "south": { "uv": [ 5.5, 6, 10.5, 6.5 ], "texture": "#texture" },
        "west":  { "uv": [ 6.5, 6, 7, 6.5 ], "texture": "#texture" },
        "east":  { "uv": [ 9, 6, 9.5, 6.5 ], "texture": "#texture" }
    }
},
{
    "__comment": "Grenade",
    "from": [ 5.5, 0.5, 7 ],
    "to": [ 10.5, 1, 8 ],
    "faces": {
        "down":  { "uv": [ 10.5, 8, 5.5, 7 ], "texture": "#texture" },
        "up":    { "uv": [ 5.5, 7, 10.5, 8 ], "texture": "#texture" },
        "north": { "uv": [ 5.5, 15, 10.5, 15.5 ], "texture": "#texture" },
        "south": { "uv": [ 5.5, 15, 10.5, 15.5 ], "texture": "#texture" },
        "west":  { "uv": [ 7, 15, 8, 15.5 ], "texture": "#texture" },
        "east":  { "uv": [ 8, 15, 9, 15.5 ], "texture": "#texture" }
    }
},
{
    "__comment": "Grenade",
    "from": [ 5.5, 10, 7 ],
    "to": [ 10.5, 10.5, 9 ],
    "faces": {
        "down":  { "uv": [ 10.5, 9, 5.5, 7 ], "texture": "#texture" },
        "up":    { "uv": [ 5.5, 7, 10.5, 9 ], "texture": "#texture" },
        "north": { "uv": [ 5.5, 5.5, 10.5, 6 ], "texture": "#texture" },
        "south": { "uv": [ 5.5, 5.5, 10.5, 6 ], "texture": "#texture" },
        "west":  { "uv": [ 7, 5.5, 9, 6 ], "texture": "#texture" },
        "east":  { "uv": [ 7, 5.5, 9, 6 ], "texture": "#texture" }
    }
},
{
    "__comment": "Grenade",
    "from": [ 5.5, 10.5, 7 ],
    "to": [ 10.5, 11, 8 ],
    "faces": {
        "down":  { "uv": [ 10.5, 8, 5.5, 7 ], "texture": "#texture" },
        "up":    { "uv": [ 5.5, 7, 10.5, 8 ], "texture": "#texture" },
        "north": { "uv": [ 5.5, 5, 10.5, 5.5 ], "texture": "#texture" },
        "south": { "uv": [ 5.5, 5, 10.5, 5.5 ], "texture": "#texture" },
        "west":  { "uv": [ 7, 5, 8, 5.5 ], "texture": "#texture" },
        "east":  { "uv": [ 8, 5, 9, 5.5 ], "texture": "#texture" }
    }
},
{
    "__comment": "Grenade",
    "from": [ 5.5, 0, 7.5 ],
    "to": [ 10.5, 0.5, 9.5 ],
    "faces": {
        "down":  { "uv": [ 10.5, 9.5, 5.5, 7.5 ], "texture": "#texture" },
        "up":    { "uv": [ 5.5, 7.5, 10.5, 9.5 ], "texture": "#texture" },
        "north": { "uv": [ 5.5, 15.5, 10.5, 16 ], "texture": "#texture" },
        "south": { "uv": [ 5.5, 15.5, 10.5, 16 ], "texture": "#texture" },
        "west":  { "uv": [ 7.5, 15.5, 9.5, 16 ], "texture": "#texture" },
        "east":  { "uv": [ 6.5, 15.5, 8.5, 16 ], "texture": "#texture" }
    }
},
{
    "__comment": "Grenade",
    "from": [ 5.5, 0.5, 8.5 ],
    "to": [ 10.5, 1, 10 ],
    "faces": {
        "down":  { "uv": [ 10.5, 10, 5.5, 8.5 ], "texture": "#texture" },
        "up":    { "uv": [ 5.5, 8.5, 10.5, 10 ], "texture": "#texture" },
        "north": { "uv": [ 5.5, 15, 10.5, 15.5 ], "texture": "#texture" },
        "south": { "uv": [ 5.5, 15, 10.5, 15.5 ], "texture": "#texture" },
        "west":  { "uv": [ 8.5, 15, 10, 15.5 ], "texture": "#texture" },
        "east":  { "uv": [ 6, 15, 7.5, 15.5 ], "texture": "#texture" }
    }
},
{
    "__comment": "Grenade",
    "from": [ 5.5, 11.5, 8.5 ],
    "to": [ 6, 12, 9 ],
    "faces": {
        "down":  { "uv": [ 10.5, 9, 10, 8.5 ], "texture": "#particle" },
        "up":    { "uv": [ 5.5, 8.5, 6, 9 ], "texture": "#particle" },
        "north": { "uv": [ 10, 4, 10.5, 4.5 ], "texture": "#particle" },
        "south": { "uv": [ 5.5, 4, 6, 4.5 ], "texture": "#particle" },
        "west":  { "uv": [ 8.5, 4, 9, 4.5 ], "texture": "#particle" },
        "east":  { "uv": [ 7, 4, 7.5, 4.5 ], "texture": "#particle" }
    }
},
{
    "__comment": "Grenade",
    "from": [ 5.5, 10.5, 9 ],
    "to": [ 10.5, 11, 10 ],
    "faces": {
        "down":  { "uv": [ 10.5, 10, 5.5, 9 ], "texture": "#texture" },
        "up":    { "uv": [ 5.5, 9, 10.5, 10 ], "texture": "#texture" },
        "north": { "uv": [ 5.5, 5, 10.5, 5.5 ], "texture": "#texture" },
        "south": { "uv": [ 5.5, 5, 10.5, 5.5 ], "texture": "#texture" },
        "west":  { "uv": [ 9, 5, 10, 5.5 ], "texture": "#texture" },
        "east":  { "uv": [ 6, 5, 7, 5.5 ], "texture": "#texture" }
    }
},
{
    "__comment": "Grenade",
    "from": [ 5.5, 12, 9 ],
    "to": [ 9.5, 12.5, 9.5 ],
    "faces": {
        "down":  { "uv": [ 10.5, 9.5, 6.5, 9 ], "texture": "#particle" },
        "up":    { "uv": [ 5.5, 9, 9.5, 9.5 ], "texture": "#particle" },
        "north": { "uv": [ 6.5, 3.5, 10.5, 4 ], "texture": "#particle" },
        "south": { "uv": [ 5.5, 3.5, 9.5, 4 ], "texture": "#particle" },
        "west":  { "uv": [ 9, 3.5, 9.5, 4 ], "texture": "#particle" },
        "east":  { "uv": [ 6.5, 3.5, 7, 4 ], "texture": "#wool_colored_light_black" }
    }
},
{
    "__comment": "Grenade",
    "from": [ 5.5, 10, 9.5 ],
    "to": [ 10.5, 10.5, 10 ],
    "faces": {
        "down":  { "uv": [ 10.5, 10, 5.5, 9.5 ], "texture": "#texture" },
        "up":    { "uv": [ 5.5, 9.5, 10.5, 10 ], "texture": "#texture" },
        "north": { "uv": [ 5.5, 5.5, 10.5, 6 ], "texture": "#texture" },
        "south": { "uv": [ 5.5, 5.5, 10.5, 6 ], "texture": "#texture" },
        "west":  { "uv": [ 9.5, 5.5, 10, 6 ], "texture": "#texture" },
        "east":  { "uv": [ 6, 5.5, 6.5, 6 ], "texture": "#texture" }
    }
},
{
    "__comment": "Grenade",
    "from": [ 5.5, 1, 10 ],
    "to": [ 10.5, 2.5, 10.5 ],
    "faces": {
        "down":  { "uv": [ 10.5, 10.5, 5.5, 10 ], "texture": "#texture" },
        "up":    { "uv": [ 5.5, 10, 10.5, 10.5 ], "texture": "#texture" },
        "north": { "uv": [ 5.5, 13.5, 10.5, 15 ], "texture": "#texture" },
        "south": { "uv": [ 5.5, 13.5, 10.5, 15 ], "texture": "#texture" },
        "west":  { "uv": [ 10, 13.5, 10.5, 15 ], "texture": "#texture" },
        "east":  { "uv": [ 5.5, 13.5, 6, 15 ], "texture": "#texture" }
    }
},
{
    "__comment": "Grenade",
    "from": [ 5.5, 8.5, 10 ],
    "to": [ 10.5, 9, 11 ],
    "faces": {
        "down":  { "uv": [ 10.5, 11, 5.5, 10 ], "texture": "#texture" },
        "up":    { "uv": [ 5.5, 10, 10.5, 11 ], "texture": "#texture" },
        "north": { "uv": [ 5.5, 7, 10.5, 7.5 ], "texture": "#texture" },
        "south": { "uv": [ 5.5, 7, 10.5, 7.5 ], "texture": "#texture" },
        "west":  { "uv": [ 10, 7, 11, 7.5 ], "texture": "#texture" },
        "east":  { "uv": [ 5, 7, 6, 7.5 ], "texture": "#texture" }
    }
},
{
    "__comment": "Grenade",
    "from": [ 5.5, 9, 10 ],
    "to": [ 10.5, 10, 10.5 ],
    "faces": {
        "down":  { "uv": [ 10.5, 10.5, 5.5, 10 ], "texture": "#texture" },
        "up":    { "uv": [ 5.5, 10, 10.5, 10.5 ], "texture": "#texture" },
        "north": { "uv": [ 5.5, 6, 10.5, 7 ], "texture": "#texture" },
        "south": { "uv": [ 5.5, 6, 10.5, 7 ], "texture": "#texture" },
        "west":  { "uv": [ 10, 6, 10.5, 7 ], "texture": "#texture" },
        "east":  { "uv": [ 5.5, 6, 6, 7 ], "texture": "#texture" }
    }
},
{
    "__comment": "Grenade",
    "from": [ 5.5, 2.5, 10.5 ],
    "to": [ 10.5, 3, 11 ],
    "faces": {
        "down":  { "uv": [ 10.5, 11, 5.5, 10.5 ], "texture": "#texture" },
        "up":    { "uv": [ 5.5, 10.5, 10.5, 11 ], "texture": "#texture" },
        "north": { "uv": [ 5.5, 13, 10.5, 13.5 ], "texture": "#texture" },
        "south": { "uv": [ 5.5, 13, 10.5, 13.5 ], "texture": "#texture" },
        "west":  { "uv": [ 10.5, 13, 11, 13.5 ], "texture": "#texture" },
        "east":  { "uv": [ 5, 13, 5.5, 13.5 ], "texture": "#texture" }
    }
},
{
    "__comment": "Grenade",
    "from": [ 5.5, 3, 11 ],
    "to": [ 10.5, 8.5, 11.5 ],
    "faces": {
        "down":  { "uv": [ 10.5, 11.5, 5.5, 11 ], "texture": "#texture" },
        "up":    { "uv": [ 5.5, 11, 10.5, 11.5 ], "texture": "#texture" },
        "north": { "uv": [ 5.5, 7.5, 10.5, 13 ], "texture": "#texture" },
        "south": { "uv": [ 5.5, 7.5, 10.5, 13 ], "texture": "#texture" },
        "west":  { "uv": [ 11, 7.5, 11.5, 13 ], "texture": "#texture" },
        "east":  { "uv": [ 4.5, 7.5, 5, 13 ], "texture": "#texture" }
    }
},
{
    "__comment": "Grenade",
    "from": [ 5.5, 4, 11.5 ],
    "to": [ 10.5, 5, 12 ],
    "faces": {
        "down":  { "uv": [ 10.5, 12, 5.5, 11.5 ], "texture": "#texture" },
        "up":    { "uv": [ 5.5, 11.5, 10.5, 12 ], "texture": "#texture" },
        "north": { "uv": [ 5.5, 11, 10.5, 12 ], "texture": "#texture" },
        "south": { "uv": [ 5.5, 11, 10.5, 12 ], "texture": "#texture" },
        "west":  { "uv": [ 11.5, 11, 12, 12 ], "texture": "#texture" },
        "east":  { "uv": [ 4, 11, 4.5, 12 ], "texture": "#texture" }
    }
},
{
    "__comment": "Grenade",
    "from": [ 5.5, 6, 11.5 ],
    "to": [ 10.5, 7, 12 ],
    "faces": {
        "down":  { "uv": [ 10.5, 12, 5.5, 11.5 ], "texture": "#texture" },
        "up":    { "uv": [ 5.5, 11.5, 10.5, 12 ], "texture": "#texture" },
        "north": { "uv": [ 5.5, 9, 10.5, 10 ], "texture": "#texture" },
        "south": { "uv": [ 5.5, 9, 10.5, 10 ], "texture": "#texture" },
        "west":  { "uv": [ 11.5, 9, 12, 10 ], "texture": "#texture" },
        "east":  { "uv": [ 4, 9, 4.5, 10 ], "texture": "#texture" }
    }
},
{
    "__comment": "Grenade",
    "from": [ 6, 3, 5 ],
    "to": [ 10, 4, 5.5 ],
    "faces": {
        "down":  { "uv": [ 10, 5.5, 6, 5 ], "texture": "#texture" },
        "up":    { "uv": [ 6, 5, 10, 5.5 ], "texture": "#texture" },
        "north": { "uv": [ 6, 12, 10, 13 ], "texture": "#texture" },
        "south": { "uv": [ 6, 12, 10, 13 ], "texture": "#texture" },
        "west":  { "uv": [ 5, 12, 5.5, 13 ], "texture": "#texture" },
        "east":  { "uv": [ 10.5, 12, 11, 13 ], "texture": "#texture" }
    }
},
{
    "__comment": "Grenade",
    "from": [ 6, 5, 5 ],
    "to": [ 10, 6, 5.5 ],
    "faces": {
        "down":  { "uv": [ 10, 5.5, 6, 5 ], "texture": "#texture" },
        "up":    { "uv": [ 6, 5, 10, 5.5 ], "texture": "#texture" },
        "north": { "uv": [ 6, 10, 10, 11 ], "texture": "#texture" },
        "south": { "uv": [ 6, 10, 10, 11 ], "texture": "#texture" },
        "west":  { "uv": [ 5, 10, 5.5, 11 ], "texture": "#texture" },
        "east":  { "uv": [ 10.5, 10, 11, 11 ], "texture": "#texture" }
    }
},
{
    "__comment": "Grenade",
    "from": [ 6, 7, 5 ],
    "to": [ 10, 8.5, 5.5 ],
    "faces": {
        "down":  { "uv": [ 10, 5.5, 6, 5 ], "texture": "#texture" },
        "up":    { "uv": [ 6, 5, 10, 5.5 ], "texture": "#texture" },
        "north": { "uv": [ 6, 7.5, 10, 9 ], "texture": "#texture" },
        "south": { "uv": [ 6, 7.5, 10, 9 ], "texture": "#texture" },
        "west":  { "uv": [ 5, 7.5, 5.5, 9 ], "texture": "#texture" },
        "east":  { "uv": [ 10.5, 7.5, 11, 9 ], "texture": "#texture" }
    }
},
{
    "__comment": "Grenade",
    "from": [ 6, 12.5, 5 ],
    "to": [ 9.5, 13.5, 5.5 ],
    "faces": {
        "down":  { "uv": [ 10, 5.5, 6.5, 5 ], "texture": "#particle" },
        "up":    { "uv": [ 6, 5, 9.5, 5.5 ], "texture": "#particle" },
        "north": { "uv": [ 6.5, 2.5, 10, 3.5 ], "texture": "#particle" },
        "south": { "uv": [ 6, 2.5, 9.5, 3.5 ], "texture": "#particle" },
        "west":  { "uv": [ 5, 2.5, 5.5, 3.5 ], "texture": "#particle" },
        "east":  { "uv": [ 10.5, 2.5, 11, 3.5 ], "texture": "#wool_colored_light_black" }
    }
},
{
    "__comment": "Grenade",
    "from": [ 6, 1.5, 5.5 ],
    "to": [ 10, 2, 6.5 ],
    "faces": {
        "down":  { "uv": [ 10, 6.5, 6, 5.5 ], "texture": "#texture" },
        "up":    { "uv": [ 6, 5.5, 10, 6.5 ], "texture": "#texture" },
        "north": { "uv": [ 6, 14, 10, 14.5 ], "texture": "#texture" },
        "south": { "uv": [ 6, 14, 10, 14.5 ], "texture": "#texture" },
        "west":  { "uv": [ 5.5, 14, 6.5, 14.5 ], "texture": "#texture" },
        "east":  { "uv": [ 9.5, 14, 10.5, 14.5 ], "texture": "#texture" }
    }
},
{
    "__comment": "Grenade",
    "from": [ 6, 13, 5.5 ],
    "to": [ 9.5, 14, 6 ],
    "faces": {
        "down":  { "uv": [ 10, 6, 6.5, 5.5 ], "texture": "#particle" },
        "up":    { "uv": [ 6, 5.5, 9.5, 6 ], "texture": "#particle" },
        "north": { "uv": [ 6.5, 2, 10, 3 ], "texture": "#particle" },
        "south": { "uv": [ 6, 2, 9.5, 3 ], "texture": "#particle" },
        "west":  { "uv": [ 5.5, 2, 6, 3 ], "texture": "#particle" },
        "east":  { "uv": [ 10, 2, 10.5, 3 ], "texture": "#wool_colored_light_black" }
    }
},
{
    "__comment": "Grenade",
    "from": [ 6, 1, 6 ],
    "to": [ 10, 1.5, 6.5 ],
    "faces": {
        "down":  { "uv": [ 10, 6.5, 6, 6 ], "texture": "#texture" },
        "up":    { "uv": [ 6, 6, 10, 6.5 ], "texture": "#texture" },
        "north": { "uv": [ 6, 14.5, 10, 15 ], "texture": "#texture" },
        "south": { "uv": [ 6, 14.5, 10, 15 ], "texture": "#texture" },
        "west":  { "uv": [ 6, 14.5, 6.5, 15 ], "texture": "#texture" },
        "east":  { "uv": [ 9.5, 14.5, 10, 15 ], "texture": "#texture" }
    }
},
{
    "__comment": "Grenade",
    "from": [ 6, 9, 6 ],
    "to": [ 10, 10, 6.5 ],
    "faces": {
        "down":  { "uv": [ 10, 6.5, 6, 6 ], "texture": "#texture" },
        "up":    { "uv": [ 6, 6, 10, 6.5 ], "texture": "#texture" },
        "north": { "uv": [ 6, 6, 10, 7 ], "texture": "#texture" },
        "south": { "uv": [ 6, 6, 10, 7 ], "texture": "#texture" },
        "west":  { "uv": [ 6, 6, 6.5, 7 ], "texture": "#texture" },
        "east":  { "uv": [ 9.5, 6, 10, 7 ], "texture": "#texture" }
    }
},
{
    "__comment": "Grenade",
    "from": [ 6, 0.5, 6.5 ],
    "to": [ 10, 1, 7 ],
    "faces": {
        "down":  { "uv": [ 10, 7, 6, 6.5 ], "texture": "#texture" },
        "up":    { "uv": [ 6, 6.5, 10, 7 ], "texture": "#texture" },
        "north": { "uv": [ 6, 15, 10, 15.5 ], "texture": "#texture" },
        "south": { "uv": [ 6, 15, 10, 15.5 ], "texture": "#texture" },
        "west":  { "uv": [ 6.5, 15, 7, 15.5 ], "texture": "#texture" },
        "east":  { "uv": [ 9, 15, 9.5, 15.5 ], "texture": "#texture" }
    }
},
{
    "__comment": "Grenade",
    "from": [ 6, 0, 7 ],
    "to": [ 10, 0.5, 7.5 ],
    "faces": {
        "down":  { "uv": [ 10, 7.5, 6, 7 ], "texture": "#texture" },
        "up":    { "uv": [ 6, 7, 10, 7.5 ], "texture": "#texture" },
        "north": { "uv": [ 6, 15.5, 10, 16 ], "texture": "#texture" },
        "south": { "uv": [ 6, 15.5, 10, 16 ], "texture": "#texture" },
        "west":  { "uv": [ 7, 15.5, 7.5, 16 ], "texture": "#texture" },
        "east":  { "uv": [ 8.5, 15.5, 9, 16 ], "texture": "#texture" }
    }
},
{
    "__comment": "Grenade",
    "from": [ 6, 13.5, 8 ],
    "to": [ 9.5, 14, 8.5 ],
    "faces": {
        "down":  { "uv": [ 10, 8.5, 6.5, 8 ], "texture": "#particle" },
        "up":    { "uv": [ 6, 8, 9.5, 8.5 ], "texture": "#particle" },
        "north": { "uv": [ 6.5, 2, 10, 2.5 ], "texture": "#particle" },
        "south": { "uv": [ 6, 2, 9.5, 2.5 ], "texture": "#particle" },
        "west":  { "uv": [ 8, 2, 8.5, 2.5 ], "texture": "#particle" },
        "east":  { "uv": [ 7.5, 2, 8, 2.5 ], "texture": "#wool_colored_light_black" }
    }
},
{
    "__comment": "Grenade",
    "from": [ 6, 12.5, 8.5 ],
    "to": [ 9.5, 13.5, 9 ],
    "faces": {
        "down":  { "uv": [ 10, 9, 6.5, 8.5 ], "texture": "#particle" },
        "up":    { "uv": [ 6, 8.5, 9.5, 9 ], "texture": "#particle" },
        "north": { "uv": [ 6.5, 2.5, 10, 3.5 ], "texture": "#particle" },
        "south": { "uv": [ 6, 2.5, 9.5, 3.5 ], "texture": "#particle" },
        "west":  { "uv": [ 8.5, 2.5, 9, 3.5 ], "texture": "#particle" },
        "east":  { "uv": [ 7, 2.5, 7.5, 3.5 ], "texture": "#wool_colored_light_black" }
    }
},
{
    "__comment": "Grenade",
    "from": [ 6, 0, 9.5 ],
    "to": [ 10, 0.5, 10 ],
    "faces": {
        "down":  { "uv": [ 10, 10, 6, 9.5 ], "texture": "#texture" },
        "up":    { "uv": [ 6, 9.5, 10, 10 ], "texture": "#texture" },
        "north": { "uv": [ 6, 15.5, 10, 16 ], "texture": "#texture" },
        "south": { "uv": [ 6, 15.5, 10, 16 ], "texture": "#texture" },
        "west":  { "uv": [ 9.5, 15.5, 10, 16 ], "texture": "#texture" },
        "east":  { "uv": [ 6, 15.5, 6.5, 16 ], "texture": "#texture" }
    }
},
{
    "__comment": "Grenade",
    "from": [ 6, 1, 10.5 ],
    "to": [ 10, 2.5, 11 ],
    "faces": {
        "down":  { "uv": [ 10, 11, 6, 10.5 ], "texture": "#texture" },
        "up":    { "uv": [ 6, 10.5, 10, 11 ], "texture": "#texture" },
        "north": { "uv": [ 6, 13.5, 10, 15 ], "texture": "#texture" },
        "south": { "uv": [ 6, 13.5, 10, 15 ], "texture": "#texture" },
        "west":  { "uv": [ 10.5, 13.5, 11, 15 ], "texture": "#texture" },
        "east":  { "uv": [ 5, 13.5, 5.5, 15 ], "texture": "#texture" }
    }
},
{
    "__comment": "Grenade",
    "from": [ 6, 9, 10.5 ],
    "to": [ 10, 10, 11 ],
    "faces": {
        "down":  { "uv": [ 10, 11, 6, 10.5 ], "texture": "#texture" },
        "up":    { "uv": [ 6, 10.5, 10, 11 ], "texture": "#texture" },
        "north": { "uv": [ 6, 6, 10, 7 ], "texture": "#texture" },
        "south": { "uv": [ 6, 6, 10, 7 ], "texture": "#texture" },
        "west":  { "uv": [ 10.5, 6, 11, 7 ], "texture": "#texture" },
        "east":  { "uv": [ 5, 6, 5.5, 7 ], "texture": "#texture" }
    }
},
{
    "__comment": "Grenade",
    "from": [ 6, 2.5, 11 ],
    "to": [ 10, 3, 11.5 ],
    "faces": {
        "down":  { "uv": [ 10, 11.5, 6, 11 ], "texture": "#texture" },
        "up":    { "uv": [ 6, 11, 10, 11.5 ], "texture": "#texture" },
        "north": { "uv": [ 6, 13, 10, 13.5 ], "texture": "#texture" },
        "south": { "uv": [ 6, 13, 10, 13.5 ], "texture": "#texture" },
        "west":  { "uv": [ 11, 13, 11.5, 13.5 ], "texture": "#texture" },
        "east":  { "uv": [ 4.5, 13, 5, 13.5 ], "texture": "#texture" }
    }
},
{
    "__comment": "Grenade",
    "from": [ 6, 3, 11.5 ],
    "to": [ 10, 4, 12 ],
    "faces": {
        "down":  { "uv": [ 10, 12, 6, 11.5 ], "texture": "#texture" },
        "up":    { "uv": [ 6, 11.5, 10, 12 ], "texture": "#texture" },
        "north": { "uv": [ 6, 12, 10, 13 ], "texture": "#texture" },
        "south": { "uv": [ 6, 12, 10, 13 ], "texture": "#texture" },
        "west":  { "uv": [ 11.5, 12, 12, 13 ], "texture": "#texture" },
        "east":  { "uv": [ 4, 12, 4.5, 13 ], "texture": "#texture" }
    }
},
{
    "__comment": "Grenade",
    "from": [ 6, 5, 11.5 ],
    "to": [ 10, 6, 12 ],
    "faces": {
        "down":  { "uv": [ 10, 12, 6, 11.5 ], "texture": "#texture" },
        "up":    { "uv": [ 6, 11.5, 10, 12 ], "texture": "#texture" },
        "north": { "uv": [ 6, 10, 10, 11 ], "texture": "#texture" },
        "south": { "uv": [ 6, 10, 10, 11 ], "texture": "#texture" },
        "west":  { "uv": [ 11.5, 10, 12, 11 ], "texture": "#texture" },
        "east":  { "uv": [ 4, 10, 4.5, 11 ], "texture": "#texture" }
    }
},
{
    "__comment": "Grenade",
    "from": [ 6, 7, 11.5 ],
    "to": [ 10, 8.5, 12 ],
    "faces": {
        "down":  { "uv": [ 10, 12, 6, 11.5 ], "texture": "#texture" },
        "up":    { "uv": [ 6, 11.5, 10, 12 ], "texture": "#texture" },
        "north": { "uv": [ 6, 7.5, 10, 9 ], "texture": "#texture" },
        "south": { "uv": [ 6, 7.5, 10, 9 ], "texture": "#texture" },
        "west":  { "uv": [ 11.5, 7.5, 12, 9 ], "texture": "#texture" },
        "east":  { "uv": [ 4, 7.5, 4.5, 9 ], "texture": "#texture" }
    }
},
{
    "__comment": "Grenade",
    "from": [ 6.5, 11.5, 4 ],
    "to": [ 9.5, 12, 10.5 ],
    "faces": {
        "down":  { "uv": [ 9.5, 10.5, 6.5, 4 ], "texture": "#wool_colored_light_black" },
        "up":    { "uv": [ 6.5, 4, 9.5, 10.5 ], "texture": "#wool_colored_light_black" },
        "north": { "uv": [ 6.5, 4, 9.5, 4.5 ], "texture": "#wool_colored_light_black" },
        "south": { "uv": [ 6.5, 4, 9.5, 4.5 ], "texture": "#wool_colored_light_black" },
        "west":  { "uv": [ 4, 4, 10.5, 4.5 ], "texture": "#wool_colored_light_black" },
        "east":  { "uv": [ 5.5, 4, 12, 4.5 ], "texture": "#wool_colored_light_black" }
    }
},
{
    "__comment": "Grenade",
    "from": [ 6.5, 4.5, 4.5 ],
    "to": [ 9.5, 5, 5 ],
    "faces": {
        "down":  { "uv": [ 9.5, 5, 6.5, 4.5 ], "texture": "#texture" },
        "up":    { "uv": [ 6.5, 4.5, 9.5, 5 ], "texture": "#texture" },
        "north": { "uv": [ 6.5, 11, 9.5, 11.5 ], "texture": "#texture" },
        "south": { "uv": [ 6.5, 11, 9.5, 11.5 ], "texture": "#texture" },
        "west":  { "uv": [ 4.5, 11, 5, 11.5 ], "texture": "#texture" },
        "east":  { "uv": [ 11, 11, 11.5, 11.5 ], "texture": "#texture" }
    }
},
{
    "__comment": "Grenade",
    "from": [ 6.5, 6, 4.5 ],
    "to": [ 9.5, 6.5, 5 ],
    "faces": {
        "down":  { "uv": [ 9.5, 5, 6.5, 4.5 ], "texture": "#texture" },
        "up":    { "uv": [ 6.5, 4.5, 9.5, 5 ], "texture": "#texture" },
        "north": { "uv": [ 6.5, 9.5, 9.5, 10 ], "texture": "#texture" },
        "south": { "uv": [ 6.5, 9.5, 9.5, 10 ], "texture": "#texture" },
        "west":  { "uv": [ 4.5, 9.5, 5, 10 ], "texture": "#texture" },
        "east":  { "uv": [ 11, 9.5, 11.5, 10 ], "texture": "#texture" }
    }
},
{
    "__comment": "Grenade",
    "from": [ 6.5, 11, 4.5 ],
    "to": [ 9, 11.5, 6 ],
    "faces": {
        "down":  { "uv": [ 9.5, 6, 7, 4.5 ], "texture": "#wool_colored_light_black" },
        "up":    { "uv": [ 6.5, 4.5, 9, 6 ], "texture": "#wool_colored_light_black" },
        "north": { "uv": [ 7, 4.5, 9.5, 5 ], "texture": "#wool_colored_light_black" },
        "south": { "uv": [ 6.5, 4.5, 9, 5 ], "texture": "#wool_colored_light_black" },
        "west":  { "uv": [ 4.5, 4.5, 6, 5 ], "texture": "#wool_colored_light_black" },
        "east":  { "uv": [ 10, 4.5, 11.5, 5 ], "texture": "#wool_colored_light_black" }
    }
},
{
    "__comment": "Grenade",
    "from": [ 6.5, 12, 4.5 ],
    "to": [ 9.5, 12.5, 9 ],
    "faces": {
        "down":  { "uv": [ 9.5, 9, 6.5, 4.5 ], "texture": "#wool_colored_light_black" },
        "up":    { "uv": [ 6.5, 4.5, 9.5, 9 ], "texture": "#wool_colored_light_black" },
        "north": { "uv": [ 6.5, 3.5, 9.5, 4 ], "texture": "#wool_colored_light_black" },
        "south": { "uv": [ 6.5, 3.5, 9.5, 4 ], "texture": "#wool_colored_light_black" },
        "west":  { "uv": [ 4.5, 3.5, 9, 4 ], "texture": "#wool_colored_light_black" },
        "east":  { "uv": [ 7, 3.5, 11.5, 4 ], "texture": "#wool_colored_light_black" }
    }
},
{
    "__comment": "Grenade",
    "from": [ 6.5, 12.5, 4.5 ],
    "to": [ 9.5, 13.5, 5 ],
    "faces": {
        "down":  { "uv": [ 9.5, 5, 6.5, 4.5 ], "texture": "#wool_colored_light_black" },
        "up":    { "uv": [ 6.5, 4.5, 9.5, 5 ], "texture": "#wool_colored_light_black" },
        "north": { "uv": [ 6.5, 2.5, 9.5, 3.5 ], "texture": "#wool_colored_light_black" },
        "south": { "uv": [ 6.5, 2.5, 9.5, 3.5 ], "texture": "#wool_colored_light_black" },
        "west":  { "uv": [ 4.5, 2.5, 5, 3.5 ], "texture": "#wool_colored_light_black" },
        "east":  { "uv": [ 11, 2.5, 11.5, 3.5 ], "texture": "#wool_colored_light_black" }
    }
},
{
    "__comment": "Grenade",
    "from": [ 6.5, 13.5, 5 ],
    "to": [ 9.5, 14.5, 5.5 ],
    "faces": {
        "down":  { "uv": [ 9.5, 5.5, 6.5, 5 ], "texture": "#wool_colored_light_black" },
        "up":    { "uv": [ 6.5, 5, 9.5, 5.5 ], "texture": "#wool_colored_light_black" },
        "north": { "uv": [ 6.5, 1.5, 9.5, 2.5 ], "texture": "#wool_colored_light_black" },
        "south": { "uv": [ 6.5, 1.5, 9.5, 2.5 ], "texture": "#wool_colored_light_black" },
        "west":  { "uv": [ 5, 1.5, 5.5, 2.5 ], "texture": "#wool_colored_light_black" },
        "east":  { "uv": [ 10.5, 1.5, 11, 2.5 ], "texture": "#wool_colored_light_black" }
    }
},
{
    "__comment": "Grenade",
    "from": [ 6.5, 1, 5.5 ],
    "to": [ 9.5, 1.5, 6 ],
    "faces": {
        "down":  { "uv": [ 9.5, 6, 6.5, 5.5 ], "texture": "#texture" },
        "up":    { "uv": [ 6.5, 5.5, 9.5, 6 ], "texture": "#texture" },
        "north": { "uv": [ 6.5, 14.5, 9.5, 15 ], "texture": "#texture" },
        "south": { "uv": [ 6.5, 14.5, 9.5, 15 ], "texture": "#texture" },
        "west":  { "uv": [ 5.5, 14.5, 6, 15 ], "texture": "#texture" },
        "east":  { "uv": [ 10, 14.5, 10.5, 15 ], "texture": "#texture" }
    }
},
{
    "__comment": "Grenade",
    "from": [ 6.5, 2, 5.5 ],
    "to": [ 9.5, 2.5, 6 ],
    "faces": {
        "down":  { "uv": [ 9.5, 6, 6.5, 5.5 ], "texture": "#texture" },
        "up":    { "uv": [ 6.5, 5.5, 9.5, 6 ], "texture": "#texture" },
        "north": { "uv": [ 6.5, 13.5, 9.5, 14 ], "texture": "#texture" },
        "south": { "uv": [ 6.5, 13.5, 9.5, 14 ], "texture": "#texture" },
        "west":  { "uv": [ 5.5, 13.5, 6, 14 ], "texture": "#texture" },
        "east":  { "uv": [ 10, 13.5, 10.5, 14 ], "texture": "#texture" }
    }
},
{
    "__comment": "Grenade",
    "from": [ 6.5, 8.5, 5.5 ],
    "to": [ 9.5, 10, 6 ],
    "faces": {
        "down":  { "uv": [ 9.5, 6, 6.5, 5.5 ], "texture": "#texture" },
        "up":    { "uv": [ 6.5, 5.5, 9.5, 6 ], "texture": "#texture" },
        "north": { "uv": [ 6.5, 6, 9.5, 7.5 ], "texture": "#texture" },
        "south": { "uv": [ 6.5, 6, 9.5, 7.5 ], "texture": "#texture" },
        "west":  { "uv": [ 5.5, 6, 6, 7.5 ], "texture": "#texture" },
        "east":  { "uv": [ 10, 6, 10.5, 7.5 ], "texture": "#texture" }
    }
},
{
    "__comment": "Grenade",
    "from": [ 6.5, 12.5, 5.5 ],
    "to": [ 9.5, 13, 8.5 ],
    "faces": {
        "down":  { "uv": [ 9.5, 8.5, 6.5, 5.5 ], "texture": "#wool_colored_light_black" },
        "up":    { "uv": [ 6.5, 5.5, 9.5, 8.5 ], "texture": "#wool_colored_light_black" },
        "north": { "uv": [ 6.5, 3, 9.5, 3.5 ], "texture": "#wool_colored_light_black" },
        "south": { "uv": [ 6.5, 3, 9.5, 3.5 ], "texture": "#wool_colored_light_black" },
        "west":  { "uv": [ 5.5, 3, 8.5, 3.5 ], "texture": "#wool_colored_light_black" },
        "east":  { "uv": [ 7.5, 3, 10.5, 3.5 ], "texture": "#wool_colored_light_black" }
    }
},
{
    "__comment": "Grenade",
    "from": [ 6.5, 14, 5.5 ],
    "to": [ 9.5, 16, 10.5 ],
    "faces": {
        "down":  { "uv": [ 9.5, 10.5, 6.5, 5.5 ], "texture": "#wool_colored_light_black" },
        "up":    { "uv": [ 6.5, 5.5, 9.5, 10.5 ], "texture": "#wool_colored_light_black" },
        "north": { "uv": [ 6.5, 0, 9.5, 2 ], "texture": "#wool_colored_light_black" },
        "south": { "uv": [ 6.5, 0, 9.5, 2 ], "texture": "#wool_colored_light_black" },
        "west":  { "uv": [ 5.5, 0, 10.5, 2 ], "texture": "#wool_colored_light_black" },
        "east":  { "uv": [ 5.5, 0, 10.5, 2 ], "texture": "#wool_colored_light_black" }
    }
},
{
    "__comment": "Grenade",
    "from": [ 6.5, 0.5, 6 ],
    "to": [ 9.5, 1, 6.5 ],
    "faces": {
        "down":  { "uv": [ 9.5, 6.5, 6.5, 6 ], "texture": "#texture" },
        "up":    { "uv": [ 6.5, 6, 9.5, 6.5 ], "texture": "#texture" },
        "north": { "uv": [ 6.5, 15, 9.5, 15.5 ], "texture": "#texture" },
        "south": { "uv": [ 6.5, 15, 9.5, 15.5 ], "texture": "#texture" },
        "west":  { "uv": [ 6, 15, 6.5, 15.5 ], "texture": "#texture" },
        "east":  { "uv": [ 9.5, 15, 10, 15.5 ], "texture": "#texture" }
    }
},
{
    "__comment": "Grenade",
    "from": [ 6.5, 10, 6 ],
    "to": [ 9.5, 11, 7 ],
    "faces": {
        "down":  { "uv": [ 9.5, 7, 6.5, 6 ], "texture": "#texture" },
        "up":    { "uv": [ 6.5, 6, 9.5, 7 ], "texture": "#texture" },
        "north": { "uv": [ 6.5, 5, 9.5, 6 ], "texture": "#texture" },
        "south": { "uv": [ 6.5, 5, 9.5, 6 ], "texture": "#texture" },
        "west":  { "uv": [ 6, 5, 7, 6 ], "texture": "#texture" },
        "east":  { "uv": [ 9, 5, 10, 6 ], "texture": "#texture" }
    }
},
{
    "__comment": "Grenade",
    "from": [ 6.5, 13, 6 ],
    "to": [ 9.5, 13.5, 8.5 ],
    "faces": {
        "down":  { "uv": [ 9.5, 8.5, 6.5, 6 ], "texture": "#wool_colored_light_black" },
        "up":    { "uv": [ 6.5, 6, 9.5, 8.5 ], "texture": "#wool_colored_light_black" },
        "north": { "uv": [ 6.5, 2.5, 9.5, 3 ], "texture": "#wool_colored_light_black" },
        "south": { "uv": [ 6.5, 2.5, 9.5, 3 ], "texture": "#wool_colored_light_black" },
        "west":  { "uv": [ 6, 2.5, 8.5, 3 ], "texture": "#wool_colored_light_black" },
        "east":  { "uv": [ 7.5, 2.5, 10, 3 ], "texture": "#wool_colored_light_black" }
    }
},
{
    "__comment": "Grenade",
    "from": [ 6.5, 13.5, 6 ],
    "to": [ 9.5, 14, 8 ],
    "faces": {
        "down":  { "uv": [ 9.5, 8, 6.5, 6 ], "texture": "#wool_colored_light_black" },
        "up":    { "uv": [ 6.5, 6, 9.5, 8 ], "texture": "#wool_colored_light_black" },
        "north": { "uv": [ 6.5, 2, 9.5, 2.5 ], "texture": "#wool_colored_light_black" },
        "south": { "uv": [ 6.5, 2, 9.5, 2.5 ], "texture": "#wool_colored_light_black" },
        "west":  { "uv": [ 6, 2, 8, 2.5 ], "texture": "#wool_colored_light_black" },
        "east":  { "uv": [ 8, 2, 10, 2.5 ], "texture": "#wool_colored_light_black" }
    }
},
{
    "__comment": "Grenade",
    "from": [ 6.5, 0, 6.5 ],
    "to": [ 9.5, 0.5, 7 ],
    "faces": {
        "down":  { "uv": [ 9.5, 7, 6.5, 6.5 ], "texture": "#texture" },
        "up":    { "uv": [ 6.5, 6.5, 9.5, 7 ], "texture": "#texture" },
        "north": { "uv": [ 6.5, 15.5, 9.5, 16 ], "texture": "#texture" },
        "south": { "uv": [ 6.5, 15.5, 9.5, 16 ], "texture": "#texture" },
        "west":  { "uv": [ 6.5, 15.5, 7, 16 ], "texture": "#texture" },
        "east":  { "uv": [ 9, 15.5, 9.5, 16 ], "texture": "#texture" }
    }
},
{
    "__comment": "Grenade",
    "from": [ 6.5, 11, 7.5 ],
    "to": [ 9.5, 11.5, 9.5 ],
    "faces": {
        "down":  { "uv": [ 9.5, 9.5, 6.5, 7.5 ], "texture": "#texture" },
        "up":    { "uv": [ 6.5, 7.5, 9.5, 9.5 ], "texture": "#texture" },
        "north": { "uv": [ 6.5, 4.5, 9.5, 5 ], "texture": "#texture" },
        "south": { "uv": [ 6.5, 4.5, 9.5, 5 ], "texture": "#texture" },
        "west":  { "uv": [ 7.5, 4.5, 9.5, 5 ], "texture": "#texture" },
        "east":  { "uv": [ 6.5, 4.5, 8.5, 5 ], "texture": "#texture" }
    }
},
{
    "__comment": "Grenade",
    "from": [ 6.5, 13.5, 8.5 ],
    "to": [ 9.5, 14, 10.5 ],
    "faces": {
        "down":  { "uv": [ 9.5, 10.5, 6.5, 8.5 ], "texture": "#wool_colored_light_black" },
        "up":    { "uv": [ 6.5, 8.5, 9.5, 10.5 ], "texture": "#wool_colored_light_black" },
        "north": { "uv": [ 6.5, 2, 9.5, 2.5 ], "texture": "#wool_colored_light_black" },
        "south": { "uv": [ 6.5, 2, 9.5, 2.5 ], "texture": "#wool_colored_light_black" },
        "west":  { "uv": [ 8.5, 2, 10.5, 2.5 ], "texture": "#wool_colored_light_black" },
        "east":  { "uv": [ 5.5, 2, 7.5, 2.5 ], "texture": "#wool_colored_light_black" }
    }
},
{
    "__comment": "Grenade",
    "from": [ 6.5, 12.5, 9 ],
    "to": [ 9.5, 13.5, 10.5 ],
    "faces": {
        "down":  { "uv": [ 9.5, 10.5, 6.5, 9 ], "texture": "#wool_colored_light_black" },
        "up":    { "uv": [ 6.5, 9, 9.5, 10.5 ], "texture": "#wool_colored_light_black" },
        "north": { "uv": [ 6.5, 2.5, 9.5, 3.5 ], "texture": "#wool_colored_light_black" },
        "south": { "uv": [ 6.5, 2.5, 9.5, 3.5 ], "texture": "#wool_colored_light_black" },
        "west":  { "uv": [ 9, 2.5, 10.5, 3.5 ], "texture": "#wool_colored_light_black" },
        "east":  { "uv": [ 5.5, 2.5, 7, 3.5 ], "texture": "#wool_colored_light_black" }
    }
},
{
    "__comment": "Grenade",
    "from": [ 6.5, 12, 9.5 ],
    "to": [ 9.5, 12.5, 10.5 ],
    "faces": {
        "down":  { "uv": [ 9.5, 10.5, 6.5, 9.5 ], "texture": "#wool_colored_light_black" },
        "up":    { "uv": [ 6.5, 9.5, 9.5, 10.5 ], "texture": "#wool_colored_light_black" },
        "north": { "uv": [ 6.5, 3.5, 9.5, 4 ], "texture": "#wool_colored_light_black" },
        "south": { "uv": [ 6.5, 3.5, 9.5, 4 ], "texture": "#wool_colored_light_black" },
        "west":  { "uv": [ 9.5, 3.5, 10.5, 4 ], "texture": "#wool_colored_light_black" },
        "east":  { "uv": [ 5.5, 3.5, 6.5, 4 ], "texture": "#wool_colored_light_black" }
    }
},
{
    "__comment": "Grenade",
    "from": [ 6.5, 0, 10 ],
    "to": [ 9.5, 1, 10.5 ],
    "faces": {
        "down":  { "uv": [ 9.5, 10.5, 6.5, 10 ], "texture": "#texture" },
        "up":    { "uv": [ 6.5, 10, 9.5, 10.5 ], "texture": "#texture" },
        "north": { "uv": [ 6.5, 15, 9.5, 16 ], "texture": "#texture" },
        "south": { "uv": [ 6.5, 15, 9.5, 16 ], "texture": "#texture" },
        "west":  { "uv": [ 10, 15, 10.5, 16 ], "texture": "#texture" },
        "east":  { "uv": [ 5.5, 15, 6, 16 ], "texture": "#texture" }
    }
},
{
    "__comment": "Grenade",
    "from": [ 6.5, 10, 10 ],
    "to": [ 9.5, 11, 11 ],
    "faces": {
        "down":  { "uv": [ 9.5, 11, 6.5, 10 ], "texture": "#texture" },
        "up":    { "uv": [ 6.5, 10, 9.5, 11 ], "texture": "#texture" },
        "north": { "uv": [ 6.5, 5, 9.5, 6 ], "texture": "#texture" },
        "south": { "uv": [ 6.5, 5, 9.5, 6 ], "texture": "#texture" },
        "west":  { "uv": [ 10, 5, 11, 6 ], "texture": "#texture" },
        "east":  { "uv": [ 5, 5, 6, 6 ], "texture": "#texture" }
    }
},
{
    "__comment": "Grenade",
    "from": [ 6.5, 0.5, 10.5 ],
    "to": [ 9.5, 1, 11 ],
    "faces": {
        "down":  { "uv": [ 9.5, 11, 6.5, 10.5 ], "texture": "#texture" },
        "up":    { "uv": [ 6.5, 10.5, 9.5, 11 ], "texture": "#texture" },
        "north": { "uv": [ 6.5, 15, 9.5, 15.5 ], "texture": "#texture" },
        "south": { "uv": [ 6.5, 15, 9.5, 15.5 ], "texture": "#texture" },
        "west":  { "uv": [ 10.5, 15, 11, 15.5 ], "texture": "#texture" },
        "east":  { "uv": [ 5, 15, 5.5, 15.5 ], "texture": "#texture" }
    }
},
{
    "__comment": "Grenade",
    "from": [ 6.5, 1, 11 ],
    "to": [ 9.5, 2.5, 11.5 ],
    "faces": {
        "down":  { "uv": [ 9.5, 11.5, 6.5, 11 ], "texture": "#texture" },
        "up":    { "uv": [ 6.5, 11, 9.5, 11.5 ], "texture": "#texture" },
        "north": { "uv": [ 6.5, 13.5, 9.5, 15 ], "texture": "#texture" },
        "south": { "uv": [ 6.5, 13.5, 9.5, 15 ], "texture": "#texture" },
        "west":  { "uv": [ 11, 13.5, 11.5, 15 ], "texture": "#texture" },
        "east":  { "uv": [ 4.5, 13.5, 5, 15 ], "texture": "#texture" }
    }
},
{
    "__comment": "Grenade",
    "from": [ 6.5, 8.5, 11 ],
    "to": [ 9.5, 10, 11.5 ],
    "faces": {
        "down":  { "uv": [ 9.5, 11.5, 6.5, 11 ], "texture": "#texture" },
        "up":    { "uv": [ 6.5, 11, 9.5, 11.5 ], "texture": "#texture" },
        "north": { "uv": [ 6.5, 6, 9.5, 7.5 ], "texture": "#texture" },
        "south": { "uv": [ 6.5, 6, 9.5, 7.5 ], "texture": "#texture" },
        "west":  { "uv": [ 11, 6, 11.5, 7.5 ], "texture": "#texture" },
        "east":  { "uv": [ 4.5, 6, 5, 7.5 ], "texture": "#texture" }
    }
},
{
    "__comment": "Grenade",
    "from": [ 7, 8.5, 3.5 ],
    "to": [ 9, 10, 5 ],
    "faces": {
        "down":  { "uv": [ 9, 5, 7, 3.5 ], "texture": "#wool_colored_light_black" },
        "up":    { "uv": [ 7, 3.5, 9, 5 ], "texture": "#wool_colored_light_black" },
        "north": { "uv": [ 7, 6, 9, 7.5 ], "texture": "#wool_colored_light_black" },
        "south": { "uv": [ 7, 6, 9, 7.5 ], "texture": "#wool_colored_light_black" },
        "west":  { "uv": [ 3.5, 6, 5, 7.5 ], "texture": "#wool_colored_light_black" },
        "east":  { "uv": [ 11, 6, 12.5, 7.5 ], "texture": "#wool_colored_light_black" }
    }
},
{
    "__comment": "Grenade",
    "from": [ 7, 10, 4 ],
    "to": [ 9, 10.5, 6 ],
    "faces": {
        "down":  { "uv": [ 9, 6, 7, 4 ], "texture": "#wool_colored_light_black" },
        "up":    { "uv": [ 7, 4, 9, 6 ], "texture": "#wool_colored_light_black" },
        "north": { "uv": [ 7, 5.5, 9, 6 ], "texture": "#wool_colored_light_black" },
        "south": { "uv": [ 7, 5.5, 9, 6 ], "texture": "#wool_colored_light_black" },
        "west":  { "uv": [ 4, 5.5, 6, 6 ], "texture": "#wool_colored_light_black" },
        "east":  { "uv": [ 10, 5.5, 12, 6 ], "texture": "#wool_colored_light_black" }
    }
},
{
    "__comment": "Grenade",
    "from": [ 7, 10.5, 4 ],
    "to": [ 9, 11, 5.5 ],
    "faces": {
        "down":  { "uv": [ 9, 5.5, 7, 4 ], "texture": "#wool_colored_light_black" },
        "up":    { "uv": [ 7, 4, 9, 5.5 ], "texture": "#wool_colored_light_black" },
        "north": { "uv": [ 7, 5, 9, 5.5 ], "texture": "#wool_colored_light_black" },
        "south": { "uv": [ 7, 5, 9, 5.5 ], "texture": "#wool_colored_light_black" },
        "west":  { "uv": [ 4, 5, 5.5, 5.5 ], "texture": "#wool_colored_light_black" },
        "east":  { "uv": [ 10.5, 5, 12, 5.5 ], "texture": "#wool_colored_light_black" }
    }
},
{
    "__comment": "Grenade",
    "from": [ 7, 11, 4 ],
    "to": [ 9, 11.5, 4.5 ],
    "faces": {
        "down":  { "uv": [ 9, 4.5, 7, 4 ], "texture": "#wool_colored_light_black" },
        "up":    { "uv": [ 7, 4, 9, 4.5 ], "texture": "#wool_colored_light_black" },
        "north": { "uv": [ 7, 4.5, 9, 5 ], "texture": "#wool_colored_light_black" },
        "south": { "uv": [ 7, 4.5, 9, 5 ], "texture": "#wool_colored_light_black" },
        "west":  { "uv": [ 4, 4.5, 4.5, 5 ], "texture": "#wool_colored_light_black" },
        "east":  { "uv": [ 11.5, 4.5, 12, 5 ], "texture": "#wool_colored_light_black" }
    }
},
{
    "__comment": "Grenade",
    "from": [ 7, 3, 4.5 ],
    "to": [ 9, 4.5, 5 ],
    "faces": {
        "down":  { "uv": [ 9, 5, 7, 4.5 ], "texture": "#texture" },
        "up":    { "uv": [ 7, 4.5, 9, 5 ], "texture": "#texture" },
        "north": { "uv": [ 7, 11.5, 9, 13 ], "texture": "#texture" },
        "south": { "uv": [ 7, 11.5, 9, 13 ], "texture": "#texture" },
        "west":  { "uv": [ 4.5, 11.5, 5, 13 ], "texture": "#texture" },
        "east":  { "uv": [ 11, 11.5, 11.5, 13 ], "texture": "#texture" }
    }
},
{
    "__comment": "Grenade",
    "from": [ 7, 5, 4.5 ],
    "to": [ 9, 5.5, 5 ],
    "faces": {
        "down":  { "uv": [ 9, 5, 7, 4.5 ], "texture": "#texture" },
        "up":    { "uv": [ 7, 4.5, 9, 5 ], "texture": "#texture" },
        "north": { "uv": [ 7, 10.5, 9, 11 ], "texture": "#texture" },
        "south": { "uv": [ 7, 10.5, 9, 11 ], "texture": "#texture" },
        "west":  { "uv": [ 4.5, 10.5, 5, 11 ], "texture": "#texture" },
        "east":  { "uv": [ 11, 10.5, 11.5, 11 ], "texture": "#texture" }
    }
},
{
    "__comment": "Grenade",
    "from": [ 7, 6.5, 4.5 ],
    "to": [ 9, 8, 5 ],
    "faces": {
        "down":  { "uv": [ 9, 5, 7, 4.5 ], "texture": "#texture" },
        "up":    { "uv": [ 7, 4.5, 9, 5 ], "texture": "#texture" },
        "north": { "uv": [ 7, 8, 9, 9.5 ], "texture": "#texture" },
        "south": { "uv": [ 7, 8, 9, 9.5 ], "texture": "#texture" },
        "west":  { "uv": [ 4.5, 8, 5, 9.5 ], "texture": "#texture" },
        "east":  { "uv": [ 11, 8, 11.5, 9.5 ], "texture": "#texture" }
    }
},
{
    "__comment": "Grenade",
    "from": [ 7, 2.5, 5 ],
    "to": [ 9, 3, 5.5 ],
    "faces": {
        "down":  { "uv": [ 9, 5.5, 7, 5 ], "texture": "#texture" },
        "up":    { "uv": [ 7, 5, 9, 5.5 ], "texture": "#texture" },
        "north": { "uv": [ 7, 13, 9, 13.5 ], "texture": "#texture" },
        "south": { "uv": [ 7, 13, 9, 13.5 ], "texture": "#texture" },
        "west":  { "uv": [ 5, 13, 5.5, 13.5 ], "texture": "#texture" },
        "east":  { "uv": [ 10.5, 13, 11, 13.5 ], "texture": "#texture" }
    }
},
{
    "__comment": "Grenade",
    "from": [ 7, 9.5, 5 ],
    "to": [ 9, 10, 5.5 ],
    "faces": {
        "down":  { "uv": [ 9, 5.5, 7, 5 ], "texture": "#wool_colored_light_black" },
        "up":    { "uv": [ 7, 5, 9, 5.5 ], "texture": "#wool_colored_light_black" },
        "north": { "uv": [ 7, 6, 9, 6.5 ], "texture": "#wool_colored_light_black" },
        "south": { "uv": [ 7, 6, 9, 6.5 ], "texture": "#wool_colored_light_black" },
        "west":  { "uv": [ 5, 6, 5.5, 6.5 ], "texture": "#wool_colored_light_black" },
        "east":  { "uv": [ 10.5, 6, 11, 6.5 ], "texture": "#wool_colored_light_black" }
    }
},
{
    "__comment": "Grenade",
    "from": [ 7, 0.5, 5.5 ],
    "to": [ 9, 1, 6 ],
    "faces": {
        "down":  { "uv": [ 9, 6, 7, 5.5 ], "texture": "#texture" },
        "up":    { "uv": [ 7, 5.5, 9, 6 ], "texture": "#texture" },
        "north": { "uv": [ 7, 15, 9, 15.5 ], "texture": "#texture" },
        "south": { "uv": [ 7, 15, 9, 15.5 ], "texture": "#texture" },
        "west":  { "uv": [ 5.5, 15, 6, 15.5 ], "texture": "#texture" },
        "east":  { "uv": [ 10, 15, 10.5, 15.5 ], "texture": "#texture" }
    }
},
{
    "__comment": "Grenade",
    "from": [ 7, 0, 6 ],
    "to": [ 9, 0.5, 6.5 ],
    "faces": {
        "down":  { "uv": [ 9, 6.5, 7, 6 ], "texture": "#texture" },
        "up":    { "uv": [ 7, 6, 9, 6.5 ], "texture": "#texture" },
        "north": { "uv": [ 7, 15.5, 9, 16 ], "texture": "#texture" },
        "south": { "uv": [ 7, 15.5, 9, 16 ], "texture": "#texture" },
        "west":  { "uv": [ 6, 15.5, 6.5, 16 ], "texture": "#texture" },
        "east":  { "uv": [ 9.5, 15.5, 10, 16 ], "texture": "#texture" }
    }
},
{
    "__comment": "Grenade",
    "from": [ 7, 11, 7 ],
    "to": [ 9, 11.5, 7.5 ],
    "faces": {
        "down":  { "uv": [ 9, 7.5, 7, 7 ], "texture": "#wool_colored_light_black" },
        "up":    { "uv": [ 7, 7, 9, 7.5 ], "texture": "#wool_colored_light_black" },
        "north": { "uv": [ 7, 4.5, 9, 5 ], "texture": "#wool_colored_light_black" },
        "south": { "uv": [ 7, 4.5, 9, 5 ], "texture": "#wool_colored_light_black" },
        "west":  { "uv": [ 7, 4.5, 7.5, 5 ], "texture": "#wool_colored_light_black" },
        "east":  { "uv": [ 8.5, 4.5, 9, 5 ], "texture": "#wool_colored_light_black" }
    }
},
{
    "__comment": "Grenade",
    "from": [ 7, 11, 9.5 ],
    "to": [ 9, 11.5, 10 ],
    "faces": {
        "down":  { "uv": [ 9, 10, 7, 9.5 ], "texture": "#wool_colored_light_black" },
        "up":    { "uv": [ 7, 9.5, 9, 10 ], "texture": "#wool_colored_light_black" },
        "north": { "uv": [ 7, 4.5, 9, 5 ], "texture": "#wool_colored_light_black" },
        "south": { "uv": [ 7, 4.5, 9, 5 ], "texture": "#wool_colored_light_black" },
        "west":  { "uv": [ 9.5, 4.5, 10, 5 ], "texture": "#wool_colored_light_black" },
        "east":  { "uv": [ 6, 4.5, 6.5, 5 ], "texture": "#wool_colored_light_black" }
    }
},
{
    "__comment": "Grenade",
    "from": [ 7, 0, 10.5 ],
    "to": [ 9, 0.5, 11 ],
    "faces": {
        "down":  { "uv": [ 9, 11, 7, 10.5 ], "texture": "#texture" },
        "up":    { "uv": [ 7, 10.5, 9, 11 ], "texture": "#texture" },
        "north": { "uv": [ 7, 15.5, 9, 16 ], "texture": "#texture" },
        "south": { "uv": [ 7, 15.5, 9, 16 ], "texture": "#texture" },
        "west":  { "uv": [ 10.5, 15.5, 11, 16 ], "texture": "#texture" },
        "east":  { "uv": [ 5, 15.5, 5.5, 16 ], "texture": "#texture" }
    }
},
{
    "__comment": "Grenade",
    "from": [ 7, 10, 11 ],
    "to": [ 8, 10.5, 11.5 ],
    "faces": {
        "down":  { "uv": [ 9, 11.5, 8, 11 ], "texture": "#texture" },
        "up":    { "uv": [ 7, 11, 8, 11.5 ], "texture": "#texture" },
        "north": { "uv": [ 8, 5.5, 9, 6 ], "texture": "#texture" },
        "south": { "uv": [ 7, 5.5, 8, 6 ], "texture": "#texture" },
        "west":  { "uv": [ 11, 5.5, 11.5, 6 ], "texture": "#texture" },
        "east":  { "uv": [ 4.5, 5.5, 5, 6 ], "texture": "#texture" }
    }
},
{
    "__comment": "Grenade",
    "from": [ 7, 2.5, 11.5 ],
    "to": [ 9, 3, 12 ],
    "faces": {
        "down":  { "uv": [ 9, 12, 7, 11.5 ], "texture": "#texture" },
        "up":    { "uv": [ 7, 11.5, 9, 12 ], "texture": "#texture" },
        "north": { "uv": [ 7, 13, 9, 13.5 ], "texture": "#texture" },
        "south": { "uv": [ 7, 13, 9, 13.5 ], "texture": "#texture" },
        "west":  { "uv": [ 11.5, 13, 12, 13.5 ], "texture": "#texture" },
        "east":  { "uv": [ 4, 13, 4.5, 13.5 ], "texture": "#texture" }
    }
},
{
    "__comment": "Grenade",
    "from": [ 7, 3.5, 12 ],
    "to": [ 9, 5.5, 12.5 ],
    "faces": {
        "down":  { "uv": [ 9, 12.5, 7, 12 ], "texture": "#texture" },
        "up":    { "uv": [ 7, 12, 9, 12.5 ], "texture": "#texture" },
        "north": { "uv": [ 7, 10.5, 9, 12.5 ], "texture": "#texture" },
        "south": { "uv": [ 7, 10.5, 9, 12.5 ], "texture": "#texture" },
        "west":  { "uv": [ 12, 10.5, 12.5, 12.5 ], "texture": "#texture" },
        "east":  { "uv": [ 3.5, 10.5, 4, 12.5 ], "texture": "#texture" }
    }
},
{
    "__comment": "Grenade",
    "from": [ 7, 6, 12 ],
    "to": [ 9, 8, 12.5 ],
    "faces": {
        "down":  { "uv": [ 9, 12.5, 7, 12 ], "texture": "#texture" },
        "up":    { "uv": [ 7, 12, 9, 12.5 ], "texture": "#texture" },
        "north": { "uv": [ 7, 8, 9, 10 ], "texture": "#texture" },
        "south": { "uv": [ 7, 8, 9, 10 ], "texture": "#texture" },
        "west":  { "uv": [ 12, 8, 12.5, 10 ], "texture": "#texture" },
        "east":  { "uv": [ 3.5, 8, 4, 10 ], "texture": "#texture" }
    }
},
{
    "__comment": "Grenade",
    "from": [ 7.5, 5.5, 3.5 ],
    "to": [ 8.5, 6, 5 ],
    "faces": {
        "down":  { "uv": [ 8.5, 5, 7.5, 3.5 ], "texture": "#wool_colored_light_black" },
        "up":    { "uv": [ 7.5, 3.5, 8.5, 5 ], "texture": "#wool_colored_light_black" },
        "north": { "uv": [ 7.5, 10, 8.5, 10.5 ], "texture": "#wool_colored_light_black" },
        "south": { "uv": [ 7.5, 10, 8.5, 10.5 ], "texture": "#wool_colored_light_black" },
        "west":  { "uv": [ 3.5, 10, 5, 10.5 ], "texture": "#wool_colored_light_black" },
        "east":  { "uv": [ 11, 10, 12.5, 10.5 ], "texture": "#wool_colored_light_black" }
    }
},
{
    "__comment": "Grenade",
    "from": [ 7.5, 6, 3.5 ],
    "to": [ 8.5, 8.5, 4.5 ],
    "faces": {
        "down":  { "uv": [ 8.5, 4.5, 7.5, 3.5 ], "texture": "#wool_colored_light_black" },
        "up":    { "uv": [ 7.5, 3.5, 8.5, 4.5 ], "texture": "#wool_colored_light_black" },
        "north": { "uv": [ 7.5, 7.5, 8.5, 10 ], "texture": "#wool_colored_light_black" },
        "south": { "uv": [ 7.5, 7.5, 8.5, 10 ], "texture": "#wool_colored_light_black" },
        "west":  { "uv": [ 3.5, 7.5, 4.5, 10 ], "texture": "#wool_colored_light_black" },
        "east":  { "uv": [ 11.5, 7.5, 12.5, 10 ], "texture": "#wool_colored_light_black" }
    }
},
{
    "__comment": "Grenade",
    "from": [ 7.5, 8, 4.5 ],
    "to": [ 8.5, 8.5, 5 ],
    "faces": {
        "down":  { "uv": [ 8.5, 5, 7.5, 4.5 ], "texture": "#texture" },
        "up":    { "uv": [ 7.5, 4.5, 8.5, 5 ], "texture": "#texture" },
        "north": { "uv": [ 7.5, 7.5, 8.5, 8 ], "texture": "#texture" },
        "south": { "uv": [ 7.5, 7.5, 8.5, 8 ], "texture": "#texture" },
        "west":  { "uv": [ 4.5, 7.5, 5, 8 ], "texture": "#texture" },
        "east":  { "uv": [ 11, 7.5, 11.5, 8 ], "texture": "#texture" }
    }
},
{
    "__comment": "Grenade",
    "from": [ 7.5, 2, 5 ],
    "to": [ 8.5, 2.5, 5.5 ],
    "faces": {
        "down":  { "uv": [ 8.5, 5.5, 7.5, 5 ], "texture": "#texture" },
        "up":    { "uv": [ 7.5, 5, 8.5, 5.5 ], "texture": "#texture" },
        "north": { "uv": [ 7.5, 13.5, 8.5, 14 ], "texture": "#texture" },
        "south": { "uv": [ 7.5, 13.5, 8.5, 14 ], "texture": "#texture" },
        "west":  { "uv": [ 5, 13.5, 5.5, 14 ], "texture": "#texture" },
        "east":  { "uv": [ 10.5, 13.5, 11, 14 ], "texture": "#texture" }
    }
},
{
    "__comment": "Grenade",
    "from": [ 7.5, 8.5, 5 ],
    "to": [ 8.5, 9.5, 5.5 ],
    "faces": {
        "down":  { "uv": [ 8.5, 5.5, 7.5, 5 ], "texture": "#texture" },
        "up":    { "uv": [ 7.5, 5, 8.5, 5.5 ], "texture": "#texture" },
        "north": { "uv": [ 7.5, 6.5, 8.5, 7.5 ], "texture": "#texture" },
        "south": { "uv": [ 7.5, 6.5, 8.5, 7.5 ], "texture": "#texture" },
        "west":  { "uv": [ 5, 6.5, 5.5, 7.5 ], "texture": "#texture" },
        "east":  { "uv": [ 10.5, 6.5, 11, 7.5 ], "texture": "#texture" }
    }
},
{
    "__comment": "Grenade",
    "from": [ 7.5, 0.5, 11 ],
    "to": [ 8, 1, 11.5 ],
    "faces": {
        "down":  { "uv": [ 8.5, 11.5, 8, 11 ], "texture": "#texture" },
        "up":    { "uv": [ 7.5, 11, 8, 11.5 ], "texture": "#texture" },
        "north": { "uv": [ 8, 15, 8.5, 15.5 ], "texture": "#texture" },
        "south": { "uv": [ 7.5, 15, 8, 15.5 ], "texture": "#texture" },
        "west":  { "uv": [ 11, 15, 11.5, 15.5 ], "texture": "#texture" },
        "east":  { "uv": [ 4.5, 15, 5, 15.5 ], "texture": "#texture" }
    }
},
{
    "__comment": "Grenade",
    "from": [ 7.5, 3, 12 ],
    "to": [ 8, 3.5, 12.5 ],
    "faces": {
        "down":  { "uv": [ 8.5, 12.5, 8, 12 ], "texture": "#texture" },
        "up":    { "uv": [ 7.5, 12, 8, 12.5 ], "texture": "#texture" },
        "north": { "uv": [ 8, 12.5, 8.5, 13 ], "texture": "#texture" },
        "south": { "uv": [ 7.5, 12.5, 8, 13 ], "texture": "#texture" },
        "west":  { "uv": [ 12, 12.5, 12.5, 13 ], "texture": "#texture" },
        "east":  { "uv": [ 3.5, 12.5, 4, 13 ], "texture": "#texture" }
    }
},
{
    "__comment": "Grenade",
    "from": [ 7.5, 5.5, 12 ],
    "to": [ 8.5, 6, 12.5 ],
    "faces": {
        "down":  { "uv": [ 8.5, 12.5, 7.5, 12 ], "texture": "#texture" },
        "up":    { "uv": [ 7.5, 12, 8.5, 12.5 ], "texture": "#texture" },
        "north": { "uv": [ 7.5, 10, 8.5, 10.5 ], "texture": "#texture" },
        "south": { "uv": [ 7.5, 10, 8.5, 10.5 ], "texture": "#texture" },
        "west":  { "uv": [ 12, 10, 12.5, 10.5 ], "texture": "#texture" },
        "east":  { "uv": [ 3.5, 10, 4, 10.5 ], "texture": "#texture" }
    }
},
{
    "__comment": "Grenade",
    "from": [ 8.5, 14.5, 5 ],
    "to": [ 9.5, 15, 5.5 ],
    "faces": {
        "down":  { "uv": [ 7.5, 5.5, 6.5, 5 ], "texture": "#wool_colored_light_black" },
        "up":    { "uv": [ 8.5, 5, 9.5, 5.5 ], "texture": "#wool_colored_light_black" },
        "north": { "uv": [ 6.5, 1, 7.5, 1.5 ], "texture": "#wool_colored_light_black" },
        "south": { "uv": [ 8.5, 1, 9.5, 1.5 ], "texture": "#wool_colored_light_black" },
        "west":  { "uv": [ 5, 1, 5.5, 1.5 ], "texture": "#wool_colored_light_black" },
        "east":  { "uv": [ 10.5, 1, 11, 1.5 ], "texture": "#wool_colored_light_black" }
    }
},
{
    "__comment": "Grenade",
    "from": [ 8.5, 10, 11 ],
    "to": [ 9, 10.5, 11.5 ],
    "faces": {
        "down":  { "uv": [ 7.5, 11.5, 7, 11 ], "texture": "#texture" },
        "up":    { "uv": [ 8.5, 11, 9, 11.5 ], "texture": "#texture" },
        "north": { "uv": [ 7, 5.5, 7.5, 6 ], "texture": "#texture" },
        "south": { "uv": [ 8.5, 5.5, 9, 6 ], "texture": "#texture" },
        "west":  { "uv": [ 11, 5.5, 11.5, 6 ], "texture": "#texture" },
        "east":  { "uv": [ 4.5, 5.5, 5, 6 ], "texture": "#texture" }
    }
},
{
    "__comment": "Grenade",
    "from": [ 8.5, 3, 12 ],
    "to": [ 9, 3.5, 12.5 ],
    "faces": {
        "down":  { "uv": [ 7.5, 12.5, 7, 12 ], "texture": "#texture" },
        "up":    { "uv": [ 8.5, 12, 9, 12.5 ], "texture": "#texture" },
        "north": { "uv": [ 7, 12.5, 7.5, 13 ], "texture": "#texture" },
        "south": { "uv": [ 8.5, 12.5, 9, 13 ], "texture": "#texture" },
        "west":  { "uv": [ 12, 12.5, 12.5, 13 ], "texture": "#texture" },
        "east":  { "uv": [ 3.5, 12.5, 4, 13 ], "texture": "#texture" }
    }
},
{
    "__comment": "Grenade",
    "from": [ 9, 11, 5 ],
    "to": [ 9.5, 11.5, 6 ],
    "faces": {
        "down":  { "uv": [ 7, 6, 6.5, 5 ], "texture": "#wool_colored_light_black" },
        "up":    { "uv": [ 9, 5, 9.5, 6 ], "texture": "#wool_colored_light_black" },
        "north": { "uv": [ 6.5, 4.5, 7, 5 ], "texture": "#wool_colored_light_black" },
        "south": { "uv": [ 9, 4.5, 9.5, 5 ], "texture": "#wool_colored_light_black" },
        "west":  { "uv": [ 5, 4.5, 6, 5 ], "texture": "#wool_colored_light_black" },
        "east":  { "uv": [ 10, 4.5, 11, 5 ], "texture": "#wool_colored_light_black" }
    }
},
{
    "__comment": "Grenade",
    "from": [ 9, 4.5, 12 ],
    "to": [ 9.5, 5, 12.5 ],
    "faces": {
        "down":  { "uv": [ 7, 12.5, 6.5, 12 ], "texture": "#texture" },
        "up":    { "uv": [ 9, 12, 9.5, 12.5 ], "texture": "#texture" },
        "north": { "uv": [ 6.5, 11, 7, 11.5 ], "texture": "#texture" },
        "south": { "uv": [ 9, 11, 9.5, 11.5 ], "texture": "#texture" },
        "west":  { "uv": [ 12, 11, 12.5, 11.5 ], "texture": "#texture" },
        "east":  { "uv": [ 3.5, 11, 4, 11.5 ], "texture": "#texture" }
    }
},
{
    "__comment": "Grenade",
    "from": [ 9, 6, 12 ],
    "to": [ 9.5, 6.5, 12.5 ],
    "faces": {
        "down":  { "uv": [ 7, 12.5, 6.5, 12 ], "texture": "#texture" },
        "up":    { "uv": [ 9, 12, 9.5, 12.5 ], "texture": "#texture" },
        "north": { "uv": [ 6.5, 9.5, 7, 10 ], "texture": "#texture" },
        "south": { "uv": [ 9, 9.5, 9.5, 10 ], "texture": "#texture" },
        "west":  { "uv": [ 12, 9.5, 12.5, 10 ], "texture": "#texture" },
        "east":  { "uv": [ 3.5, 9.5, 4, 10 ], "texture": "#texture" }
    }
},
{
    "__comment": "Grenade",
    "from": [ 9.5, 9, 5.5 ],
    "to": [ 10, 9.5, 6 ],
    "faces": {
        "down":  { "uv": [ 6.5, 6, 6, 5.5 ], "texture": "#texture" },
        "up":    { "uv": [ 9.5, 5.5, 10, 6 ], "texture": "#texture" },
        "north": { "uv": [ 6, 6.5, 6.5, 7 ], "texture": "#texture" },
        "south": { "uv": [ 9.5, 6.5, 10, 7 ], "texture": "#texture" },
        "west":  { "uv": [ 5.5, 6.5, 6, 7 ], "texture": "#texture" },
        "east":  { "uv": [ 10, 6.5, 10.5, 7 ], "texture": "#texture" }
    }
},
{
    "__comment": "Grenade",
    "from": [ 9.5, 0.5, 10 ],
    "to": [ 10, 1, 10.5 ],
    "faces": {
        "down":  { "uv": [ 6.5, 10.5, 6, 10 ], "texture": "#texture" },
        "up":    { "uv": [ 9.5, 10, 10, 10.5 ], "texture": "#texture" },
        "north": { "uv": [ 6, 15, 6.5, 15.5 ], "texture": "#texture" },
        "south": { "uv": [ 9.5, 15, 10, 15.5 ], "texture": "#texture" },
        "west":  { "uv": [ 10, 15, 10.5, 15.5 ], "texture": "#texture" },
        "east":  { "uv": [ 5.5, 15, 6, 15.5 ], "texture": "#texture" }
    }
},
{
    "__comment": "Grenade",
    "from": [ 10, 7, 5 ],
    "to": [ 10.5, 7.5, 5.5 ],
    "faces": {
        "down":  { "uv": [ 6, 5.5, 5.5, 5 ], "texture": "#texture" },
        "up":    { "uv": [ 10, 5, 10.5, 5.5 ], "texture": "#texture" },
        "north": { "uv": [ 5.5, 8.5, 6, 9 ], "texture": "#texture" },
        "south": { "uv": [ 10, 8.5, 10.5, 9 ], "texture": "#texture" },
        "west":  { "uv": [ 5, 8.5, 5.5, 9 ], "texture": "#texture" },
        "east":  { "uv": [ 10.5, 8.5, 11, 9 ], "texture": "#texture" }
    }
},
{
    "__comment": "Grenade",
    "from": [ 10, 2, 10.5 ],
    "to": [ 10.5, 2.5, 11 ],
    "faces": {
        "down":  { "uv": [ 6, 11, 5.5, 10.5 ], "texture": "#texture" },
        "up":    { "uv": [ 10, 10.5, 10.5, 11 ], "texture": "#texture" },
        "north": { "uv": [ 5.5, 13.5, 6, 14 ], "texture": "#texture" },
        "south": { "uv": [ 10, 13.5, 10.5, 14 ], "texture": "#texture" },
        "west":  { "uv": [ 10.5, 13.5, 11, 14 ], "texture": "#texture" },
        "east":  { "uv": [ 5, 13.5, 5.5, 14 ], "texture": "#texture" }
    }
},
{
    "__comment": "Grenade",
    "from": [ 10.5, 2.5, 6.5 ],
    "to": [ 11, 3, 7.5 ],
    "faces": {
        "down":  { "uv": [ 5.5, 7.5, 5, 6.5 ], "texture": "#texture" },
        "up":    { "uv": [ 10.5, 6.5, 11, 7.5 ], "texture": "#texture" },
        "north": { "uv": [ 5, 13, 5.5, 13.5 ], "texture": "#texture" },
        "south": { "uv": [ 10.5, 13, 11, 13.5 ], "texture": "#texture" },
        "west":  { "uv": [ 6.5, 13, 7.5, 13.5 ], "texture": "#texture" },
        "east":  { "uv": [ 8.5, 13, 9.5, 13.5 ], "texture": "#texture" }
    }
},
{
    "__comment": "Grenade",
    "from": [ 10.5, 9, 7 ],
    "to": [ 11, 9.5, 10 ],
    "faces": {
        "down":  { "uv": [ 5.5, 10, 5, 7 ], "texture": "#texture" },
        "up":    { "uv": [ 10.5, 7, 11, 10 ], "texture": "#texture" },
        "north": { "uv": [ 5, 6.5, 5.5, 7 ], "texture": "#texture" },
        "south": { "uv": [ 10.5, 6.5, 11, 7 ], "texture": "#texture" },
        "west":  { "uv": [ 7, 6.5, 10, 7 ], "texture": "#texture" },
        "east":  { "uv": [ 6, 6.5, 9, 7 ], "texture": "#texture" }
    }
},
{
    "__comment": "Grenade",
    "from": [ 10.5, 0.5, 7.5 ],
    "to": [ 11, 1, 8 ],
    "faces": {
        "down":  { "uv": [ 5.5, 8, 5, 7.5 ], "texture": "#texture" },
        "up":    { "uv": [ 10.5, 7.5, 11, 8 ], "texture": "#texture" },
        "north": { "uv": [ 5, 15, 5.5, 15.5 ], "texture": "#texture" },
        "south": { "uv": [ 10.5, 15, 11, 15.5 ], "texture": "#texture" },
        "west":  { "uv": [ 7.5, 15, 8, 15.5 ], "texture": "#texture" },
        "east":  { "uv": [ 8, 15, 8.5, 15.5 ], "texture": "#texture" }
    }
},
{
    "__comment": "Grenade",
    "from": [ 10.5, 10, 7.5 ],
    "to": [ 11, 10.5, 8 ],
    "faces": {
        "down":  { "uv": [ 5.5, 8, 5, 7.5 ], "texture": "#texture" },
        "up":    { "uv": [ 10.5, 7.5, 11, 8 ], "texture": "#texture" },
        "north": { "uv": [ 5, 5.5, 5.5, 6 ], "texture": "#texture" },
        "south": { "uv": [ 10.5, 5.5, 11, 6 ], "texture": "#texture" },
        "west":  { "uv": [ 7.5, 5.5, 8, 6 ], "texture": "#texture" },
        "east":  { "uv": [ 8, 5.5, 8.5, 6 ], "texture": "#texture" }
    }
},
{
    "__comment": "Grenade",
    "from": [ 10.5, 0.5, 8.5 ],
    "to": [ 11, 1, 9 ],
    "faces": {
        "down":  { "uv": [ 5.5, 9, 5, 8.5 ], "texture": "#texture" },
        "up":    { "uv": [ 10.5, 8.5, 11, 9 ], "texture": "#texture" },
        "north": { "uv": [ 5, 15, 5.5, 15.5 ], "texture": "#texture" },
        "south": { "uv": [ 10.5, 15, 11, 15.5 ], "texture": "#texture" },
        "west":  { "uv": [ 8.5, 15, 9, 15.5 ], "texture": "#texture" },
        "east":  { "uv": [ 7, 15, 7.5, 15.5 ], "texture": "#texture" }
    }
},
{
    "__comment": "Grenade",
    "from": [ 10.5, 10, 8.5 ],
    "to": [ 11, 10.5, 9 ],
    "faces": {
        "down":  { "uv": [ 5.5, 9, 5, 8.5 ], "texture": "#texture" },
        "up":    { "uv": [ 10.5, 8.5, 11, 9 ], "texture": "#texture" },
        "north": { "uv": [ 5, 5.5, 5.5, 6 ], "texture": "#texture" },
        "south": { "uv": [ 10.5, 5.5, 11, 6 ], "texture": "#texture" },
        "west":  { "uv": [ 8.5, 5.5, 9, 6 ], "texture": "#texture" },
        "east":  { "uv": [ 7, 5.5, 7.5, 6 ], "texture": "#texture" }
    }
},
{
    "__comment": "Grenade",
    "from": [ 11.5, 6, 7 ],
    "to": [ 12, 6.5, 9.5 ],
    "faces": {
        "down":  { "uv": [ 4.5, 9.5, 4, 7 ], "texture": "#texture" },
        "up":    { "uv": [ 11.5, 7, 12, 9.5 ], "texture": "#texture" },
        "north": { "uv": [ 4, 9.5, 4.5, 10 ], "texture": "#texture" },
        "south": { "uv": [ 11.5, 9.5, 12, 10 ], "texture": "#texture" },
        "west":  { "uv": [ 7, 9.5, 9.5, 10 ], "texture": "#texture" },
        "east":  { "uv": [ 6.5, 9.5, 9, 10 ], "texture": "#texture" }
    }
},
{
    "__comment": "Grenade",
    "from": [ 11.5, 3, 7.5 ],
    "to": [ 12, 3.5, 8 ],
    "faces": {
        "down":  { "uv": [ 4.5, 8, 4, 7.5 ], "texture": "#texture" },
        "up":    { "uv": [ 11.5, 7.5, 12, 8 ], "texture": "#texture" },
        "north": { "uv": [ 4, 12.5, 4.5, 13 ], "texture": "#texture" },
        "south": { "uv": [ 11.5, 12.5, 12, 13 ], "texture": "#texture" },
        "west":  { "uv": [ 7.5, 12.5, 8, 13 ], "texture": "#texture" },
        "east":  { "uv": [ 8, 12.5, 8.5, 13 ], "texture": "#texture" }
    }
},
{
    "__comment": "Grenade",
    "from": [ 11.5, 3, 8.5 ],
    "to": [ 12, 3.5, 9 ],
    "faces": {
        "down":  { "uv": [ 4.5, 9, 4, 8.5 ], "texture": "#texture" },
        "up":    { "uv": [ 11.5, 8.5, 12, 9 ], "texture": "#texture" },
        "north": { "uv": [ 4, 12.5, 4.5, 13 ], "texture": "#texture" },
        "south": { "uv": [ 11.5, 12.5, 12, 13 ], "texture": "#texture" },
        "west":  { "uv": [ 8.5, 12.5, 9, 13 ], "texture": "#texture" },
        "east":  { "uv": [ 7, 12.5, 7.5, 13 ], "texture": "#texture" }
    }
}
],
"display": {
    "thirdperson_righthand": {
        "rotation": [ 0, 90, 0 ],
        "translation": [ -0.19, -1.32, 0 ],
        "scale": [ 0.34, 0.34, 0.34 ]
    },
    "thirdperson_lefthand": {
        "rotation": [ 0, -90, 0 ],
        "translation": [ -0.19, -1.32, 0.19 ],
        "scale": [ 0.34, 0.34, 0.34 ]
    },
    "ground": {
        "rotation": [ 0, 0, 0 ],
        "translation": [ 0, 2, 0 ],
        "scale": [ 0.4, 0.4, 0.4 ]
    },
    "fixed": {
        "rotation": [ 0, 0, 45 ],
        "translation": [ 0, 0, 0 ],
        "scale": [ 1, 1, 1 ]
    },
    "firstperson_righthand": {
        "rotation": [ 0, 90, 0 ],
        "translation": [ 0, -0.19, -2.08 ],
        "scale": [ 0.4, 0.4, 0.4 ]
    },
    "firstperson_lefthand": {
        "rotation": [ 0, -90, 0 ],
        "translation": [ 0, -0.19, -2.08 ],
        "scale": [ 0.4, 0.4, 0.4 ]
    },
    "gui": {
        "rotation": [ 0, 61, 0 ],
        "translation": [ 0, 0, 0 ],
        "scale": [ 0.7, 0.7, 0.7 ]
    }
}
}