{
	"__comment": "Разработано специально для Hard-Days.SU  ::  If you steal our models - you PIDOR!",
"textures": {
    "texture": "guns/1592162374"
},
"elements": [ 
{
    "from": [ 2.644, 7.53925, 8.75916 ],
    "to": [ 3.9005, 7.79056, 9.01047 ],
    "faces": {
        "up":    { "uv": [ 2.71875, 0, 2.75, 0.15625 ], "rotation": 270, "texture": "#texture" },
        "south": { "uv": [ 8.90625, 5.34375, 9.0625, 5.375 ], "texture": "#texture" },
        "west":  { "uv": [ 8.8125, 5.34375, 8.84375, 5.375 ], "texture": "#texture" }
    }
},
{
    "from": [ 11.6911, 7.79057, 7.75394 ],
    "to": [ 12.9477, 8.04187, 8.25656 ],
    "faces": {
        "up":    { "uv": [ 3.09375, 0, 3.15625, 0.15625 ], "rotation": 270, "texture": "#texture" },
        "north": { "uv": [ 7.59375, 5.34375, 7.75, 5.375 ], "texture": "#texture" },
        "west":  { "uv": [ 7.6875, 5.34375, 7.75, 5.375 ], "texture": "#texture" }
    }
},
{
    "from": [ 9.178, 8.29319, 7.25131 ],
    "to": [ 9.4293, 8.5445, 7.50262 ],
    "faces": {
        "down":  { "uv": [ 3.46875, 5.21875, 3.5, 5.25 ], "rotation": 270, "texture": "#texture" },
        "up":    { "uv": [ 3.46875, 5.21875, 3.5, 5.25 ], "rotation": 270, "texture": "#texture" },
        "north": { "uv": [ 3.46875, 5.21875, 3.5, 5.25 ], "texture": "#texture" },
        "west":  { "uv": [ 3.46875, 5.21875, 3.5, 5.25 ], "texture": "#texture" },
        "east":  { "uv": [ 3.46875, 5.21875, 3.5, 5.25 ], "texture": "#texture" }
    }
},
{
    "from": [ 2.644, 7.03663, 7.50262 ],
    "to": [ 3.1466, 7.53925, 7.75393 ],
    "faces": {
        "south": { "uv": [ 13, 0, 13.0625, 0.0625 ], "texture": "#texture" },
        "west":  { "uv": [ 12.96875, 0, 13, 0.0625 ], "texture": "#texture" }
    }
},
{
    "from": [ 3.1466, 7.79057, 8.75916 ],
    "to": [ 3.3979, 8.04187, 9.01047 ],
    "faces": {
        "up":    { "uv": [ 7.625, 5.34375, 7.65625, 5.375 ], "rotation": 270, "texture": "#texture" },
        "south": { "uv": [ 7.625, 5.34375, 7.65625, 5.375 ], "texture": "#texture" },
        "west":  { "uv": [ 7.625, 5.34375, 7.65625, 5.375 ], "texture": "#texture" },
        "east":  { "uv": [ 7.625, 5.34375, 7.65625, 5.375 ], "texture": "#texture" }
    }
},
{
    "from": [ 2.644, 6.534, 8.00525 ],
    "to": [ 3.3979, 6.78531, 8.25656 ],
    "faces": {
        "down":  { "uv": [ 2.3125, 0, 2.34375, 0.09375 ], "rotation": 270, "texture": "#texture" },
        "up":    { "uv": [ 2.3125, 0, 2.34375, 0.09375 ], "rotation": 270, "texture": "#texture" },
        "west":  { "uv": [ 7.6875, 5.34375, 7.71875, 5.375 ], "texture": "#texture" }
    }
},
{
    "from": [ 2.644, 6.78532, 8.50788 ],
    "to": [ 3.3979, 7.03662, 8.75918 ],
    "faces": {
        "down":  { "uv": [ 2.3125, 0, 2.34375, 0.09375 ], "rotation": 270, "texture": "#texture" },
        "north": { "uv": [ 3.875, 0.03125, 3.96875, 0.0625 ], "texture": "#texture" },
        "south": { "uv": [ 3.875, 0.03125, 3.96875, 0.0625 ], "texture": "#texture" },
        "west":  { "uv": [ 7.6875, 5.34375, 7.71875, 5.375 ], "texture": "#texture" }
    }
},
{
    "from": [ 8.4241, 6.78532, 8.25656 ],
    "to": [ 9.4293, 7.03662, 8.50787 ],
    "faces": {
        "down":  { "uv": [ 0.3125, 0.6875, 0.34375, 0.8125 ], "rotation": 270, "texture": "#texture" },
        "south": { "uv": [ 3.5, 5.21875, 3.625, 5.25 ], "texture": "#texture" }
    }
},
{
    "from": [ 7.9214, 7.79057, 7.75394 ],
    "to": [ 8.4241, 8.04187, 8.50786 ],
    "faces": {
        "north": { "uv": [ 12.5625, 0, 12.625, 0.03125 ], "texture": "#texture" },
        "south": { "uv": [ 12.5625, 0, 12.625, 0.03125 ], "texture": "#texture" },
        "west":  { "uv": [ 12.5625, 0, 12.65625, 0.03125 ], "texture": "#texture" },
        "east":  { "uv": [ 12.5625, 0, 12.65625, 0.03125 ], "texture": "#texture" }
    }
},
{
    "from": [ 4.6545, 7.79057, 8.00525 ],
    "to": [ 5.911, 8.04187, 8.25656 ],
    "faces": {
        "up":    { "uv": [ 1.84375, 0.125, 1.875, 0.28125 ], "rotation": 270, "texture": "#texture" },
        "east":  { "uv": [ 3.375, 5.21875, 3.40625, 5.25 ], "texture": "#texture" }
    }
},
{
    "from": [ 7.9214, 8.29319, 8.75916 ],
    "to": [ 8.4241, 8.5445, 9.01047 ],
    "faces": {
        "down":  { "uv": [ 1.375, 0.0625, 1.40625, 0.125 ], "rotation": 270, "texture": "#texture" },
        "up":    { "uv": [ 1.375, 0.0625, 1.40625, 0.125 ], "rotation": 270, "texture": "#texture" },
        "south": { "uv": [ 12.40625, 5.3125, 12.46875, 5.34375 ], "texture": "#texture" },
        "west":  { "uv": [ 12.40625, 5.3125, 12.4375, 5.34375 ], "texture": "#texture" },
        "east":  { "uv": [ 12.40625, 5.3125, 12.4375, 5.34375 ], "texture": "#texture" }
    }
},
{
    "from": [ 8.6754, 7.53925, 8.25656 ],
    "to": [ 10.1832, 7.79056, 8.50787 ],
    "faces": {
        "up":    { "uv": [ 0.75, 0.125, 0.78125, 0.3125 ], "rotation": 270, "texture": "#texture" },
        "south": { "uv": [ 7.46875, 5.28125, 7.65625, 5.3125 ], "texture": "#texture" }
    }
},
{
    "from": [ 3.1466, 8.04188, 8.25656 ],
    "to": [ 4.9058, 8.29319, 8.50787 ],
    "faces": {
        "up":    { "uv": [ 1.84375, 0.0625, 1.875, 0.28125 ], "rotation": 270, "texture": "#texture" },
        "south": { "uv": [ 4.15625, 5.34375, 4.375, 5.375 ], "texture": "#texture" },
        "east":  { "uv": [ 3.375, 5.21875, 3.40625, 5.25 ], "texture": "#texture" }
    }
},
{
    "from": [ 7.4189, 6.78532, 8.00525 ],
    "to": [ 8.1728, 7.03662, 8.25656 ],
    "faces": {
        "down":  { "uv": [ 0.3125, 0.5625, 0.34375, 0.65625 ], "rotation": 270, "texture": "#texture" }
    }
},
{
    "from": [ 7.4189, 8.29319, 7.75394 ],
    "to": [ 8.1728, 8.5445, 8.00525 ],
    "faces": {
        "north": { "uv": [ 12.4375, 5.3125, 12.53125, 5.34375 ], "texture": "#texture" },
        "west":  { "uv": [ 12.5, 5.3125, 12.53125, 5.34375 ], "texture": "#texture" }
    }
},
{
    "from": [ 2.644, 7.03663, 8.50788 ],
    "to": [ 3.1466, 7.28794, 8.75918 ],
    "faces": {
        "north": { "uv": [ 12.9375, 0.03125, 13, 0.0625 ], "texture": "#texture" },
        "west":  { "uv": [ 12.96875, 0, 13, 0.03125 ], "texture": "#texture" }
    }
},
{
    "from": [ 8.9267, 8.04188, 7.50262 ],
    "to": [ 9.4293, 8.29319, 7.75393 ],
    "faces": {
        "down":  { "uv": [ 0.3125, 0.625, 0.34375, 0.6875 ], "rotation": 270, "texture": "#texture" },
        "north": { "uv": [ 3.4375, 5.21875, 3.5, 5.25 ], "texture": "#texture" },
        "west":  { "uv": [ 3.46875, 5.21875, 3.5, 5.25 ], "texture": "#texture" },
        "east":  { "uv": [ 3.46875, 5.21875, 3.5, 5.25 ], "texture": "#texture" }
    }
},
{
    "from": [ 8.9267, 8.04188, 8.50788 ],
    "to": [ 9.4293, 8.29319, 8.75918 ],
    "faces": {
        "down":  { "uv": [ 0.3125, 0.625, 0.34375, 0.6875 ], "rotation": 270, "texture": "#texture" },
        "south": { "uv": [ 3.4375, 5.21875, 3.5, 5.25 ], "texture": "#texture" },
        "west":  { "uv": [ 3.46875, 5.21875, 3.5, 5.25 ], "texture": "#texture" },
        "east":  { "uv": [ 3.46875, 5.21875, 3.5, 5.25 ], "texture": "#texture" }
    }
},
{
    "from": [ 12.6963, 7.03663, 8.75916 ],
    "to": [ 13.7016, 7.28794, 9.01047 ],
    "faces": {
        "down":  { "uv": [ 4.15625, 0, 4.1875, 0.125 ], "rotation": 270, "texture": "#texture" },
        "south": { "uv": [ 10.375, 5.34375, 10.5, 5.375 ], "texture": "#texture" },
        "west":  { "uv": [ 7.59375, 5.34375, 7.625, 5.375 ], "texture": "#texture" },
        "east":  { "uv": [ 10.375, 5.25, 10.40625, 5.28125 ], "texture": "#texture" }
    }
},
{
    "from": [ 9.178, 6.28269, 7.50262 ],
    "to": [ 9.6806, 6.78531, 7.75393 ],
    "faces": {
        "north": { "uv": [ 11.625, 0, 11.6875, 0.0625 ], "texture": "#texture" },
        "west":  { "uv": [ 11.625, 0, 11.65625, 0.0625 ], "texture": "#texture" },
        "east":  { "uv": [ 11.625, 0, 11.65625, 0.0625 ], "texture": "#texture" }
    }
},
{
    "from": [ 2.8953, 8.29319, 7.75394 ],
    "to": [ 3.3979, 8.5445, 8.50786 ],
    "faces": {
        "up":    { "uv": [ 3.875, 0.03125, 3.96875, 0.09375 ], "rotation": 270, "texture": "#texture" },
        "north": { "uv": [ 7.6875, 5.34375, 7.75, 5.375 ], "texture": "#texture" },
        "south": { "uv": [ 7.6875, 5.34375, 7.75, 5.375 ], "texture": "#texture" },
        "west":  { "uv": [ 3.875, 0.03125, 3.96875, 0.0625 ], "texture": "#texture" },
        "east":  { "uv": [ 3.875, 0.03125, 3.96875, 0.0625 ], "texture": "#texture" }
    }
},
{
    "from": [ 12.6963, 7.28794, 8.00525 ],
    "to": [ 13.4502, 7.53925, 8.25656 ],
    "faces": {
        "east":  { "uv": [ 12.96875, 0, 13, 0.03125 ], "texture": "#texture" }
    }
},
{
    "from": [ 10.6859, 7.53925, 7.50262 ],
    "to": [ 11.4398, 7.79056, 7.75393 ],
    "faces": {
        "up":    { "uv": [ 2.28125, 0, 2.3125, 0.09375 ], "rotation": 270, "texture": "#texture" },
        "north": { "uv": [ 6.34375, 5.34375, 6.4375, 5.375 ], "texture": "#texture" },
        "west":  { "uv": [ 12.9375, 0.03125, 12.96875, 0.0625 ], "texture": "#texture" },
        "east":  { "uv": [ 12.9375, 0.03125, 12.96875, 0.0625 ], "texture": "#texture" }
    }
},
{
    "from": [ 8.4241, 7.28794, 7.50262 ],
    "to": [ 9.4293, 7.53925, 7.75393 ],
    "faces": {
        "up":    { "uv": [ 0.375, 0.6875, 0.40625, 0.8125 ], "rotation": 270, "texture": "#texture" },
        "north": { "uv": [ 8.46875, 5.21875, 8.59375, 5.25 ], "texture": "#texture" }
    }
},
{
    "from": [ 12.1937, 7.03663, 7.75394 ],
    "to": [ 13.4502, 7.28794, 8.00525 ],
    "faces": {
        "east":  { "uv": [ 12.96875, 0, 13, 0.03125 ], "texture": "#texture" }
    }
},
{
    "from": [ 4.1518, 7.53925, 7.25131 ],
    "to": [ 4.9058, 7.79056, 7.50262 ],
    "faces": {
        "up":    { "uv": [ 1.59375, 0.15625, 1.625, 0.25 ], "rotation": 270, "texture": "#texture" },
        "north": { "uv": [ 9, 0.03125, 9.09375, 0.0625 ], "texture": "#texture" },
        "east":  { "uv": [ 12.9375, 0.03125, 12.96875, 0.0625 ], "texture": "#texture" }
    }
},
{
    "from": [ 11.9424, 7.53925, 8.00525 ],
    "to": [ 13.4503, 7.79056, 8.25656 ],
    "faces": {
        "east":  { "uv": [ 12.96875, 0, 13, 0.03125 ], "texture": "#texture" }
    }
},
{
    "from": [ 2.644, 7.79057, 7.50262 ],
    "to": [ 4.9058, 8.04187, 7.75393 ],
    "faces": {
        "up":    { "uv": [ 1.96875, 0, 2, 0.28125 ], "rotation": 270, "texture": "#texture" },
        "north": { "uv": [ 3.25, 5.34375, 3.53125, 5.375 ], "texture": "#texture" },
        "south": { "uv": [ 3.53125, 5.34375, 3.8125, 5.375 ], "texture": "#texture" },
        "west":  { "uv": [ 7.625, 5.34375, 7.65625, 5.375 ], "texture": "#texture" },
        "east":  { "uv": [ 3.875, 5.34375, 3.90625, 5.375 ], "texture": "#texture" }
    }
},
{
    "from": [ 6.6649, 6.28269, 8.50788 ],
    "to": [ 7.1676, 6.78531, 8.75918 ],
    "faces": {
        "south": { "uv": [ 11.625, 0, 11.6875, 0.0625 ], "texture": "#texture" },
        "west":  { "uv": [ 11.625, 0, 11.65625, 0.0625 ], "texture": "#texture" },
        "east":  { "uv": [ 11.625, 0, 11.65625, 0.0625 ], "texture": "#texture" }
    }
},
{
    "from": [ 11.4398, 7.03663, 8.75916 ],
    "to": [ 11.6911, 7.28794, 9.01047 ],
    "faces": {
        "down":  { "uv": [ 3.375, 5.21875, 3.40625, 5.25 ], "rotation": 270, "texture": "#texture" },
        "up":    { "uv": [ 3.375, 5.21875, 3.40625, 5.25 ], "rotation": 270, "texture": "#texture" },
        "south": { "uv": [ 3.375, 5.21875, 3.40625, 5.25 ], "texture": "#texture" },
        "west":  { "uv": [ 3.375, 5.21875, 3.40625, 5.25 ], "texture": "#texture" },
        "east":  { "uv": [ 3.375, 5.21875, 3.40625, 5.25 ], "texture": "#texture" }
    }
},
{
    "from": [ 8.9267, 7.03663, 7.25131 ],
    "to": [ 9.9319, 7.28794, 7.50262 ],
    "faces": {
        "down":  { "uv": [ 1.3125, 0.21875, 1.34375, 0.34375 ], "rotation": 270, "texture": "#texture" },
        "up":    { "uv": [ 1.3125, 0.21875, 1.34375, 0.34375 ], "rotation": 270, "texture": "#texture" },
        "north": { "uv": [ 13.03125, 5.3125, 13.15625, 5.34375 ], "texture": "#texture" },
        "west":  { "uv": [ 12.1875, 0, 12.21875, 0.03125 ], "texture": "#texture" },
        "east":  { "uv": [ 12.1875, 0, 12.21875, 0.03125 ], "texture": "#texture" }
    }
},
{
    "from": [ 10.6859, 8.79582, 7.75394 ],
    "to": [ 11.1885, 9.04712, 8.00525 ],
    "faces": {
        "down":  { "uv": [ 0.59375, 0.25, 0.625, 0.3125 ], "rotation": 270, "texture": "#texture" },
        "up":    { "uv": [ 0.59375, 0.25, 0.625, 0.3125 ], "rotation": 270, "texture": "#texture" },
        "north": { "uv": [ 10.375, 5.25, 10.4375, 5.28125 ], "texture": "#texture" },
        "east":  { "uv": [ 10.375, 5.25, 10.40625, 5.28125 ], "texture": "#texture" }
    }
},
{
    "from": [ 11.6911, 7.03663, 8.50788 ],
    "to": [ 13.199, 7.28794, 8.75918 ],
    "faces": {
        "down":  { "uv": [ 0.3125, 1.09375, 0.34375, 1.28125 ], "rotation": 270, "texture": "#texture" },
        "south": { "uv": [ 5.21875, 5.21875, 5.40625, 5.25 ], "texture": "#texture" }
    }
},
{
    "from": [ 9.6806, 7.79057, 7.75394 ],
    "to": [ 9.9319, 8.04187, 8.50786 ],
    "faces": {
        "north": { "uv": [ 10.375, 5.25, 10.40625, 5.28125 ], "texture": "#texture" },
        "south": { "uv": [ 10.375, 5.25, 10.40625, 5.28125 ], "texture": "#texture" },
        "west":  { "uv": [ 10.375, 5.25, 10.46875, 5.28125 ], "texture": "#texture" },
        "east":  { "uv": [ 10.375, 5.25, 10.46875, 5.28125 ], "texture": "#texture" }
    }
},
{
    "from": [ 7.1676, 7.03663, 8.50788 ],
    "to": [ 8.1728, 7.28794, 8.75918 ],
    "faces": {
        "down":  { "uv": [ 0.3125, 0.53125, 0.34375, 0.65625 ], "rotation": 270, "texture": "#texture" },
        "south": { "uv": [ 3.34375, 5.21875, 3.46875, 5.25 ], "texture": "#texture" }
    }
},
{
    "from": [ 7.6702, 8.5445, 7.50262 ],
    "to": [ 8.6754, 8.79581, 7.75393 ],
    "faces": {
        "up":    { "uv": [ 1.375, 0.03125, 1.40625, 0.15625 ], "rotation": 270, "texture": "#texture" },
        "north": { "uv": [ 12.375, 5.3125, 12.5, 5.34375 ], "texture": "#texture" },
        "west":  { "uv": [ 12.46875, 5.3125, 12.5, 5.34375 ], "texture": "#texture" },
        "east":  { "uv": [ 12.46875, 5.3125, 12.5, 5.34375 ], "texture": "#texture" }
    }
},
{
    "from": [ 12.1937, 7.28794, 8.50788 ],
    "to": [ 13.7015, 7.79056, 8.75918 ],
    "faces": {
        "up":    { "uv": [ 2.65625, 0, 2.6875, 0.1875 ], "rotation": 270, "texture": "#texture" },
        "north": { "uv": [ 9.90625, 0, 10.09375, 0.0625 ], "texture": "#texture" },
        "south": { "uv": [ 10.09375, 0, 10.28125, 0.0625 ], "texture": "#texture" },
        "east":  { "uv": [ 12.96875, 0, 13, 0.0625 ], "texture": "#texture" }
    }
},
{
    "from": [ 8.9267, 7.79057, 7.75394 ],
    "to": [ 9.4293, 8.04187, 8.50786 ],
    "faces": {
        "north": { "uv": [ 10.375, 5.25, 10.4375, 5.28125 ], "texture": "#texture" },
        "south": { "uv": [ 10.375, 5.25, 10.4375, 5.28125 ], "texture": "#texture" },
        "west":  { "uv": [ 10.375, 5.25, 10.46875, 5.28125 ], "texture": "#texture" },
        "east":  { "uv": [ 10.375, 5.25, 10.46875, 5.28125 ], "texture": "#texture" }
    }
},
{
    "from": [ 9.6806, 7.28794, 7.25131 ],
    "to": [ 9.9319, 7.53925, 7.50262 ],
    "faces": {
        "up":    { "uv": [ 10.375, 5.25, 10.40625, 5.28125 ], "rotation": 270, "texture": "#texture" },
        "north": { "uv": [ 10.375, 5.25, 10.40625, 5.28125 ], "texture": "#texture" },
        "west":  { "uv": [ 10.375, 5.25, 10.40625, 5.28125 ], "texture": "#texture" },
        "east":  { "uv": [ 10.375, 5.25, 10.40625, 5.28125 ], "texture": "#texture" }
    }
},
{
    "from": [ 2.644, 7.28794, 8.50788 ],
    "to": [ 3.9005, 7.53925, 8.75918 ],
    "faces": {
        "north": { "uv": [ 9.78125, 5.34375, 9.9375, 5.375 ], "texture": "#texture" },
        "west":  { "uv": [ 12.96875, 0, 13, 0.03125 ], "texture": "#texture" }
    }
},
{
    "from": [ 9.178, 6.28269, 8.50788 ],
    "to": [ 9.6806, 6.78531, 8.75918 ],
    "faces": {
        "south": { "uv": [ 11.625, 0, 11.6875, 0.0625 ], "texture": "#texture" },
        "west":  { "uv": [ 11.625, 0, 11.65625, 0.0625 ], "texture": "#texture" },
        "east":  { "uv": [ 11.625, 0, 11.65625, 0.0625 ], "texture": "#texture" }
    }
},
{
    "from": [ 7.6702, 8.5445, 8.50788 ],
    "to": [ 8.6754, 8.79581, 8.75918 ],
    "faces": {
        "up":    { "uv": [ 1.375, 0.03125, 1.40625, 0.15625 ], "rotation": 270, "texture": "#texture" },
        "south": { "uv": [ 12.375, 5.3125, 12.5, 5.34375 ], "texture": "#texture" },
        "west":  { "uv": [ 12.46875, 5.3125, 12.5, 5.34375 ], "texture": "#texture" },
        "east":  { "uv": [ 12.46875, 5.3125, 12.5, 5.34375 ], "texture": "#texture" }
    }
},
{
    "from": [ 7.1676, 7.53925, 7.75394 ],
    "to": [ 9.4293, 7.79056, 8.00525 ],
    "faces": {
        "up":    { "uv": [ 0.75, 0.25, 0.78125, 0.53125 ], "rotation": 270, "texture": "#texture" },
        "north": { "uv": [ 7.5625, 5.28125, 7.84375, 5.3125 ], "texture": "#texture" }
    }
},
{
    "from": [ 7.9214, 7.53925, 8.50788 ],
    "to": [ 8.4241, 7.79056, 8.75918 ],
    "faces": {
        "up":    { "uv": [ 0.3125, 0.625, 0.34375, 0.6875 ], "rotation": 270, "texture": "#texture" },
        "south": { "uv": [ 3.4375, 5.21875, 3.5, 5.25 ], "texture": "#texture" },
        "west":  { "uv": [ 3.46875, 5.21875, 3.5, 5.25 ], "texture": "#texture" },
        "east":  { "uv": [ 3.46875, 5.21875, 3.5, 5.25 ], "texture": "#texture" }
    }
},
{
    "from": [ 8.9267, 6.78532, 8.50788 ],
    "to": [ 9.9319, 7.03662, 8.75918 ],
    "faces": {
        "down":  { "uv": [ 1.3125, 0.21875, 1.34375, 0.34375 ], "rotation": 270, "texture": "#texture" },
        "south": { "uv": [ 13.03125, 5.3125, 13.15625, 5.34375 ], "texture": "#texture" },
        "west":  { "uv": [ 12.1875, 0, 12.21875, 0.03125 ], "texture": "#texture" },
        "east":  { "uv": [ 12.1875, 0, 12.21875, 0.03125 ], "texture": "#texture" }
    }
},
{
    "from": [ 8.1728, 6.78532, 8.00525 ],
    "to": [ 11.9424, 7.03662, 8.25656 ],
    "faces": {
        "down":  { "uv": [ 0.3125, 0.65625, 0.34375, 1.125 ], "rotation": 270, "texture": "#texture" }
    }
},
{
    "from": [ 12.9476, 7.79057, 7.75394 ],
    "to": [ 13.4502, 8.04187, 8.25656 ],
    "faces": {
        "east":  { "uv": [ 13.0625, 0.03125, 13.125, 0.0625 ], "texture": "#texture" }
    }
},
{
    "from": [ 2.644, 8.04188, 8.50788 ],
    "to": [ 3.3979, 8.29319, 8.75918 ],
    "faces": {
        "up":    { "uv": [ 1.96875, 0, 2, 0.09375 ], "rotation": 270, "texture": "#texture" },
        "south": { "uv": [ 3.4375, 5.34375, 3.53125, 5.375 ], "texture": "#texture" },
        "west":  { "uv": [ 7.625, 5.34375, 7.65625, 5.375 ], "texture": "#texture" },
        "east":  { "uv": [ 7.625, 5.34375, 7.65625, 5.375 ], "texture": "#texture" }
    }
},
{
    "from": [ 7.4189, 8.29319, 8.25656 ],
    "to": [ 10.9372, 8.5445, 8.50787 ],
    "faces": {
        "down":  { "uv": [ 1.375, 0, 1.40625, 0.4375 ], "rotation": 270, "texture": "#texture" },
        "south": { "uv": [ 12.53125, 5.3125, 12.96875, 5.34375 ], "texture": "#texture" },
        "west":  { "uv": [ 12.5, 5.3125, 12.53125, 5.34375 ], "texture": "#texture" },
        "east":  { "uv": [ 10.375, 5.25, 10.40625, 5.28125 ], "texture": "#texture" }
    }
},
{
    "from": [ 3.9005, 7.53925, 8.75916 ],
    "to": [ 4.9058, 7.79056, 9.01047 ],
    "faces": {
        "up":    { "uv": [ 1.59375, 0.125, 1.625, 0.25 ], "rotation": 270, "texture": "#texture" },
        "south": { "uv": [ 9.375, 0.03125, 9.5, 0.0625 ], "texture": "#texture" },
        "east":  { "uv": [ 12.9375, 0.03125, 12.96875, 0.0625 ], "texture": "#texture" }
    }
},
{
    "from": [ 12.6963, 6.534, 7.75394 ],
    "to": [ 13.7016, 6.78531, 8.50786 ],
    "faces": {
        "down":  { "uv": [ 3.78125, 0, 3.875, 0.125 ], "rotation": 270, "texture": "#texture" },
        "up":    { "uv": [ 3.78125, 0, 3.875, 0.125 ], "rotation": 270, "texture": "#texture" },
        "north": { "uv": [ 10.5, 5.34375, 10.625, 5.375 ], "texture": "#texture" },
        "south": { "uv": [ 10.625, 5.34375, 10.75, 5.375 ], "texture": "#texture" },
        "west":  { "uv": [ 9.625, 5.34375, 9.71875, 5.375 ], "texture": "#texture" },
        "east":  { "uv": [ 10.375, 5.25, 10.46875, 5.28125 ], "texture": "#texture" }
    }
},
{
    "from": [ 10.6859, 7.53925, 8.50788 ],
    "to": [ 11.4398, 7.79056, 8.75918 ],
    "faces": {
        "up":    { "uv": [ 2.28125, 0, 2.3125, 0.09375 ], "rotation": 270, "texture": "#texture" },
        "south": { "uv": [ 6.34375, 5.34375, 6.4375, 5.375 ], "texture": "#texture" },
        "west":  { "uv": [ 12.9375, 0.03125, 12.96875, 0.0625 ], "texture": "#texture" },
        "east":  { "uv": [ 12.9375, 0.03125, 12.96875, 0.0625 ], "texture": "#texture" }
    }
},
{
    "from": [ 10.9372, 7.03663, 8.50788 ],
    "to": [ 11.6911, 7.28794, 8.75918 ],
    "faces": {
        "down":  { "uv": [ 0.3125, 1, 0.34375, 1.09375 ], "rotation": 270, "texture": "#texture" },
        "south": { "uv": [ 3.09375, 5.21875, 3.1875, 5.25 ], "texture": "#texture" }
    }
},
{
    "from": [ 3.9005, 7.28794, 8.50788 ],
    "to": [ 6.1623, 7.53925, 8.75918 ],
    "faces": {
        "up":    { "uv": [ 0.375, 0.125, 0.40625, 0.40625 ], "rotation": 270, "texture": "#texture" },
        "south": { "uv": [ 9.40625, 5.21875, 9.6875, 5.25 ], "texture": "#texture" }
    }
},
{
    "from": [ 2.8953, 7.53925, 8.25656 ],
    "to": [ 4.1518, 7.79056, 8.50787 ],
    "faces": {
        "west":  { "uv": [ 12.96875, 0, 13, 0.03125 ], "texture": "#texture" }
    }
},
{
    "from": [ 4.4031, 7.53925, 7.50262 ],
    "to": [ 5.1571, 7.79056, 7.75393 ],
    "faces": {
        "up":    { "uv": [ 2.28125, 0, 2.3125, 0.09375 ], "rotation": 270, "texture": "#texture" },
        "north": { "uv": [ 6.34375, 5.34375, 6.4375, 5.375 ], "texture": "#texture" }
    }
},
{
    "from": [ 8.9267, 7.53925, 8.50788 ],
    "to": [ 9.4293, 7.79056, 8.75918 ],
    "faces": {
        "up":    { "uv": [ 0.59375, 0.25, 0.625, 0.3125 ], "rotation": 270, "texture": "#texture" },
        "south": { "uv": [ 10.375, 5.25, 10.4375, 5.28125 ], "texture": "#texture" },
        "west":  { "uv": [ 10.375, 5.25, 10.40625, 5.28125 ], "texture": "#texture" },
        "east":  { "uv": [ 10.375, 5.25, 10.40625, 5.28125 ], "texture": "#texture" }
    }
},
{
    "from": [ 10.1833, 7.79057, 7.75394 ],
    "to": [ 10.4346, 8.04187, 8.50786 ],
    "faces": {
        "north": { "uv": [ 11.5, 5.34375, 11.53125, 5.375 ], "texture": "#texture" },
        "south": { "uv": [ 11.5, 5.34375, 11.53125, 5.375 ], "texture": "#texture" },
        "west":  { "uv": [ 11.5, 5.34375, 11.59375, 5.375 ], "texture": "#texture" },
        "east":  { "uv": [ 11.5, 5.34375, 11.59375, 5.375 ], "texture": "#texture" }
    }
},
{
    "from": [ 2.644, 8.04188, 8.25656 ],
    "to": [ 3.1466, 8.29319, 8.50787 ],
    "faces": {
        "down":  { "uv": [ 1.53125, 0.34375, 1.5625, 0.40625 ], "rotation": 270, "texture": "#texture" },
        "up":    { "uv": [ 1.53125, 0.34375, 1.5625, 0.40625 ], "rotation": 270, "texture": "#texture" },
        "west":  { "uv": [ 12.1875, 0, 12.21875, 0.03125 ], "texture": "#texture" }
    }
},
{
    "from": [ 8.9267, 7.28794, 7.25131 ],
    "to": [ 9.4293, 7.53925, 7.50262 ],
    "faces": {
        "up":    { "uv": [ 0.59375, 0.25, 0.625, 0.3125 ], "rotation": 270, "texture": "#texture" },
        "north": { "uv": [ 10.375, 5.25, 10.4375, 5.28125 ], "texture": "#texture" },
        "west":  { "uv": [ 10.375, 5.25, 10.40625, 5.28125 ], "texture": "#texture" },
        "east":  { "uv": [ 10.375, 5.25, 10.40625, 5.28125 ], "texture": "#texture" }
    }
},
{
    "from": [ 6.4136, 6.28269, 7.75394 ],
    "to": [ 7.4189, 6.78531, 8.50786 ],
    "faces": {
        "north": { "uv": [ 11.59375, 0, 11.71875, 0.0625 ], "texture": "#texture" },
        "south": { "uv": [ 11.59375, 0, 11.71875, 0.0625 ], "texture": "#texture" },
        "west":  { "uv": [ 12.84375, 0, 12.9375, 0.0625 ], "texture": "#texture" },
        "east":  { "uv": [ 12.84375, 0, 12.9375, 0.0625 ], "texture": "#texture" }
    }
},
{
    "from": [ 2.644, 7.79057, 8.50788 ],
    "to": [ 3.9005, 8.04187, 8.75918 ],
    "faces": {
        "up":    { "uv": [ 1.96875, 0, 2, 0.15625 ], "rotation": 270, "texture": "#texture" },
        "north": { "uv": [ 3.375, 5.34375, 3.53125, 5.375 ], "texture": "#texture" },
        "south": { "uv": [ 3.53125, 5.34375, 3.6875, 5.375 ], "texture": "#texture" },
        "west":  { "uv": [ 7.625, 5.34375, 7.65625, 5.375 ], "texture": "#texture" }
    }
},
{
    "from": [ 7.9214, 8.04188, 8.50788 ],
    "to": [ 8.4241, 8.29319, 8.75918 ],
    "faces": {
        "down":  { "uv": [ 1.375, 0.0625, 1.40625, 0.125 ], "rotation": 270, "texture": "#texture" },
        "south": { "uv": [ 12.40625, 5.3125, 12.46875, 5.34375 ], "texture": "#texture" },
        "west":  { "uv": [ 12.40625, 5.3125, 12.4375, 5.34375 ], "texture": "#texture" },
        "east":  { "uv": [ 12.40625, 5.3125, 12.4375, 5.34375 ], "texture": "#texture" }
    }
},
{
    "from": [ 2.644, 8.04188, 7.75394 ],
    "to": [ 4.9058, 8.29319, 8.25656 ],
    "faces": {
        "down":  { "uv": [ 1.84375, 0, 1.90625, 0.28125 ], "rotation": 270, "texture": "#texture" },
        "up":    { "uv": [ 1.84375, 0, 1.90625, 0.28125 ], "rotation": 270, "texture": "#texture" },
        "north": { "uv": [ 3.8125, 5.34375, 4.09375, 5.375 ], "texture": "#texture" },
        "west":  { "uv": [ 5.1875, 0.0625, 5.25, 0.09375 ], "texture": "#texture" },
        "east":  { "uv": [ 3.8125, 5.34375, 3.875, 5.375 ], "texture": "#texture" }
    }
},
{
    "from": [ 10.1833, 8.29319, 7.25131 ],
    "to": [ 10.4346, 8.5445, 7.50262 ],
    "faces": {
        "down":  { "uv": [ 12.1563, 5.3125, 12.1875, 5.34375 ], "rotation": 270, "texture": "#texture" },
        "up":    { "uv": [ 12.15625, 5.3125, 12.1875, 5.34375 ], "rotation": 270, "texture": "#texture" },
        "north": { "uv": [ 12.15625, 5.3125, 12.1875, 5.34375 ], "texture": "#texture" },
        "west":  { "uv": [ 12.15625, 5.3125, 12.1875, 5.34375 ], "texture": "#texture" },
        "east":  { "uv": [ 12.15625, 5.3125, 12.1875, 5.34375 ], "texture": "#texture" }
    }
},
{
    "from": [ 7.4189, 8.29319, 8.00525 ],
    "to": [ 9.6807, 8.5445, 8.25656 ],
    "faces": {
        "west":  { "uv": [ 12.5, 5.3125, 12.53125, 5.34375 ], "texture": "#texture" }
    }
},
{
    "from": [ 3.1466, 6.534, 7.75394 ],
    "to": [ 4.4031, 6.78531, 8.00525 ],
    "faces": {
        "down":  { "uv": [ 2.3125, 0.0625, 2.34375, 0.21875 ], "rotation": 270, "texture": "#texture" },
        "north": { "uv": [ 6.65625, 5.34375, 6.8125, 5.375 ], "texture": "#texture" },
        "east":  { "uv": [ 6.65625, 5.34375, 6.6875, 5.375 ], "texture": "#texture" }
    }
},
{
    "from": [ 12.6963, 7.53925, 7.25131 ],
    "to": [ 13.7016, 7.79056, 7.50262 ],
    "faces": {
        "up":    { "uv": [ 2.25, 0.125, 2.28125, 0.25 ], "rotation": 270, "texture": "#texture" },
        "north": { "uv": [ 5.21875, 5.34375, 5.34375, 5.375 ], "texture": "#texture" },
        "west":  { "uv": [ 7.59375, 5.34375, 7.625, 5.375 ], "texture": "#texture" },
        "east":  { "uv": [ 12.1875, 0, 12.21875, 0.03125 ], "texture": "#texture" }
    }
},
{
    "from": [ 7.6702, 7.28794, 7.50262 ],
    "to": [ 8.4241, 7.53925, 7.75393 ],
    "faces": {
        "up":    { "uv": [ 1.375, 0.1875, 1.40625, 0.28125 ], "rotation": 270, "texture": "#texture" },
        "north": { "uv": [ 12.21875, 5.3125, 12.3125, 5.34375 ], "texture": "#texture" }
    }
},
{
    "from": [ 2.644, 6.534, 7.75394 ],
    "to": [ 3.1466, 6.78531, 8.00525 ],
    "faces": {
        "down":  { "uv": [ 3.09375, 0, 3.125, 0.0625 ], "rotation": 270, "texture": "#texture" },
        "up":    { "uv": [ 3.09375, 0, 3.125, 0.0625 ], "rotation": 270, "texture": "#texture" },
        "north": { "uv": [ 7.6875, 5.34375, 7.75, 5.375 ], "texture": "#texture" },
        "west":  { "uv": [ 7.6875, 5.34375, 7.71875, 5.375 ], "texture": "#texture" }
    }
},
{
    "from": [ 5.911, 7.28794, 7.50262 ],
    "to": [ 7.6702, 7.53925, 7.75393 ],
    "faces": {
        "up":    { "uv": [ 0.375, 0.375, 0.40625, 0.59375 ], "rotation": 270, "texture": "#texture" },
        "north": { "uv": [ 8.6875, 5.21875, 8.90625, 5.25 ], "texture": "#texture" }
    }
},
{
    "from": [ 11.6911, 7.28794, 7.25131 ],
    "to": [ 13.7016, 7.53925, 7.50262 ],
    "faces": {
        "down":  { "uv": [ 2.25, 0, 2.28125, 0.25 ], "rotation": 270, "texture": "#texture" },
        "up":    { "uv": [ 2.25, 0, 2.28125, 0.25 ], "rotation": 270, "texture": "#texture" },
        "north": { "uv": [ 5.21875, 5.34375, 5.46875, 5.375 ], "texture": "#texture" },
        "west":  { "uv": [ 12.1875, 0, 12.21875, 0.03125 ], "texture": "#texture" },
        "east":  { "uv": [ 12.1875, 0, 12.21875, 0.03125 ], "texture": "#texture" }
    }
},
{
    "from": [ 10.4346, 7.53925, 7.75394 ],
    "to": [ 11.1885, 7.79056, 8.00525 ],
    "faces": {
        "up":    { "uv": [ 0.75, 0.65625, 0.78125, 0.75 ], "rotation": 270, "texture": "#texture" },
        "north": { "uv": [ 7.34375, 5.28125, 7.4375, 5.3125 ], "texture": "#texture" }
    }
},
{
    "from": [ 7.9214, 7.28794, 7.25131 ],
    "to": [ 8.4241, 7.53925, 7.50262 ],
    "faces": {
        "down":  { "uv": [ 0.3125, 0.625, 0.34375, 0.6875 ], "rotation": 270, "texture": "#texture" },
        "up":    { "uv": [ 0.3125, 0.625, 0.34375, 0.6875 ], "rotation": 270, "texture": "#texture" },
        "north": { "uv": [ 3.4375, 5.21875, 3.5, 5.25 ], "texture": "#texture" },
        "west":  { "uv": [ 3.46875, 5.21875, 3.5, 5.25 ], "texture": "#texture" },
        "east":  { "uv": [ 3.46875, 5.21875, 3.5, 5.25 ], "texture": "#texture" }
    }
},
{
    "from": [ 12.6963, 7.53926, 7.50262 ],
    "to": [ 13.7016, 8.04187, 7.75393 ],
    "faces": {
        "up":    { "uv": [ 4.1875, 0, 4.21875, 0.125 ], "rotation": 270, "texture": "#texture" },
        "north": { "uv": [ 11.71875, 0, 11.84375, 0.0625 ], "texture": "#texture" },
        "south": { "uv": [ 11.875, 0, 12, 0.0625 ], "texture": "#texture" },
        "west":  { "uv": [ 10, 0, 10.03125, 0.0625 ], "texture": "#texture" },
        "east":  { "uv": [ 13.0625, 0, 13.09375, 0.0625 ], "texture": "#texture" }
    }
},
{
    "from": [ 8.9267, 6.28269, 7.75394 ],
    "to": [ 9.9319, 6.78531, 8.50786 ],
    "faces": {
        "north": { "uv": [ 11.59375, 0, 11.71875, 0.0625 ], "texture": "#texture" },
        "south": { "uv": [ 11.59375, 0, 11.71875, 0.0625 ], "texture": "#texture" },
        "west":  { "uv": [ 12.84375, 0, 12.9375, 0.0625 ], "texture": "#texture" },
        "east":  { "uv": [ 12.84375, 0, 12.9375, 0.0625 ], "texture": "#texture" }
    }
},
{
    "from": [ 9.178, 6.78532, 8.75916 ],
    "to": [ 9.6806, 7.03662, 9.01047 ],
    "faces": {
        "down":  { "uv": [ 1.65625, 0.09375, 1.6875, 0.15625 ], "rotation": 270, "texture": "#texture" },
        "south": { "uv": [ 5.1875, 0.0625, 5.25, 0.09375 ], "texture": "#texture" },
        "west":  { "uv": [ 12.1875, 0, 12.21875, 0.03125 ], "texture": "#texture" },
        "east":  { "uv": [ 12.1875, 0, 12.21875, 0.03125 ], "texture": "#texture" }
    }
},
{
    "from": [ 7.4189, 7.53925, 8.25656 ],
    "to": [ 8.6754, 7.79056, 8.50787 ],
    "faces": {
        "up":    { "uv": [ 0.75, 0.28125, 0.78125, 0.4375 ], "rotation": 270, "texture": "#texture" },
        "south": { "uv": [ 7.625, 5.28125, 7.78125, 5.3125 ], "texture": "#texture" }
    }
},
{
    "from": [ 8.4241, 8.5445, 8.00525 ],
    "to": [ 10.9372, 8.79581, 8.25656 ],
    "faces": {
        "up":    { "uv": [ 1.375, 0.125, 1.40625, 0.4375 ], "rotation": 270, "texture": "#texture" },
        "east":  { "uv": [ 10.375, 5.25, 10.40625, 5.28125 ], "texture": "#texture" }
    }
},
{
    "from": [ 3.1466, 7.03663, 8.50788 ],
    "to": [ 5.1571, 7.28794, 8.75918 ],
    "faces": {
        "down":  { "uv": [ 0.3125, 0.03125, 0.34375, 0.28125 ], "rotation": 270, "texture": "#texture" },
        "south": { "uv": [ 4.15625, 5.21875, 4.40625, 5.25 ], "texture": "#texture" }
    }
},
{
    "from": [ 2.644, 8.04188, 7.50262 ],
    "to": [ 3.3979, 8.29319, 7.75393 ],
    "faces": {
        "up":    { "uv": [ 1.96875, 0, 2, 0.09375 ], "rotation": 270, "texture": "#texture" },
        "north": { "uv": [ 3.4375, 5.34375, 3.53125, 5.375 ], "texture": "#texture" },
        "west":  { "uv": [ 7.625, 5.34375, 7.65625, 5.375 ], "texture": "#texture" },
        "east":  { "uv": [ 7.625, 5.34375, 7.65625, 5.375 ], "texture": "#texture" }
    }
},
{
    "from": [ 2.644, 7.03663, 7.25131 ],
    "to": [ 4.4031, 7.28794, 7.50262 ],
    "faces": {
        "down":  { "uv": [ 2.28125, 0, 2.3125, 0.21875 ], "rotation": 270, "texture": "#texture" },
        "north": { "uv": [ 6.21875, 5.34375, 6.4375, 5.375 ], "texture": "#texture" },
        "west":  { "uv": [ 12.9375, 0.03125, 12.96875, 0.0625 ], "texture": "#texture" },
        "east":  { "uv": [ 3.9375, 5.21875, 3.96875, 5.25 ], "texture": "#texture" }
    }
},
{
    "from": [ 7.4189, 8.04188, 8.00525 ],
    "to": [ 10.6859, 8.29319, 8.50787 ],
    "faces": {
        "down":  { "uv": [ 1.4375, 0, 1.5, 0.40625 ], "rotation": 270, "texture": "#texture" },
        "south": { "uv": [ 14.25, 5.3125, 14.65625, 5.34375 ], "texture": "#texture" },
        "west":  { "uv": [ 1.4375, 0, 1.5, 0.03125 ], "texture": "#texture" },
        "east":  { "uv": [ 10.375, 5.25, 10.4375, 5.28125 ], "texture": "#texture" }
    }
},
{
    "from": [ 11.6911, 7.28794, 8.75916 ],
    "to": [ 13.7016, 7.53925, 9.01047 ],
    "faces": {
        "down":  { "uv": [ 2.25, 0, 2.28125, 0.25 ], "rotation": 270, "texture": "#texture" },
        "up":    { "uv": [ 2.25, 0, 2.28125, 0.25 ], "rotation": 270, "texture": "#texture" },
        "south": { "uv": [ 5.46875, 5.34375, 5.71875, 5.375 ], "texture": "#texture" },
        "west":  { "uv": [ 12.1875, 0, 12.21875, 0.03125 ], "texture": "#texture" },
        "east":  { "uv": [ 12.1875, 0, 12.21875, 0.03125 ], "texture": "#texture" }
    }
},
{
    "from": [ 10.1833, 7.53925, 7.50262 ],
    "to": [ 10.4346, 7.79056, 7.75393 ],
    "faces": {
        "up":    { "uv": [ 3.875, 5.34375, 3.90625, 5.375 ], "rotation": 270, "texture": "#texture" },
        "north": { "uv": [ 3.875, 5.34375, 3.90625, 5.375 ], "texture": "#texture" },
        "west":  { "uv": [ 3.875, 5.34375, 3.90625, 5.375 ], "texture": "#texture" },
        "east":  { "uv": [ 3.875, 5.34375, 3.90625, 5.375 ], "texture": "#texture" }
    }
},
{
    "from": [ 7.4189, 8.5445, 8.00525 ],
    "to": [ 8.4241, 8.79581, 8.25656 ],
    "faces": {
        "up":    { "uv": [ 1.375, 0, 1.40625, 0.125 ], "rotation": 270, "texture": "#texture" },
        "west":  { "uv": [ 12.5, 5.3125, 12.53125, 5.34375 ], "texture": "#texture" }
    }
},
{
    "from": [ 7.4189, 8.5445, 7.75394 ],
    "to": [ 9.932, 8.79581, 8.00525 ],
    "faces": {
        "up":    { "uv": [ 1.375, 0, 1.40625, 0.3125 ], "rotation": 270, "texture": "#texture" },
        "north": { "uv": [ 12.21875, 5.3125, 12.53125, 5.34375 ], "texture": "#texture" },
        "west":  { "uv": [ 12.5, 5.3125, 12.53125, 5.34375 ], "texture": "#texture" }
    }
},
{
    "from": [ 5.911, 7.53925, 7.75394 ],
    "to": [ 7.1675, 7.79056, 8.00525 ],
    "faces": {
        "up":    { "uv": [ 0.75, 0.09375, 0.78125, 0.25 ], "rotation": 270, "texture": "#texture" },
        "north": { "uv": [ 7.84375, 5.28125, 8, 5.3125 ], "texture": "#texture" }
    }
},
{
    "from": [ 9.178, 8.29319, 8.75916 ],
    "to": [ 9.4293, 8.5445, 9.01047 ],
    "faces": {
        "down":  { "uv": [ 3.46875, 5.21875, 3.5, 5.25 ], "rotation": 270, "texture": "#texture" },
        "up":    { "uv": [ 3.46875, 5.21875, 3.5, 5.25 ], "rotation": 270, "texture": "#texture" },
        "south": { "uv": [ 3.46875, 5.21875, 3.5, 5.25 ], "texture": "#texture" },
        "west":  { "uv": [ 3.46875, 5.21875, 3.5, 5.25 ], "texture": "#texture" },
        "east":  { "uv": [ 3.46875, 5.21875, 3.5, 5.25 ], "texture": "#texture" }
    }
},
{
    "from": [ 9.6806, 7.53925, 7.50262 ],
    "to": [ 9.9319, 7.79056, 7.75393 ],
    "faces": {
        "up":    { "uv": [ 10.375, 5.25, 10.40625, 5.28125 ], "rotation": 270, "texture": "#texture" },
        "north": { "uv": [ 10.375, 5.25, 10.40625, 5.28125 ], "texture": "#texture" },
        "west":  { "uv": [ 10.375, 5.25, 10.40625, 5.28125 ], "texture": "#texture" },
        "east":  { "uv": [ 10.375, 5.25, 10.40625, 5.28125 ], "texture": "#texture" }
    }
},
{
    "from": [ 3.3979, 6.534, 8.00525 ],
    "to": [ 4.4031, 6.78531, 8.25656 ],
    "faces": {
        "down":  { "uv": [ 2.3125, 0.09375, 2.34375, 0.21875 ], "rotation": 270, "texture": "#texture" },
        "east":  { "uv": [ 6.65625, 5.34375, 6.6875, 5.375 ], "texture": "#texture" }
    }
},
{
    "from": [ 6.6649, 6.28269, 7.50262 ],
    "to": [ 7.1676, 6.78531, 7.75393 ],
    "faces": {
        "north": { "uv": [ 11.625, 0, 11.6875, 0.0625 ], "texture": "#texture" },
        "west":  { "uv": [ 11.625, 0, 11.65625, 0.0625 ], "texture": "#texture" },
        "east":  { "uv": [ 11.625, 0, 11.65625, 0.0625 ], "texture": "#texture" }
    }
},
{
    "from": [ 9.4293, 7.53925, 7.75394 ],
    "to": [ 10.4346, 7.79056, 8.00525 ],
    "faces": {
        "up":    { "uv": [ 0.75, 0.53125, 0.78125, 0.65625 ], "rotation": 270, "texture": "#texture" },
        "north": { "uv": [ 7.4375, 5.28125, 7.5625, 5.3125 ], "texture": "#texture" }
    }
},
{
    "from": [ 8.1728, 8.29319, 7.75394 ],
    "to": [ 10.9372, 8.5445, 8.00525 ],
    "faces": {
        "down":  { "uv": [ 1.375, 0.09375, 1.40625, 0.4375 ], "rotation": 270, "texture": "#texture" },
        "north": { "uv": [ 12.09375, 5.3125, 12.4375, 5.34375 ], "texture": "#texture" },
        "east":  { "uv": [ 10.375, 5.25, 10.40625, 5.28125 ], "texture": "#texture" }
    }
},
{
    "from": [ 9.178, 8.5445, 7.50262 ],
    "to": [ 10.6859, 8.79581, 7.75393 ],
    "faces": {
        "up":    { "uv": [ 1.375, 0.21875, 1.40625, 0.40625 ], "rotation": 270, "texture": "#texture" },
        "north": { "uv": [ 12.125, 5.3125, 12.3125, 5.34375 ], "texture": "#texture" },
        "west":  { "uv": [ 3.46875, 5.21875, 3.5, 5.25 ], "texture": "#texture" },
        "east":  { "uv": [ 12.125, 5.3125, 12.15625, 5.34375 ], "texture": "#texture" }
    }
},
{
    "from": [ 10.6859, 7.79057, 7.75394 ],
    "to": [ 11.4398, 8.04187, 8.50786 ],
    "faces": {
        "up":    { "uv": [ 5.75, 0, 5.84375, 0.09375 ], "rotation": 270, "texture": "#texture" },
        "north": { "uv": [ 3.53125, 5.21875, 3.625, 5.25 ], "texture": "#texture" },
        "south": { "uv": [ 3.3125, 5.21875, 3.40625, 5.25 ], "texture": "#texture" },
        "west":  { "uv": [ 5.1875, 0.0625, 5.28125, 0.09375 ], "texture": "#texture" },
        "east":  { "uv": [ 3.15625, 5.21875, 3.25, 5.25 ], "texture": "#texture" }
    }
},
{
    "from": [ 13.1989, 7.03663, 8.50788 ],
    "to": [ 13.7016, 7.28794, 8.75918 ],
    "faces": {
        "north": { "uv": [ 13, 0.03125, 13.0625, 0.0625 ], "texture": "#texture" },
        "east":  { "uv": [ 12.96875, 0, 13, 0.03125 ], "texture": "#texture" }
    }
},
{
    "from": [ 2.644, 6.534, 8.25656 ],
    "to": [ 4.4031, 6.78531, 8.50787 ],
    "faces": {
        "down":  { "uv": [ 2.3125, 0, 2.34375, 0.21875 ], "rotation": 270, "texture": "#texture" },
        "up":    { "uv": [ 2.3125, 0, 2.34375, 0.21875 ], "rotation": 270, "texture": "#texture" },
        "south": { "uv": [ 6.875, 5.34375, 7.09375, 5.375 ], "texture": "#texture" },
        "west":  { "uv": [ 7.6875, 5.34375, 7.71875, 5.375 ], "texture": "#texture" },
        "east":  { "uv": [ 6.65625, 5.34375, 6.6875, 5.375 ], "texture": "#texture" }
    }
},
{
    "from": [ 10.4346, 8.5445, 8.25656 ],
    "to": [ 10.9372, 8.79581, 8.50787 ],
    "faces": {
        "south": { "uv": [ 12.90625, 5.3125, 12.96875, 5.34375 ], "texture": "#texture" },
        "east":  { "uv": [ 10.375, 5.25, 10.40625, 5.28125 ], "texture": "#texture" }
    }
},
{
    "from": [ 9.6806, 7.53925, 8.50788 ],
    "to": [ 9.9319, 7.79056, 8.75918 ],
    "faces": {
        "up":    { "uv": [ 10.375, 5.25, 10.40625, 5.28125 ], "rotation": 270, "texture": "#texture" },
        "south": { "uv": [ 10.375, 5.25, 10.40625, 5.28125 ], "texture": "#texture" },
        "west":  { "uv": [ 10.375, 5.25, 10.40625, 5.28125 ], "texture": "#texture" },
        "east":  { "uv": [ 10.375, 5.25, 10.40625, 5.28125 ], "texture": "#texture" }
    }
},
{
    "from": [ 9.4293, 7.28794, 7.50262 ],
    "to": [ 13.7016, 7.53925, 7.75393 ],
    "faces": {
        "up":    { "uv": [ 1.15625, 0, 1.1875, 0.53125 ], "rotation": 270, "texture": "#texture" },
        "north": { "uv": [ 8.65625, 5.3125, 9.1875, 5.34375 ], "texture": "#texture" },
        "south": { "uv": [ 9.1875, 5.3125, 9.71875, 5.34375 ], "texture": "#texture" },
        "east":  { "uv": [ 12.96875, 0, 13, 0.03125 ], "texture": "#texture" }
    }
},
{
    "from": [ 3.3979, 6.78532, 8.50788 ],
    "to": [ 4.4031, 7.03662, 8.75918 ],
    "faces": {
        "down":  { "uv": [ 2.3125, 0.09375, 2.34375, 0.21875 ], "rotation": 270, "texture": "#texture" },
        "south": { "uv": [ 6.96875, 5.34375, 7.09375, 5.375 ], "texture": "#texture" },
        "east":  { "uv": [ 6.65625, 5.34375, 6.6875, 5.375 ], "texture": "#texture" }
    }
},
{
    "from": [ 5.1571, 6.78532, 7.75394 ],
    "to": [ 7.6702, 7.03662, 8.00525 ],
    "faces": {
        "down":  { "uv": [ 0.3125, 0.28125, 0.34375, 0.59375 ], "rotation": 270, "texture": "#texture" },
        "north": { "uv": [ 3.53125, 5.21875, 3.84375, 5.25 ], "texture": "#texture" }
    }
},
{
    "from": [ 3.3979, 7.53925, 8.50788 ],
    "to": [ 5.911, 7.79056, 8.75918 ],
    "faces": {
        "up":    { "uv": [ 1.59375, 0.0625, 1.625, 0.375 ], "rotation": 270, "texture": "#texture" },
        "south": { "uv": [ 9.3125, 0.03125, 9.625, 0.0625 ], "texture": "#texture" },
        "east":  { "uv": [ 12.9375, 0.03125, 12.96875, 0.0625 ], "texture": "#texture" }
    }
},
{
    "from": [ 2.8953, 7.03663, 8.25656 ],
    "to": [ 6.6649, 7.28794, 8.50787 ],
    "faces": {
        "west":  { "uv": [ 12.96875, 0, 13, 0.03125 ], "texture": "#texture" }
    }
},
{
    "from": [ 9.6806, 7.28794, 8.75916 ],
    "to": [ 9.9319, 7.53925, 9.01047 ],
    "faces": {
        "up":    { "uv": [ 10.375, 5.25, 10.40625, 5.28125 ], "rotation": 270, "texture": "#texture" },
        "south": { "uv": [ 10.375, 5.25, 10.40625, 5.28125 ], "texture": "#texture" },
        "west":  { "uv": [ 10.375, 5.25, 10.40625, 5.28125 ], "texture": "#texture" },
        "east":  { "uv": [ 10.375, 5.25, 10.40625, 5.28125 ], "texture": "#texture" }
    }
},
{
    "from": [ 2.644, 7.03663, 8.75916 ],
    "to": [ 4.4031, 7.28794, 9.01047 ],
    "faces": {
        "down":  { "uv": [ 2.28125, 0, 2.3125, 0.21875 ], "rotation": 270, "texture": "#texture" },
        "south": { "uv": [ 6.4375, 5.34375, 6.65625, 5.375 ], "texture": "#texture" },
        "west":  { "uv": [ 12.9375, 0.03125, 12.96875, 0.0625 ], "texture": "#texture" },
        "east":  { "uv": [ 3.9375, 5.21875, 3.96875, 5.25 ], "texture": "#texture" }
    }
},
{
    "from": [ 12.6963, 8.04188, 7.75394 ],
    "to": [ 13.7016, 8.29319, 8.50786 ],
    "faces": {
        "down":  { "uv": [ 3.875, 0, 3.96875, 0.125 ], "rotation": 270, "texture": "#texture" },
        "up":    { "uv": [ 3.875, 0, 3.96875, 0.125 ], "rotation": 270, "texture": "#texture" },
        "north": { "uv": [ 10.75, 5.34375, 10.875, 5.375 ], "texture": "#texture" },
        "south": { "uv": [ 10.875, 5.34375, 11, 5.375 ], "texture": "#texture" },
        "west":  { "uv": [ 9.625, 5.34375, 9.71875, 5.375 ], "texture": "#texture" },
        "east":  { "uv": [ 3.875, 0.03125, 3.96875, 0.0625 ], "texture": "#texture" }
    }
},
{
    "from": [ 2.8953, 7.53925, 8.00525 ],
    "to": [ 5.1571, 7.79056, 8.25656 ],
    "faces": {
        "west":  { "uv": [ 12.96875, 0, 13, 0.03125 ], "texture": "#texture" }
    }
},
{
    "from": [ 6.4136, 7.03663, 8.75916 ],
    "to": [ 7.4189, 7.28794, 9.01047 ],
    "faces": {
        "down":  { "uv": [ 1.3125, 0.21875, 1.34375, 0.34375 ], "rotation": 270, "texture": "#texture" },
        "up":    { "uv": [ 1.3125, 0.21875, 1.34375, 0.34375 ], "rotation": 270, "texture": "#texture" },
        "south": { "uv": [ 13.03125, 5.3125, 13.15625, 5.34375 ], "texture": "#texture" },
        "west":  { "uv": [ 12.1875, 0, 12.21875, 0.03125 ], "texture": "#texture" },
        "east":  { "uv": [ 12.1875, 0, 12.21875, 0.03125 ], "texture": "#texture" }
    }
},
{
    "from": [ 2.8953, 7.53926, 7.75394 ],
    "to": [ 5.911, 8.04187, 8.00525 ],
    "faces": {
        "up":    { "uv": [ 1.625, 0, 1.65625, 0.375 ], "rotation": 270, "texture": "#texture" },
        "north": { "uv": [ 8.875, 0, 9.25, 0.0625 ], "texture": "#texture" },
        "west":  { "uv": [ 12.96875, 0, 13, 0.0625 ], "texture": "#texture" },
        "east":  { "uv": [ 8.875, 0, 8.90625, 0.0625 ], "texture": "#texture" }
    }
},
{
    "from": [ 5.1571, 7.53925, 8.00525 ],
    "to": [ 11.9424, 7.79056, 8.25656 ],
    "faces": {
        "up":    { "uv": [ 0.75, 0, 0.78125, 0.84375 ], "rotation": 270, "texture": "#texture" }
    }
},
{
    "from": [ 9.6806, 8.04188, 8.50788 ],
    "to": [ 9.9319, 8.29319, 8.75918 ],
    "faces": {
        "down":  { "uv": [ 3.46875, 5.21875, 3.5, 5.25 ], "rotation": 270, "texture": "#texture" },
        "south": { "uv": [ 3.46875, 5.21875, 3.5, 5.25 ], "texture": "#texture" },
        "west":  { "uv": [ 3.46875, 5.21875, 3.5, 5.25 ], "texture": "#texture" },
        "east":  { "uv": [ 3.46875, 5.21875, 3.5, 5.25 ], "texture": "#texture" }
    }
},
{
    "from": [ 2.644, 7.53925, 7.50262 ],
    "to": [ 4.4031, 7.79056, 7.75393 ],
    "faces": {
        "south": { "uv": [ 7.3125, 5.34375, 7.53125, 5.375 ], "texture": "#texture" },
        "west":  { "uv": [ 12.96875, 0, 13, 0.03125 ], "texture": "#texture" }
    }
},
{
    "from": [ 7.6702, 8.79582, 7.75394 ],
    "to": [ 8.6754, 9.04712, 8.50786 ],
    "faces": {
        "up":    { "uv": [ 4.0625, 0, 4.15625, 0.125 ], "rotation": 270, "texture": "#texture" },
        "north": { "uv": [ 12.21875, 5.3125, 12.34375, 5.34375 ], "texture": "#texture" },
        "south": { "uv": [ 12.21875, 5.3125, 12.34375, 5.34375 ], "texture": "#texture" },
        "west":  { "uv": [ 12.21875, 5.3125, 12.3125, 5.34375 ], "texture": "#texture" },
        "east":  { "uv": [ 12.21875, 5.3125, 12.3125, 5.34375 ], "texture": "#texture" }
    }
},
{
    "from": [ 7.4189, 8.04188, 7.75394 ],
    "to": [ 9.6807, 8.29319, 8.00525 ],
    "faces": {
        "down":  { "uv": [ 1.375, 0, 1.40625, 0.28125 ], "rotation": 270, "texture": "#texture" },
        "north": { "uv": [ 12.25, 5.3125, 12.53125, 5.34375 ], "texture": "#texture" },
        "west":  { "uv": [ 12.5, 5.3125, 12.53125, 5.34375 ], "texture": "#texture" }
    }
},
{
    "from": [ 5.911, 7.03663, 8.50788 ],
    "to": [ 7.1675, 7.28794, 8.75918 ],
    "faces": {
        "down":  { "uv": [ 0.3125, 0.375, 0.34375, 0.53125 ], "rotation": 270, "texture": "#texture" },
        "south": { "uv": [ 3.1875, 5.21875, 3.34375, 5.25 ], "texture": "#texture" }
    }
},
{
    "from": [ 7.4189, 8.5445, 8.25656 ],
    "to": [ 10.4346, 8.79581, 8.50787 ],
    "faces": {
        "up":    { "uv": [ 1.375, 0, 1.40625, 0.375 ], "rotation": 270, "texture": "#texture" },
        "south": { "uv": [ 12.53125, 5.3125, 12.90625, 5.34375 ], "texture": "#texture" },
        "west":  { "uv": [ 12.5, 5.3125, 12.53125, 5.34375 ], "texture": "#texture" }
    }
},
{
    "from": [ 6.4136, 6.78532, 8.50788 ],
    "to": [ 7.4189, 7.03662, 8.75918 ],
    "faces": {
        "down":  { "uv": [ 1.3125, 0.21875, 1.34375, 0.34375 ], "rotation": 270, "texture": "#texture" },
        "south": { "uv": [ 13.03125, 5.3125, 13.15625, 5.34375 ], "texture": "#texture" },
        "west":  { "uv": [ 12.1875, 0, 12.21875, 0.03125 ], "texture": "#texture" },
        "east":  { "uv": [ 12.1875, 0, 12.21875, 0.03125 ], "texture": "#texture" }
    }
},
{
    "from": [ 12.6963, 7.03663, 7.25131 ],
    "to": [ 13.7016, 7.28794, 7.50262 ],
    "faces": {
        "down":  { "uv": [ 4.15625, 0, 4.1875, 0.125 ], "rotation": 270, "texture": "#texture" },
        "north": { "uv": [ 10.25, 5.34375, 10.375, 5.375 ], "texture": "#texture" },
        "west":  { "uv": [ 7.59375, 5.34375, 7.625, 5.375 ], "texture": "#texture" },
        "east":  { "uv": [ 10.375, 5.25, 10.40625, 5.28125 ], "texture": "#texture" }
    }
},
{
    "from": [ 7.9214, 8.29319, 7.25131 ],
    "to": [ 8.4241, 8.5445, 7.50262 ],
    "faces": {
        "down":  { "uv": [ 1.375, 0.0625, 1.40625, 0.125 ], "rotation": 270, "texture": "#texture" },
        "up":    { "uv": [ 1.375, 0.0625, 1.40625, 0.125 ], "rotation": 270, "texture": "#texture" },
        "north": { "uv": [ 12.40625, 5.3125, 12.46875, 5.34375 ], "texture": "#texture" },
        "west":  { "uv": [ 12.40625, 5.3125, 12.4375, 5.34375 ], "texture": "#texture" },
        "east":  { "uv": [ 12.40625, 5.3125, 12.4375, 5.34375 ], "texture": "#texture" }
    }
},
{
    "from": [ 2.8953, 7.03663, 8.00525 ],
    "to": [ 13.4503, 7.28794, 8.25656 ],
    "faces": {
        "west":  { "uv": [ 12.96875, 0, 13, 0.03125 ], "texture": "#texture" },
        "east":  { "uv": [ 12.96875, 0, 13, 0.03125 ], "texture": "#texture" }
    }
},
{
    "from": [ 11.6911, 7.53925, 8.50788 ],
    "to": [ 12.1937, 7.79056, 8.75918 ],
    "faces": {
        "up":    { "uv": [ 3.09375, 0.0625, 3.125, 0.125 ], "rotation": 270, "texture": "#texture" },
        "south": { "uv": [ 7.625, 5.34375, 7.6875, 5.375 ], "texture": "#texture" },
        "west":  { "uv": [ 7.625, 5.34375, 7.65625, 5.375 ], "texture": "#texture" }
    }
},
{
    "from": [ 6.4136, 7.03663, 7.25131 ],
    "to": [ 7.4189, 7.28794, 7.50262 ],
    "faces": {
        "down":  { "uv": [ 1.3125, 0.21875, 1.34375, 0.34375 ], "rotation": 270, "texture": "#texture" },
        "up":    { "uv": [ 1.3125, 0.21875, 1.34375, 0.34375 ], "rotation": 270, "texture": "#texture" },
        "north": { "uv": [ 13.03125, 5.3125, 13.15625, 5.34375 ], "texture": "#texture" },
        "west":  { "uv": [ 12.1875, 0, 12.21875, 0.03125 ], "texture": "#texture" },
        "east":  { "uv": [ 12.1875, 0, 12.21875, 0.03125 ], "texture": "#texture" }
    }
},
{
    "from": [ 2.8953, 7.28794, 8.25656 ],
    "to": [ 3.3979, 7.53925, 8.50787 ],
    "faces": {
        "west":  { "uv": [ 12.96875, 0, 13, 0.03125 ], "texture": "#texture" }
    }
},
{
    "from": [ 10.1833, 8.04188, 8.50788 ],
    "to": [ 10.4346, 8.29319, 8.75918 ],
    "faces": {
        "down":  { "uv": [ 11.5, 5.34375, 11.5313, 5.375 ], "rotation": 270, "texture": "#texture" },
        "south": { "uv": [ 11.5, 5.34375, 11.53125, 5.375 ], "texture": "#texture" },
        "west":  { "uv": [ 11.5, 5.34375, 11.53125, 5.375 ], "texture": "#texture" },
        "east":  { "uv": [ 11.5, 5.34375, 11.53125, 5.375 ], "texture": "#texture" }
    }
},
{
    "from": [ 5.1571, 7.53925, 7.50262 ],
    "to": [ 5.911, 7.79056, 7.75393 ],
    "faces": {
        "up":    { "uv": [ 2.28125, 0, 2.3125, 0.09375 ], "rotation": 270, "texture": "#texture" },
        "north": { "uv": [ 6.34375, 5.34375, 6.4375, 5.375 ], "texture": "#texture" },
        "east":  { "uv": [ 12.9375, 0.03125, 12.96875, 0.0625 ], "texture": "#texture" }
    }
},
{
    "from": [ 2.8953, 7.28794, 8.00525 ],
    "to": [ 12.6963, 7.53925, 8.25656 ],
    "faces": {
        "west":  { "uv": [ 12.96875, 0, 13, 0.03125 ], "texture": "#texture" }
    }
},
{
    "from": [ 6.6649, 6.78532, 7.25131 ],
    "to": [ 7.1676, 7.03662, 7.50262 ],
    "faces": {
        "down":  { "uv": [ 1.65625, 0.09375, 1.6875, 0.15625 ], "rotation": 270, "texture": "#texture" },
        "north": { "uv": [ 5.1875, 0.0625, 5.25, 0.09375 ], "texture": "#texture" },
        "west":  { "uv": [ 12.1875, 0, 12.21875, 0.03125 ], "texture": "#texture" },
        "east":  { "uv": [ 12.1875, 0, 12.21875, 0.03125 ], "texture": "#texture" }
    }
},
{
    "from": [ 2.644, 7.28794, 7.25131 ],
    "to": [ 4.9058, 7.53925, 7.50262 ],
    "faces": {
        "down":  { "uv": [ 1.5625, 0, 1.59375, 0.28125 ], "rotation": 270, "texture": "#texture" },
        "north": { "uv": [ 0.9375, 5.34375, 1.21875, 5.375 ], "texture": "#texture" },
        "west":  { "uv": [ 12.1875, 0, 12.21875, 0.03125 ], "texture": "#texture" }
    }
},
{
    "from": [ 10.1833, 7.53925, 8.25656 ],
    "to": [ 13.4503, 7.79056, 8.50787 ],
    "faces": {
        "up":    { "uv": [ 1.53125, 0, 1.5625, 0.40625 ], "rotation": 270, "texture": "#texture" },
        "south": { "uv": [ 0.40625, 5.34375, 0.8125, 5.375 ], "texture": "#texture" },
        "east":  { "uv": [ 12.96875, 0, 13, 0.03125 ], "texture": "#texture" }
    }
},
{
    "from": [ 6.4136, 6.78532, 7.50262 ],
    "to": [ 7.4189, 7.03662, 7.75393 ],
    "faces": {
        "down":  { "uv": [ 1.3125, 0.21875, 1.34375, 0.34375 ], "rotation": 270, "texture": "#texture" },
        "north": { "uv": [ 13.03125, 5.3125, 13.15625, 5.34375 ], "texture": "#texture" },
        "west":  { "uv": [ 12.1875, 0, 12.21875, 0.03125 ], "texture": "#texture" },
        "east":  { "uv": [ 12.1875, 0, 12.21875, 0.03125 ], "texture": "#texture" }
    }
},
{
    "from": [ 5.1571, 7.03663, 8.50788 ],
    "to": [ 5.911, 7.28794, 8.75918 ],
    "faces": {
        "down":  { "uv": [ 0.3125, 0.875, 0.34375, 0.96875 ], "rotation": 270, "texture": "#texture" },
        "south": { "uv": [ 3.15625, 5.21875, 3.25, 5.25 ], "texture": "#texture" }
    }
},
{
    "from": [ 8.9267, 7.03663, 8.75916 ],
    "to": [ 9.9319, 7.28794, 9.01047 ],
    "faces": {
        "down":  { "uv": [ 1.3125, 0.21875, 1.34375, 0.34375 ], "rotation": 270, "texture": "#texture" },
        "up":    { "uv": [ 1.3125, 0.21875, 1.34375, 0.34375 ], "rotation": 270, "texture": "#texture" },
        "south": { "uv": [ 13.03125, 5.3125, 13.15625, 5.34375 ], "texture": "#texture" },
        "west":  { "uv": [ 12.1875, 0, 12.21875, 0.03125 ], "texture": "#texture" },
        "east":  { "uv": [ 12.1875, 0, 12.21875, 0.03125 ], "texture": "#texture" }
    }
},
{
    "from": [ 6.1623, 7.28794, 8.50788 ],
    "to": [ 12.1937, 7.53925, 8.75918 ],
    "faces": {
        "up":    { "uv": [ 0.375, 0.40625, 0.40625, 1.15625 ], "rotation": 270, "texture": "#texture" },
        "south": { "uv": [ 9.6875, 5.21875, 10.4375, 5.25 ], "texture": "#texture" }
    }
},
{
    "from": [ 9.4293, 6.78532, 8.25656 ],
    "to": [ 13.4503, 7.03662, 8.50787 ],
    "faces": {
        "down":  { "uv": [ 0.96875, 0.21875, 1, 0.71875 ], "rotation": 270, "texture": "#texture" },
        "south": { "uv": [ 3.28125, 5.3125, 3.78125, 5.34375 ], "texture": "#texture" },
        "east":  { "uv": [ 12.96875, 0, 13, 0.03125 ], "texture": "#texture" }
    }
},
{
    "from": [ 6.6649, 6.78532, 8.75916 ],
    "to": [ 7.1676, 7.03662, 9.01047 ],
    "faces": {
        "down":  { "uv": [ 1.65625, 0.09375, 1.6875, 0.15625 ], "rotation": 270, "texture": "#texture" },
        "south": { "uv": [ 5.1875, 0.0625, 5.25, 0.09375 ], "texture": "#texture" },
        "west":  { "uv": [ 12.1875, 0, 12.21875, 0.03125 ], "texture": "#texture" },
        "east":  { "uv": [ 12.1875, 0, 12.21875, 0.03125 ], "texture": "#texture" }
    }
},
{
    "from": [ 10.1833, 7.28794, 7.25131 ],
    "to": [ 10.4346, 7.53925, 7.50262 ],
    "faces": {
        "down":  { "uv": [ 8.78125, 5.34375, 8.8125, 5.375 ], "rotation": 270, "texture": "#texture" },
        "up":    { "uv": [ 8.78125, 5.34375, 8.8125, 5.375 ], "rotation": 270, "texture": "#texture" },
        "north": { "uv": [ 8.78125, 5.34375, 8.8125, 5.375 ], "texture": "#texture" },
        "west":  { "uv": [ 8.78125, 5.34375, 8.8125, 5.375 ], "texture": "#texture" },
        "east":  { "uv": [ 8.78125, 5.34375, 8.8125, 5.375 ], "texture": "#texture" }
    }
},
{
    "from": [ 2.644, 6.78532, 7.50262 ],
    "to": [ 4.4031, 7.03662, 7.75393 ],
    "faces": {
        "down":  { "uv": [ 2.3125, 0, 2.34375, 0.21875 ], "rotation": 270, "texture": "#texture" },
        "north": { "uv": [ 6.65625, 5.34375, 6.875, 5.375 ], "texture": "#texture" },
        "south": { "uv": [ 6.875, 5.34375, 7.09375, 5.375 ], "texture": "#texture" },
        "west":  { "uv": [ 7.6875, 5.34375, 7.71875, 5.375 ], "texture": "#texture" },
        "east":  { "uv": [ 6.65625, 5.34375, 6.6875, 5.375 ], "texture": "#texture" }
    }
},
{
    "from": [ 7.9214, 8.04188, 7.50262 ],
    "to": [ 8.4241, 8.29319, 7.75393 ],
    "faces": {
        "down":  { "uv": [ 1.375, 0.0625, 1.40625, 0.125 ], "rotation": 270, "texture": "#texture" },
        "north": { "uv": [ 12.40625, 5.3125, 12.46875, 5.34375 ], "texture": "#texture" },
        "west":  { "uv": [ 12.40625, 5.3125, 12.4375, 5.34375 ], "texture": "#texture" },
        "east":  { "uv": [ 12.40625, 5.3125, 12.4375, 5.34375 ], "texture": "#texture" }
    }
},
{
    "from": [ 3.9005, 7.79057, 8.50788 ],
    "to": [ 4.9058, 8.04187, 8.75918 ],
    "faces": {
        "up":    { "uv": [ 1.96875, 0.125, 2, 0.25 ], "rotation": 270, "texture": "#texture" },
        "south": { "uv": [ 3.25, 5.34375, 3.375, 5.375 ], "texture": "#texture" },
        "east":  { "uv": [ 3.875, 5.34375, 3.90625, 5.375 ], "texture": "#texture" }
    }
},
{
    "from": [ 3.1466, 7.03663, 7.50262 ],
    "to": [ 13.7016, 7.28794, 7.75393 ],
    "faces": {
        "down":  { "uv": [ 0.34375, 0, 0.375, 1.3125 ], "rotation": 270, "texture": "#texture" },
        "north": { "uv": [ 5.4375, 5.21875, 6.75, 5.25 ], "texture": "#texture" },
        "south": { "uv": [ 6.75, 5.21875, 8.0625, 5.25 ], "texture": "#texture" },
        "east":  { "uv": [ 12.96875, 0, 13, 0.03125 ], "texture": "#texture" }
    }
},
{
    "from": [ 9.9319, 8.5445, 7.75394 ],
    "to": [ 10.9372, 8.79581, 8.00525 ],
    "faces": {
        "north": { "uv": [ 12.09375, 5.3125, 12.21875, 5.34375 ], "texture": "#texture" },
        "east":  { "uv": [ 10.375, 5.25, 10.40625, 5.28125 ], "texture": "#texture" }
    }
},
{
    "from": [ 2.8953, 7.28794, 7.75394 ],
    "to": [ 5.4084, 7.53925, 8.00525 ],
    "faces": {
        "west":  { "uv": [ 12.96875, 0, 13, 0.03125 ], "texture": "#texture" }
    }
},
{
    "from": [ 7.6702, 6.78532, 7.75394 ],
    "to": [ 13.4503, 7.03662, 8.00525 ],
    "faces": {
        "down":  { "uv": [ 0.96875, 0, 1, 0.71875 ], "rotation": 270, "texture": "#texture" },
        "north": { "uv": [ 2.34375, 5.3125, 3.0625, 5.34375 ], "texture": "#texture" },
        "east":  { "uv": [ 12.96875, 0, 13, 0.03125 ], "texture": "#texture" }
    }
},
{
    "from": [ 8.9267, 7.28794, 8.75916 ],
    "to": [ 9.4293, 7.53925, 9.01047 ],
    "faces": {
        "up":    { "uv": [ 0.59375, 0.25, 0.625, 0.3125 ], "rotation": 270, "texture": "#texture" },
        "south": { "uv": [ 10.375, 5.25, 10.4375, 5.28125 ], "texture": "#texture" },
        "west":  { "uv": [ 10.375, 5.25, 10.40625, 5.28125 ], "texture": "#texture" },
        "east":  { "uv": [ 10.375, 5.25, 10.40625, 5.28125 ], "texture": "#texture" }
    }
},
{
    "from": [ 2.644, 7.28794, 8.75916 ],
    "to": [ 5.911, 7.53925, 9.01047 ],
    "faces": {
        "down":  { "uv": [ 1.5625, 0, 1.59375, 0.40625 ], "rotation": 270, "texture": "#texture" },
        "up":    { "uv": [ 1.5625, 0, 1.59375, 0.40625 ], "rotation": 270, "texture": "#texture" },
        "south": { "uv": [ 1.21875, 5.34375, 1.625, 5.375 ], "texture": "#texture" },
        "west":  { "uv": [ 12.1875, 0, 12.21875, 0.03125 ], "texture": "#texture" },
        "east":  { "uv": [ 8.78125, 5.34375, 8.8125, 5.375 ], "texture": "#texture" }
    }
},
{
    "from": [ 4.9058, 7.53925, 8.25656 ],
    "to": [ 7.4188, 7.79056, 8.50787 ],
    "faces": {
        "up":    { "uv": [ 1.8125, 0, 1.84375, 0.3125 ], "rotation": 270, "texture": "#texture" },
        "south": { "uv": [ 2.9375, 5.34375, 3.25, 5.375 ], "texture": "#texture" }
    }
},
{
    "from": [ 12.6963, 6.78532, 8.50788 ],
    "to": [ 13.7016, 7.03662, 8.75918 ],
    "faces": {
        "down":  { "uv": [ 4.21875, 0, 4.25, 0.125 ], "rotation": 270, "texture": "#texture" },
        "north": { "uv": [ 11, 5.34375, 11.125, 5.375 ], "texture": "#texture" },
        "south": { "uv": [ 11.125, 5.34375, 11.25, 5.375 ], "texture": "#texture" },
        "west":  { "uv": [ 7.59375, 5.34375, 7.625, 5.375 ], "texture": "#texture" },
        "east":  { "uv": [ 10.375, 5.25, 10.40625, 5.28125 ], "texture": "#texture" }
    }
},
{
    "from": [ 12.6963, 7.79057, 8.50788 ],
    "to": [ 13.7016, 8.04187, 8.75918 ],
    "faces": {
        "up":    { "uv": [ 4.1875, 0, 4.21875, 0.125 ], "rotation": 270, "texture": "#texture" },
        "north": { "uv": [ 11.71875, 0, 11.84375, 0.03125 ], "texture": "#texture" },
        "south": { "uv": [ 11.875, 0, 12, 0.03125 ], "texture": "#texture" },
        "west":  { "uv": [ 7.59375, 5.34375, 7.625, 5.375 ], "texture": "#texture" },
        "east":  { "uv": [ 7.625, 5.34375, 7.65625, 5.375 ], "texture": "#texture" }
    }
},
{
    "from": [ 2.8953, 6.78532, 8.00525 ],
    "to": [ 6.6649, 7.03662, 8.25656 ],
    "faces": {
        "down":  { "uv": [ 1.03125, 0, 1.0625, 0.46875 ], "rotation": 270, "texture": "#texture" },
        "west":  { "uv": [ 12.96875, 0, 13, 0.03125 ], "texture": "#texture" }
    }
},
{
    "from": [ 4.9058, 7.28794, 7.25131 ],
    "to": [ 5.911, 7.53925, 7.50262 ],
    "faces": {
        "down":  { "uv": [ 0.375, 0.3125, 0.40625, 0.4375 ], "rotation": 270, "texture": "#texture" },
        "up":    { "uv": [ 0.375, 0.3125, 0.40625, 0.4375 ], "rotation": 270, "texture": "#texture" },
        "north": { "uv": [ 8.84375, 5.21875, 8.96875, 5.25 ], "texture": "#texture" },
        "east":  { "uv": [ 8.78125, 5.34375, 8.8125, 5.375 ], "texture": "#texture" }
    }
},
{
    "from": [ 11.9424, 6.78532, 8.00525 ],
    "to": [ 13.4503, 7.03662, 8.25656 ],
    "faces": {
        "down":  { "uv": [ 0.96875, 0.53125, 1, 0.71875 ], "rotation": 270, "texture": "#texture" },
        "east":  { "uv": [ 12.96875, 0, 13, 0.03125 ], "texture": "#texture" }
    }
},
{
    "from": [ 9.178, 8.79582, 7.75394 ],
    "to": [ 10.6859, 9.04712, 8.00525 ],
    "faces": {
        "up":    { "uv": [ 2.1875, 0, 2.21875, 0.1875 ], "rotation": 270, "texture": "#texture" },
        "north": { "uv": [ 5.78125, 5.34375, 5.96875, 5.375 ], "texture": "#texture" },
        "west":  { "uv": [ 3.46875, 5.21875, 3.5, 5.25 ], "texture": "#texture" }
    }
},
{
    "from": [ 2.8953, 7.03663, 7.75394 ],
    "to": [ 8.9267, 7.28794, 8.00525 ],
    "faces": {
        "west":  { "uv": [ 12.96875, 0, 13, 0.03125 ], "texture": "#texture" }
    }
},
{
    "from": [ 11.6911, 7.53925, 7.50262 ],
    "to": [ 12.6964, 7.79056, 7.75393 ],
    "faces": {
        "up":    { "uv": [ 1.53125, 0.1875, 1.5625, 0.3125 ], "rotation": 270, "texture": "#texture" },
        "north": { "uv": [ 14.75, 5.3125, 14.875, 5.34375 ], "texture": "#texture" },
        "west":  { "uv": [ 7.625, 5.34375, 7.65625, 5.375 ], "texture": "#texture" }
    }
},
{
    "from": [ 9.178, 8.79582, 8.00525 ],
    "to": [ 11.1885, 9.04712, 8.50787 ],
    "faces": {
        "down":  { "uv": [ 2.1875, 0, 2.25, 0.25 ], "rotation": 270, "texture": "#texture" },
        "up":    { "uv": [ 2.1875, 0, 2.25, 0.25 ], "rotation": 270, "texture": "#texture" },
        "south": { "uv": [ 5.96875, 5.34375, 6.21875, 5.375 ], "texture": "#texture" },
        "west":  { "uv": [ 3.4375, 5.21875, 3.5, 5.25 ], "texture": "#texture" },
        "east":  { "uv": [ 10.375, 5.25, 10.4375, 5.28125 ], "texture": "#texture" }
    }
},
{
    "from": [ 10.6859, 7.28794, 7.25131 ],
    "to": [ 11.4398, 7.53925, 7.50262 ],
    "faces": {
        "down":  { "uv": [ 0.375, 0.3125, 0.40625, 0.40625 ], "rotation": 270, "texture": "#texture" },
        "up":    { "uv": [ 0.375, 0.3125, 0.40625, 0.40625 ], "rotation": 270, "texture": "#texture" },
        "north": { "uv": [ 8.84375, 5.21875, 8.9375, 5.25 ], "texture": "#texture" },
        "west":  { "uv": [ 8.78125, 5.34375, 8.8125, 5.375 ], "texture": "#texture" },
        "east":  { "uv": [ 8.78125, 5.34375, 8.8125, 5.375 ], "texture": "#texture" }
    }
},
{
    "from": [ 8.4241, 7.03663, 8.25656 ],
    "to": [ 13.4502, 7.28794, 8.50787 ],
    "faces": {
        "east":  { "uv": [ 12.96875, 0, 13, 0.03125 ], "texture": "#texture" }
    }
},
{
    "from": [ 12.6963, 7.53925, 8.75916 ],
    "to": [ 13.7016, 7.79056, 9.01047 ],
    "faces": {
        "up":    { "uv": [ 2.25, 0.125, 2.28125, 0.25 ], "rotation": 270, "texture": "#texture" },
        "south": { "uv": [ 5.3125, 5.34375, 5.4375, 5.375 ], "texture": "#texture" },
        "west":  { "uv": [ 7.59375, 5.34375, 7.625, 5.375 ], "texture": "#texture" },
        "east":  { "uv": [ 12.1875, 0, 12.21875, 0.03125 ], "texture": "#texture" }
    }
},
{
    "from": [ 9.6806, 8.04188, 7.75394 ],
    "to": [ 10.6859, 8.29319, 8.00525 ],
    "faces": {
        "down":  { "uv": [ 1.4375, 0.28125, 1.46875, 0.40625 ], "rotation": 270, "texture": "#texture" },
        "north": { "uv": [ 13.84375, 5.3125, 13.96875, 5.34375 ], "texture": "#texture" },
        "east":  { "uv": [ 10.375, 5.25, 10.40625, 5.28125 ], "texture": "#texture" }
    }
},
{
    "from": [ 11.6911, 7.79057, 8.25656 ],
    "to": [ 13.4503, 8.04187, 8.50787 ],
    "faces": {
        "up":    { "uv": [ 2.34375, 0, 2.375, 0.21875 ], "rotation": 270, "texture": "#texture" },
        "south": { "uv": [ 7.75, 5.34375, 7.96875, 5.375 ], "texture": "#texture" },
        "west":  { "uv": [ 7.6875, 5.34375, 7.71875, 5.375 ], "texture": "#texture" },
        "east":  { "uv": [ 12.96875, 0, 13, 0.03125 ], "texture": "#texture" }
    }
},
{
    "from": [ 10.1833, 8.04188, 7.50262 ],
    "to": [ 10.4346, 8.29319, 7.75393 ],
    "faces": {
        "down":  { "uv": [ 11.5, 5.34375, 11.5313, 5.375 ], "rotation": 270, "texture": "#texture" },
        "north": { "uv": [ 11.5, 5.34375, 11.53125, 5.375 ], "texture": "#texture" },
        "west":  { "uv": [ 11.5, 5.34375, 11.53125, 5.375 ], "texture": "#texture" },
        "east":  { "uv": [ 11.5, 5.34375, 11.53125, 5.375 ], "texture": "#texture" }
    }
},
{
    "from": [ 8.9267, 6.78532, 7.50262 ],
    "to": [ 9.9319, 7.03662, 7.75393 ],
    "faces": {
        "down":  { "uv": [ 1.3125, 0.21875, 1.34375, 0.34375 ], "rotation": 270, "texture": "#texture" },
        "north": { "uv": [ 13.03125, 5.3125, 13.15625, 5.34375 ], "texture": "#texture" },
        "west":  { "uv": [ 12.1875, 0, 12.21875, 0.03125 ], "texture": "#texture" },
        "east":  { "uv": [ 12.1875, 0, 12.21875, 0.03125 ], "texture": "#texture" }
    }
},
{
    "from": [ 7.6702, 8.29319, 7.50262 ],
    "to": [ 10.6859, 8.5445, 7.75393 ],
    "faces": {
        "down":  { "uv": [ 1.375, 0.03125, 1.40625, 0.40625 ], "rotation": 270, "texture": "#texture" },
        "up":    { "uv": [ 1.375, 0.03125, 1.40625, 0.40625 ], "rotation": 270, "texture": "#texture" },
        "north": { "uv": [ 12.125, 5.3125, 12.5, 5.34375 ], "texture": "#texture" },
        "west":  { "uv": [ 12.46875, 5.3125, 12.5, 5.34375 ], "texture": "#texture" },
        "east":  { "uv": [ 12.125, 5.3125, 12.15625, 5.34375 ], "texture": "#texture" }
    }
},
{
    "from": [ 11.4398, 6.78532, 8.50788 ],
    "to": [ 11.6911, 7.03662, 8.75918 ],
    "faces": {
        "down":  { "uv": [ 3.375, 5.21875, 3.40625, 5.25 ], "rotation": 270, "texture": "#texture" },
        "south": { "uv": [ 3.375, 5.21875, 3.40625, 5.25 ], "texture": "#texture" },
        "west":  { "uv": [ 3.375, 5.21875, 3.40625, 5.25 ], "texture": "#texture" },
        "east":  { "uv": [ 3.375, 5.21875, 3.40625, 5.25 ], "texture": "#texture" }
    }
},
{
    "from": [ 2.8953, 7.79057, 8.00525 ],
    "to": [ 4.6544, 8.04187, 8.25656 ],
    "faces": {
        "west":  { "uv": [ 12.96875, 0, 13, 0.03125 ], "texture": "#texture" }
    }
},
{
    "from": [ 5.911, 7.28794, 8.25656 ],
    "to": [ 13.4503, 7.53925, 8.50787 ],
    "faces": {
        "east":  { "uv": [ 12.96875, 0, 13, 0.03125 ], "texture": "#texture" }
    }
},
{
    "from": [ 3.1466, 7.79057, 7.25131 ],
    "to": [ 3.3979, 8.04187, 7.50262 ],
    "faces": {
        "up":    { "uv": [ 7.625, 5.34375, 7.65625, 5.375 ], "rotation": 270, "texture": "#texture" },
        "north": { "uv": [ 7.625, 5.34375, 7.65625, 5.375 ], "texture": "#texture" },
        "west":  { "uv": [ 7.625, 5.34375, 7.65625, 5.375 ], "texture": "#texture" },
        "east":  { "uv": [ 7.625, 5.34375, 7.65625, 5.375 ], "texture": "#texture" }
    }
},
{
    "from": [ 9.178, 6.78532, 7.25131 ],
    "to": [ 9.6806, 7.03662, 7.50262 ],
    "faces": {
        "down":  { "uv": [ 1.65625, 0.09375, 1.6875, 0.15625 ], "rotation": 270, "texture": "#texture" },
        "north": { "uv": [ 5.1875, 0.0625, 5.25, 0.09375 ], "texture": "#texture" },
        "west":  { "uv": [ 12.1875, 0, 12.21875, 0.03125 ], "texture": "#texture" },
        "east":  { "uv": [ 12.1875, 0, 12.21875, 0.03125 ], "texture": "#texture" }
    }
},
{
    "from": [ 10.1833, 7.53925, 8.50788 ],
    "to": [ 10.4346, 7.79056, 8.75918 ],
    "faces": {
        "up":    { "uv": [ 3.875, 5.34375, 3.90625, 5.375 ], "rotation": 270, "texture": "#texture" },
        "south": { "uv": [ 3.875, 5.34375, 3.90625, 5.375 ], "texture": "#texture" },
        "west":  { "uv": [ 3.875, 5.34375, 3.90625, 5.375 ], "texture": "#texture" },
        "east":  { "uv": [ 3.875, 5.34375, 3.90625, 5.375 ], "texture": "#texture" }
    }
},
{
    "from": [ 9.178, 8.5445, 8.50788 ],
    "to": [ 10.6859, 8.79581, 8.75918 ],
    "faces": {
        "up":    { "uv": [ 1.375, 0.21875, 1.40625, 0.40625 ], "rotation": 270, "texture": "#texture" },
        "south": { "uv": [ 12.75, 5.3125, 12.9375, 5.34375 ], "texture": "#texture" },
        "west":  { "uv": [ 3.46875, 5.21875, 3.5, 5.25 ], "texture": "#texture" },
        "east":  { "uv": [ 12.125, 5.3125, 12.15625, 5.34375 ], "texture": "#texture" }
    }
},
{
    "from": [ 7.9214, 7.28794, 8.75916 ],
    "to": [ 8.4241, 7.53925, 9.01047 ],
    "faces": {
        "down":  { "uv": [ 0.3125, 0.625, 0.34375, 0.6875 ], "rotation": 270, "texture": "#texture" },
        "up":    { "uv": [ 0.3125, 0.625, 0.34375, 0.6875 ], "rotation": 270, "texture": "#texture" },
        "south": { "uv": [ 3.4375, 5.21875, 3.5, 5.25 ], "texture": "#texture" },
        "west":  { "uv": [ 3.46875, 5.21875, 3.5, 5.25 ], "texture": "#texture" },
        "east":  { "uv": [ 3.46875, 5.21875, 3.5, 5.25 ], "texture": "#texture" }
    }
},
{
    "from": [ 11.1885, 7.53925, 7.75394 ],
    "to": [ 13.4503, 7.79056, 8.00525 ],
    "faces": {
        "up":    { "uv": [ 1.53125, 0.125, 1.5625, 0.40625 ], "rotation": 270, "texture": "#texture" },
        "north": { "uv": [ 14.65625, 5.3125, 14.9375, 5.34375 ], "texture": "#texture" },
        "east":  { "uv": [ 12.96875, 0, 13, 0.03125 ], "texture": "#texture" }
    }
},
{
    "from": [ 2.8953, 6.78532, 7.75394 ],
    "to": [ 5.1571, 7.03662, 8.00525 ],
    "faces": {
        "down":  { "uv": [ 1.03125, 0, 1.0625, 0.28125 ], "rotation": 270, "texture": "#texture" },
        "north": { "uv": [ 5.5625, 5.3125, 5.84375, 5.34375 ], "texture": "#texture" },
        "west":  { "uv": [ 12.96875, 0, 13, 0.03125 ], "texture": "#texture" }
    }
},
{
    "from": [ 2.8953, 6.78532, 8.25656 ],
    "to": [ 8.4241, 7.03662, 8.50787 ],
    "faces": {
        "down":  { "uv": [ 1.03125, 0, 1.0625, 0.6875 ], "rotation": 270, "texture": "#texture" },
        "south": { "uv": [ 5.84375, 5.3125, 6.53125, 5.34375 ], "texture": "#texture" },
        "west":  { "uv": [ 12.96875, 0, 13, 0.03125 ], "texture": "#texture" }
    }
},
{
    "from": [ 8.1728, 7.03663, 8.50788 ],
    "to": [ 10.9372, 7.28794, 8.75918 ],
    "faces": {
        "down":  { "uv": [ 0.3125, 0.65625, 0.34375, 1 ], "rotation": 270, "texture": "#texture" },
        "south": { "uv": [ 4.78125, 5.21875, 5.125, 5.25 ], "texture": "#texture" }
    }
},
{
    "from": [ 7.1676, 7.28794, 7.75394 ],
    "to": [ 13.4503, 7.53925, 8.00525 ],
    "faces": {
        "east":  { "uv": [ 12.96875, 0, 13, 0.03125 ], "texture": "#texture" }
    }
},
{
    "from": [ 2.644, 7.53925, 7.25131 ],
    "to": [ 4.1518, 7.79056, 7.50262 ],
    "faces": {
        "up":    { "uv": [ 2.71875, 0, 2.75, 0.1875 ], "rotation": 270, "texture": "#texture" },
        "north": { "uv": [ 8.71875, 5.34375, 8.90625, 5.375 ], "texture": "#texture" },
        "west":  { "uv": [ 8.8125, 5.34375, 8.84375, 5.375 ], "texture": "#texture" }
    }
},
{
    "from": [ 2.644, 7.53925, 8.50788 ],
    "to": [ 3.3979, 7.79056, 8.75918 ],
    "faces": {
        "north": { "uv": [ 7.21875, 5.34375, 7.3125, 5.375 ], "texture": "#texture" },
        "west":  { "uv": [ 12.96875, 0, 13, 0.03125 ], "texture": "#texture" }
    }
},
{
    "from": [ 8.9267, 7.53925, 7.50262 ],
    "to": [ 9.4293, 7.79056, 7.75393 ],
    "faces": {
        "up":    { "uv": [ 0.59375, 0.25, 0.625, 0.3125 ], "rotation": 270, "texture": "#texture" },
        "north": { "uv": [ 10.375, 5.25, 10.4375, 5.28125 ], "texture": "#texture" },
        "west":  { "uv": [ 10.375, 5.25, 10.40625, 5.28125 ], "texture": "#texture" },
        "east":  { "uv": [ 10.375, 5.25, 10.40625, 5.28125 ], "texture": "#texture" }
    }
},
{
    "from": [ 10.6859, 7.28794, 8.75916 ],
    "to": [ 11.4398, 7.53925, 9.01047 ],
    "faces": {
        "down":  { "uv": [ 0.375, 0.3125, 0.40625, 0.40625 ], "rotation": 270, "texture": "#texture" },
        "up":    { "uv": [ 0.375, 0.3125, 0.40625, 0.40625 ], "rotation": 270, "texture": "#texture" },
        "south": { "uv": [ 8.84375, 5.21875, 8.9375, 5.25 ], "texture": "#texture" },
        "west":  { "uv": [ 8.78125, 5.34375, 8.8125, 5.375 ], "texture": "#texture" },
        "east":  { "uv": [ 8.78125, 5.34375, 8.8125, 5.375 ], "texture": "#texture" }
    }
},
{
    "from": [ 11.4398, 6.78532, 7.50262 ],
    "to": [ 11.6911, 7.03662, 7.75393 ],
    "faces": {
        "down":  { "uv": [ 3.375, 5.21875, 3.40625, 5.25 ], "rotation": 270, "texture": "#texture" },
        "north": { "uv": [ 3.375, 5.21875, 3.40625, 5.25 ], "texture": "#texture" },
        "west":  { "uv": [ 3.375, 5.21875, 3.40625, 5.25 ], "texture": "#texture" },
        "east":  { "uv": [ 3.375, 5.21875, 3.40625, 5.25 ], "texture": "#texture" }
    }
},
{
    "from": [ 9.6806, 8.04188, 7.50262 ],
    "to": [ 9.9319, 8.29319, 7.75393 ],
    "faces": {
        "down":  { "uv": [ 3.46875, 5.21875, 3.5, 5.25 ], "rotation": 270, "texture": "#texture" },
        "north": { "uv": [ 3.46875, 5.21875, 3.5, 5.25 ], "texture": "#texture" },
        "west":  { "uv": [ 3.46875, 5.21875, 3.5, 5.25 ], "texture": "#texture" },
        "east":  { "uv": [ 3.46875, 5.21875, 3.5, 5.25 ], "texture": "#texture" }
    }
},
{
    "from": [ 9.6806, 8.29319, 8.00525 ],
    "to": [ 10.9372, 8.5445, 8.25656 ],
    "faces": {
        "down":  { "uv": [ 1.375, 0.28125, 1.40625, 0.4375 ], "rotation": 270, "texture": "#texture" },
        "east":  { "uv": [ 10.375, 5.25, 10.40625, 5.28125 ], "texture": "#texture" }
    }
},
{
    "from": [ 2.8953, 7.79057, 8.25656 ],
    "to": [ 5.911, 8.04187, 8.50787 ],
    "faces": {
        "up":    { "uv": [ 1.625, 0, 1.65625, 0.375 ], "rotation": 270, "texture": "#texture" },
        "south": { "uv": [ 9.25, 0, 9.625, 0.03125 ], "texture": "#texture" },
        "west":  { "uv": [ 12.96875, 0, 13, 0.03125 ], "texture": "#texture" },
        "east":  { "uv": [ 3.375, 5.21875, 3.40625, 5.25 ], "texture": "#texture" }
    }
},
{
    "from": [ 11.4398, 7.03663, 7.25131 ],
    "to": [ 11.6911, 7.28794, 7.50262 ],
    "faces": {
        "down":  { "uv": [ 3.375, 5.21875, 3.40625, 5.25 ], "rotation": 270, "texture": "#texture" },
        "up":    { "uv": [ 3.375, 5.21875, 3.40625, 5.25 ], "rotation": 270, "texture": "#texture" },
        "north": { "uv": [ 3.375, 5.21875, 3.40625, 5.25 ], "texture": "#texture" },
        "west":  { "uv": [ 3.375, 5.21875, 3.40625, 5.25 ], "texture": "#texture" },
        "east":  { "uv": [ 3.375, 5.21875, 3.40625, 5.25 ], "texture": "#texture" }
    }
},
{
    "from": [ 7.6702, 8.29319, 8.50788 ],
    "to": [ 10.6859, 8.5445, 8.75918 ],
    "faces": {
        "down":  { "uv": [ 1.375, 0.03125, 1.40625, 0.40625 ], "rotation": 270, "texture": "#texture" },
        "up":    { "uv": [ 1.375, 0.03125, 1.40625, 0.40625 ], "rotation": 270, "texture": "#texture" },
        "south": { "uv": [ 12.5625, 5.3125, 12.9375, 5.34375 ], "texture": "#texture" },
        "west":  { "uv": [ 12.46875, 5.3125, 12.5, 5.34375 ], "texture": "#texture" },
        "east":  { "uv": [ 12.125, 5.3125, 12.15625, 5.34375 ], "texture": "#texture" }
    }
},
{
    "from": [ 10.1833, 8.29319, 8.75916 ],
    "to": [ 10.4346, 8.5445, 9.01047 ],
    "faces": {
        "down":  { "uv": [ 12.1563, 5.3125, 12.1875, 5.34375 ], "rotation": 270, "texture": "#texture" },
        "up":    { "uv": [ 12.15625, 5.3125, 12.1875, 5.34375 ], "rotation": 270, "texture": "#texture" },
        "south": { "uv": [ 12.15625, 5.3125, 12.1875, 5.34375 ], "texture": "#texture" },
        "west":  { "uv": [ 12.15625, 5.3125, 12.1875, 5.34375 ], "texture": "#texture" },
        "east":  { "uv": [ 12.15625, 5.3125, 12.1875, 5.34375 ], "texture": "#texture" }
    }
},
{
    "from": [ 10.1833, 7.28794, 8.75916 ],
    "to": [ 10.4346, 7.53925, 9.01047 ],
    "faces": {
        "down":  { "uv": [ 8.78125, 5.34375, 8.8125, 5.375 ], "rotation": 270, "texture": "#texture" },
        "up":    { "uv": [ 8.78125, 5.34375, 8.8125, 5.375 ], "rotation": 270, "texture": "#texture" },
        "south": { "uv": [ 8.78125, 5.34375, 8.8125, 5.375 ], "texture": "#texture" },
        "west":  { "uv": [ 8.78125, 5.34375, 8.8125, 5.375 ], "texture": "#texture" },
        "east":  { "uv": [ 8.78125, 5.34375, 8.8125, 5.375 ], "texture": "#texture" }
    }
},
{
    "from": [ 12.6963, 6.78532, 7.50262 ],
    "to": [ 13.7016, 7.03662, 7.75393 ],
    "faces": {
        "down":  { "uv": [ 4.21875, 0, 4.25, 0.125 ], "rotation": 270, "texture": "#texture" },
        "north": { "uv": [ 11, 5.34375, 11.125, 5.375 ], "texture": "#texture" },
        "south": { "uv": [ 11.125, 5.34375, 11.25, 5.375 ], "texture": "#texture" },
        "west":  { "uv": [ 7.59375, 5.34375, 7.625, 5.375 ], "texture": "#texture" },
        "east":  { "uv": [ 10.375, 5.25, 10.40625, 5.28125 ], "texture": "#texture" }
    }
},
{
    "from": [ 7.9214, 7.53925, 7.50262 ],
    "to": [ 8.4241, 7.79056, 7.75393 ],
    "faces": {
        "up":    { "uv": [ 0.3125, 0.625, 0.34375, 0.6875 ], "rotation": 270, "texture": "#texture" },
        "north": { "uv": [ 3.4375, 5.21875, 3.5, 5.25 ], "texture": "#texture" },
        "west":  { "uv": [ 3.46875, 5.21875, 3.5, 5.25 ], "texture": "#texture" },
        "east":  { "uv": [ 3.46875, 5.21875, 3.5, 5.25 ], "texture": "#texture" }
    }
},
{
    "from": [ 9.6806, 8.29319, 8.75916 ],
    "to": [ 9.9319, 8.5445, 9.01047 ],
    "faces": {
        "down":  { "uv": [ 3.46875, 5.21875, 3.5, 5.25 ], "rotation": 270, "texture": "#texture" },
        "up":    { "uv": [ 3.46875, 5.21875, 3.5, 5.25 ], "rotation": 270, "texture": "#texture" },
        "south": { "uv": [ 3.46875, 5.21875, 3.5, 5.25 ], "texture": "#texture" },
        "west":  { "uv": [ 3.46875, 5.21875, 3.5, 5.25 ], "texture": "#texture" },
        "east":  { "uv": [ 3.46875, 5.21875, 3.5, 5.25 ], "texture": "#texture" }
    }
},
{
    "from": [ 9.6806, 8.29319, 7.25131 ],
    "to": [ 9.9319, 8.5445, 7.50262 ],
    "faces": {
        "down":  { "uv": [ 3.46875, 5.21875, 3.5, 5.25 ], "rotation": 270, "texture": "#texture" },
        "up":    { "uv": [ 3.46875, 5.21875, 3.5, 5.25 ], "rotation": 270, "texture": "#texture" },
        "north": { "uv": [ 3.46875, 5.21875, 3.5, 5.25 ], "texture": "#texture" },
        "west":  { "uv": [ 3.46875, 5.21875, 3.5, 5.25 ], "texture": "#texture" },
        "east":  { "uv": [ 3.46875, 5.21875, 3.5, 5.25 ], "texture": "#texture" }
    }
}
],
"display": {
    "thirdperson_righthand": {
        "rotation": [ 0, -90, -90 ],
        "translation": [ -0.19, -2.08, 1.13 ],
        "scale": [ 0.8, 0.8, 0.8 ]
    },
    "thirdperson_lefthand": {
        "rotation": [ 0, -90, 90 ],
        "translation": [ -0.19, -2.08, 0.19 ],
        "scale": [ 0.8, 0.8, 0.8 ]
    },
    "ground": {
        "rotation": [ 0, 0, 0 ],
        "translation": [ 0, -1.7, 0 ],
        "scale": [ 1.1, 1.1, 1.1 ]
    },
    "fixed": {
        "rotation": [ 0, 0, -40 ],
        "translation": [ 0.57, 1.51, 0 ],
        "scale": [ 2, 2, 2 ]
    },
    "firstperson_righthand": {
        "rotation": [ 0, -90, 4 ],
        "translation": [ 0.19, 2.27, 1.32 ],
        "scale": [ 1, 1, 1 ]
    },
    "firstperson_lefthand": {
        "rotation": [ 0, 90, -4 ],
        "translation": [ 0.19, 2.27, 1.32 ],
        "scale": [ 1, 1, 1 ]
    },
    "gui": {
        "rotation": [ 0, 0, -44 ],
        "translation": [ 0.57, 0.94, 0 ],
        "scale": [ 1.7, 1.7, 1.7 ]
    }
}
}