{
	"__comment": "Разработано специально для Hard-Days.SU  ::  If you steal our models - you PIDOR!",
"textures": {
    "gold_block": "blocks/gold_block",
    "wool_colored_light_black": "blocks/wool_colored_light_black",
    "wool_colored_black": "blocks/wool_colored_black",
    "iron_block": "blocks/iron_block"
},
"elements": [ 
{
    "__comment": "Clip",
    "from": [ 7.772, 10.088, 7.2824 ],
    "to": [ 9.9896, 13.4144, 8.3912 ],
    "faces": {
        "down":  { "uv": [ 5.228, 6.8912, 3.0104, 5.7824 ], "texture": "#wool_colored_black" },
        "up":    { "uv": [ 10.772, 5.7824, 12.9896, 6.8912 ], "texture": "#wool_colored_black" },
        "north": { "uv": [ 3.0104, 1.5856, 5.228, 4.912 ], "texture": "#wool_colored_black" },
        "south": { "uv": [ 10.772, 1.5856, 12.9896, 4.912 ], "texture": "#wool_colored_black" },
        "west":  { "uv": [ 5.7824, 1.5856, 6.8912, 4.912 ], "texture": "#wool_colored_black" },
        "east":  { "uv": [ 9.1088, 1.5856, 10.2176, 4.912 ], "texture": "#wool_colored_black" }
    }
},
{
    "__comment": "Clip",
    "from": [ 7.60568, 8.9792, 7.2824 ],
    "to": [ 9.82328, 10.088, 8.3912 ],
    "faces": {
        "down":  { "uv": [ 5.39432, 6.8912, 3.17672, 5.7824 ], "texture": "#wool_colored_black" },
        "up":    { "uv": [ 10.6057, 5.7824, 12.8233, 6.8912 ], "texture": "#wool_colored_black" },
        "north": { "uv": [ 3.17672, 4.912, 5.39432, 6.0208 ], "texture": "#wool_colored_black" },
        "south": { "uv": [ 10.6057, 4.912, 12.8233, 6.0208 ], "texture": "#wool_colored_black" },
        "west":  { "uv": [ 5.7824, 4.912, 6.8912, 6.0208 ], "texture": "#wool_colored_black" },
        "east":  { "uv": [ 9.1088, 4.912, 10.2176, 6.0208 ], "texture": "#wool_colored_black" }
    }
},
{
    "__comment": "Clip",
    "from": [ 7.43936, 7.87039, 7.2824 ],
    "to": [ 9.65696, 8.97919, 8.3912 ],
    "faces": {
        "down":  { "uv": [ 5.56064, 6.8912, 3.34304, 5.7824 ], "texture": "#wool_colored_black" },
        "up":    { "uv": [ 10.4394, 5.7824, 12.657, 6.8912 ], "texture": "#wool_colored_black" },
        "north": { "uv": [ 3.34304, 6.0208, 5.56064, 7.1296 ], "texture": "#wool_colored_black" },
        "south": { "uv": [ 10.4394, 6.0208, 12.657, 7.1296 ], "texture": "#wool_colored_black" },
        "west":  { "uv": [ 5.7824, 6.0208, 6.8912, 7.1296 ], "texture": "#wool_colored_black" },
        "east":  { "uv": [ 9.1088, 6.0208, 10.2176, 7.1296 ], "texture": "#wool_colored_black" }
    }
},
{
    "__comment": "Clip",
    "from": [ 7.2176, 6.76158, 7.2824 ],
    "to": [ 9.4352, 7.87038, 8.3912 ],
    "faces": {
        "down":  { "uv": [ 5.7824, 6.8912, 3.5648, 5.7824 ], "texture": "#wool_colored_black" },
        "up":    { "uv": [ 10.2176, 5.7824, 12.4352, 6.8912 ], "texture": "#wool_colored_black" },
        "north": { "uv": [ 3.5648, 7.1296, 5.7824, 8.2384 ], "texture": "#wool_colored_black" },
        "south": { "uv": [ 10.2176, 7.1296, 12.4352, 8.2384 ], "texture": "#wool_colored_black" },
        "west":  { "uv": [ 5.7824, 7.1296, 6.8912, 8.2384 ], "texture": "#wool_colored_black" },
        "east":  { "uv": [ 9.1088, 7.1296, 10.2176, 8.2384 ], "texture": "#wool_colored_black" }
    }
},
{
    "__comment": "Clip",
    "from": [ 6.97365, 5.98547, 7.2824 ],
    "to": [ 9.19125, 6.76163, 8.3912 ],
    "faces": {
        "down":  { "uv": [ 6.02635, 6.8912, 3.80875, 5.7824 ], "texture": "#wool_colored_black" },
        "up":    { "uv": [ 9.97365, 5.7824, 12.1913, 6.8912 ], "texture": "#wool_colored_black" },
        "north": { "uv": [ 3.80875, 8.2384, 6.02635, 9.01456 ], "texture": "#wool_colored_black" },
        "south": { "uv": [ 9.97365, 8.2384, 12.1913, 9.01456 ], "texture": "#wool_colored_black" },
        "west":  { "uv": [ 5.7824, 8.2384, 6.8912, 9.01456 ], "texture": "#wool_colored_black" },
        "east":  { "uv": [ 9.1088, 8.2384, 10.2176, 9.01456 ], "texture": "#wool_colored_black" }
    }
},
{
    "__comment": "Clip",
    "from": [ 6.75189, 5.32017, 7.2824 ],
    "to": [ 8.96949, 6.09631, 8.3912 ],
    "faces": {
        "down":  { "uv": [ 6.24811, 6.8912, 4.03051, 5.7824 ], "texture": "#wool_colored_black" },
        "up":    { "uv": [ 9.75189, 5.7824, 11.9695, 6.8912 ], "texture": "#wool_colored_black" },
        "north": { "uv": [ 4.03051, 8.90366, 6.24811, 9.67981 ], "texture": "#wool_colored_black" },
        "south": { "uv": [ 9.75189, 8.90366, 11.9695, 9.67981 ], "texture": "#wool_colored_black" },
        "west":  { "uv": [ 5.7824, 8.90366, 6.8912, 9.67981 ], "texture": "#wool_colored_black" },
        "east":  { "uv": [ 9.1088, 8.90366, 10.2176, 9.67981 ], "texture": "#wool_colored_black" }
    }
},
{
    "__comment": "Clip",
    "from": [ 6.53013, 4.54403, 7.2824 ],
    "to": [ 8.74773, 5.32019, 8.3912 ],
    "faces": {
        "down":  { "uv": [ 6.46987, 6.8912, 4.25227, 5.7824 ], "texture": "#wool_colored_black" },
        "up":    { "uv": [ 9.53013, 5.7824, 11.7477, 6.8912 ], "texture": "#wool_colored_black" },
        "north": { "uv": [ 4.25227, 9.67983, 6.46987, 10.456 ], "texture": "#wool_colored_black" },
        "south": { "uv": [ 9.53013, 9.67983, 11.7477, 10.456 ], "texture": "#wool_colored_black" },
        "west":  { "uv": [ 5.7824, 9.67983, 6.8912, 10.456 ], "texture": "#wool_colored_black" },
        "east":  { "uv": [ 9.1088, 9.67983, 10.2176, 10.456 ], "texture": "#wool_colored_black" }
    }
},
{
    "__comment": "Clip",
    "from": [ 6.1975, 3.76782, 7.2824 ],
    "to": [ 8.41509, 4.65486, 8.3912 ],
    "faces": {
        "down":  { "uv": [ 6.8025, 6.8912, 4.58491, 5.7824 ], "texture": "#wool_colored_black" },
        "up":    { "uv": [ 9.1975, 5.7824, 11.4151, 6.8912 ], "texture": "#wool_colored_black" },
        "north": { "uv": [ 4.58491, 10.3451, 6.8025, 11.2322 ], "texture": "#wool_colored_black" },
        "south": { "uv": [ 9.1975, 10.3451, 11.4151, 11.2322 ], "texture": "#wool_colored_black" },
        "west":  { "uv": [ 5.7824, 10.3451, 6.8912, 11.2322 ], "texture": "#wool_colored_black" },
        "east":  { "uv": [ 9.1088, 10.3451, 10.2176, 11.2322 ], "texture": "#wool_colored_black" }
    }
},
{
    "__comment": "Clip",
    "from": [ 5.86486, 2.88079, 7.2824 ],
    "to": [ 8.08245, 3.76783, 8.3912 ],
    "faces": {
        "down":  { "uv": [ 7.13514, 6.8912, 4.91755, 5.7824 ], "texture": "#wool_colored_black" },
        "up":    { "uv": [ 8.86486, 5.7824, 11.0824, 6.8912 ], "texture": "#wool_colored_black" },
        "north": { "uv": [ 4.91755, 11.2322, 7.13514, 12.1192 ], "texture": "#wool_colored_black" },
        "south": { "uv": [ 8.86486, 11.2322, 11.0824, 12.1192 ], "texture": "#wool_colored_black" },
        "west":  { "uv": [ 5.7824, 11.2322, 6.8912, 12.1192 ], "texture": "#wool_colored_black" },
        "east":  { "uv": [ 9.1088, 11.2322, 10.2176, 12.1192 ], "texture": "#wool_colored_black" }
    }
},
{
    "__comment": "Clip",
    "from": [ 5.53223, 2.21552, 7.2824 ],
    "to": [ 7.74981, 2.8808, 8.3912 ],
    "faces": {
        "down":  { "uv": [ 7.46778, 6.8912, 5.25019, 5.7824 ], "texture": "#wool_colored_black" },
        "up":    { "uv": [ 8.53222, 5.7824, 10.7498, 6.8912 ], "texture": "#wool_colored_black" },
        "north": { "uv": [ 5.25019, 12.1192, 7.46778, 12.7845 ], "texture": "#wool_colored_black" },
        "south": { "uv": [ 8.53222, 12.1192, 10.7498, 12.7845 ], "texture": "#wool_colored_black" },
        "west":  { "uv": [ 5.7824, 12.1192, 6.8912, 12.7845 ], "texture": "#wool_colored_black" },
        "east":  { "uv": [ 9.1088, 12.1192, 10.2176, 12.7845 ], "texture": "#wool_colored_black" }
    }
},
{
    "__comment": "Clip",
    "from": [ 5.19958, 1.55024, 7.2824 ],
    "to": [ 7.41717, 2.21552, 8.3912 ],
    "faces": {
        "down":  { "uv": [ 7.80042, 6.8912, 5.58283, 5.7824 ], "texture": "#wool_colored_black" },
        "up":    { "uv": [ 8.19958, 5.7824, 10.4172, 6.8912 ], "texture": "#wool_colored_black" },
        "north": { "uv": [ 5.58283, 12.7845, 7.80042, 13.4498 ], "texture": "#wool_colored_black" },
        "south": { "uv": [ 8.19958, 12.7845, 10.4172, 13.4498 ], "texture": "#wool_colored_black" },
        "west":  { "uv": [ 5.7824, 12.7845, 6.8912, 13.4498 ], "texture": "#wool_colored_black" },
        "east":  { "uv": [ 9.1088, 12.7845, 10.2176, 13.4498 ], "texture": "#wool_colored_black" }
    }
},
{
    "__comment": "Clip",
    "from": [ 4.86694, 0.884957, 7.2824 ],
    "to": [ 7.08453, 1.55024, 8.3912 ],
    "faces": {
        "down":  { "uv": [ 8.13306, 6.8912, 5.91547, 5.7824 ], "texture": "#wool_colored_black" },
        "up":    { "uv": [ 7.86694, 5.7824, 10.0845, 6.8912 ], "texture": "#wool_colored_black" },
        "north": { "uv": [ 5.91547, 13.4498, 8.13306, 14.115 ], "texture": "#wool_colored_black" },
        "south": { "uv": [ 7.86694, 13.4498, 10.0845, 14.115 ], "texture": "#wool_colored_black" },
        "west":  { "uv": [ 5.7824, 13.4498, 6.8912, 14.115 ], "texture": "#wool_colored_black" },
        "east":  { "uv": [ 9.1088, 13.4498, 10.2176, 14.115 ], "texture": "#wool_colored_black" }
    }
},
{
    "__comment": "Clip",
    "from": [ 5.53223, 0.441442, 7.2824 ],
    "to": [ 6.86278, 0.884962, 8.3912 ],
    "faces": {
        "down":  { "uv": [ 7.46778, 6.8912, 6.13723, 5.7824 ], "texture": "#wool_colored_black" },
        "up":    { "uv": [ 8.53222, 5.7824, 9.86277, 6.8912 ], "texture": "#wool_colored_black" },
        "north": { "uv": [ 6.13723, 14.115, 7.46778, 14.5586 ], "texture": "#wool_colored_black" },
        "south": { "uv": [ 8.53222, 14.115, 9.86277, 14.5586 ], "texture": "#wool_colored_black" },
        "west":  { "uv": [ 5.7824, 14.115, 6.8912, 14.5586 ], "texture": "#wool_colored_black" },
        "east":  { "uv": [ 9.1088, 14.115, 10.2176, 14.5586 ], "texture": "#wool_colored_black" }
    }
},
{
    "__comment": "Clip",
    "from": [ 5.19958, 0.663202, 7.2824 ],
    "to": [ 6.53013, 0.884962, 8.3912 ],
    "faces": {
        "down":  { "uv": [ 7.80042, 6.8912, 6.46987, 5.7824 ], "texture": "#wool_colored_black" },
        "up":    { "uv": [ 8.19958, 5.7824, 9.53013, 6.8912 ], "texture": "#wool_colored_black" },
        "north": { "uv": [ 6.46987, 14.115, 7.80042, 14.3368 ], "texture": "#wool_colored_black" },
        "south": { "uv": [ 8.19958, 14.115, 9.53013, 14.3368 ], "texture": "#wool_colored_black" },
        "west":  { "uv": [ 5.7824, 14.115, 6.8912, 14.3368 ], "texture": "#wool_colored_black" },
        "east":  { "uv": [ 9.1088, 14.115, 10.2176, 14.3368 ], "texture": "#wool_colored_black" }
    }
},
{
    "__comment": "Clip",
    "from": [ 5.97574, 0.219677, 7.2824 ],
    "to": [ 6.64101, 0.441437, 8.3912 ],
    "faces": {
        "down":  { "uv": [ 7.02426, 6.8912, 6.35899, 5.7824 ], "texture": "#wool_colored_black" },
        "up":    { "uv": [ 8.97574, 5.7824, 9.64101, 6.8912 ], "texture": "#wool_colored_black" },
        "north": { "uv": [ 6.35899, 14.5586, 7.02426, 14.7803 ], "texture": "#wool_colored_black" },
        "south": { "uv": [ 8.97574, 14.5586, 9.64101, 14.7803 ], "texture": "#wool_colored_black" },
        "west":  { "uv": [ 5.7824, 14.5586, 6.8912, 14.7803 ], "texture": "#wool_colored_black" },
        "east":  { "uv": [ 9.1088, 14.5586, 10.2176, 14.7803 ], "texture": "#wool_colored_black" }
    }
},
{
    "__comment": "Clip",
    "from": [ 7.772, 13.4144, 7.2824 ],
    "to": [ 9.9896, 14.5232, 7.3517 ],
    "faces": {
        "down":  { "uv": [ 5.228, 5.8517, 3.0104, 5.7824 ], "texture": "#wool_colored_light_black" },
        "up":    { "uv": [ 10.772, 5.7824, 12.9896, 5.8517 ], "texture": "#wool_colored_light_black" },
        "north": { "uv": [ 3.0104, 0.4768, 5.228, 1.5856 ], "texture": "#wool_colored_light_black" },
        "south": { "uv": [ 10.772, 0.4768, 12.9896, 1.5856 ], "texture": "#wool_colored_light_black" },
        "west":  { "uv": [ 5.7824, 0.4768, 5.8517, 1.5856 ], "texture": "#wool_colored_light_black" },
        "east":  { "uv": [ 10.1483, 0.4768, 10.2176, 1.5856 ], "texture": "#wool_colored_light_black" }
    }
},
{
    "__comment": "Clip",
    "from": [ 7.772, 13.4144, 8.33576 ],
    "to": [ 9.9896, 14.5232, 8.40506 ],
    "faces": {
        "down":  { "uv": [ 5.228, 6.90506, 3.0104, 6.83576 ], "texture": "#wool_colored_light_black" },
        "up":    { "uv": [ 10.772, 6.83576, 12.9896, 6.90506 ], "texture": "#wool_colored_light_black" },
        "north": { "uv": [ 3.0104, 0.4768, 5.228, 1.5856 ], "texture": "#wool_colored_light_black" },
        "south": { "uv": [ 10.772, 0.4768, 12.9896, 1.5856 ], "texture": "#wool_colored_light_black" },
        "west":  { "uv": [ 6.83576, 0.4768, 6.90506, 1.5856 ], "texture": "#wool_colored_light_black" },
        "east":  { "uv": [ 9.09494, 0.4768, 9.16424, 1.5856 ], "texture": "#wool_colored_light_black" }
    }
},
{
    "__comment": "Clip",
    "from": [ 9.93417, 13.4144, 7.2824 ],
    "to": [ 10.0035, 14.5232, 8.3912 ],
    "faces": {
        "down":  { "uv": [ 3.06583, 6.8912, 2.99653, 5.7824 ], "texture": "#wool_colored_light_black" },
        "up":    { "uv": [ 12.9342, 5.7824, 13.0035, 6.8912 ], "texture": "#wool_colored_light_black" },
        "north": { "uv": [ 2.99653, 0.4768, 3.06583, 1.5856 ], "texture": "#wool_colored_light_black" },
        "south": { "uv": [ 12.9342, 0.4768, 13.0035, 1.5856 ], "texture": "#wool_colored_light_black" },
        "west":  { "uv": [ 5.7824, 0.4768, 6.8912, 1.5856 ], "texture": "#wool_colored_light_black" },
        "east":  { "uv": [ 9.1088, 0.4768, 10.2176, 1.5856 ], "texture": "#wool_colored_light_black" }
    }
},
{
    "__comment": "Clip",
    "from": [ 7.772, 13.4144, 7.2824 ],
    "to": [ 8.21552, 14.5232, 8.3912 ],
    "faces": {
        "down":  { "uv": [ 5.228, 6.8912, 4.78448, 5.7824 ], "texture": "#wool_colored_light_black" },
        "up":    { "uv": [ 10.772, 5.7824, 11.2155, 6.8912 ], "texture": "#wool_colored_light_black" },
        "north": { "uv": [ 4.78448, 0.4768, 5.228, 1.5856 ], "texture": "#wool_colored_light_black" },
        "south": { "uv": [ 10.772, 0.4768, 11.2155, 1.5856 ], "texture": "#wool_colored_light_black" },
        "west":  { "uv": [ 5.7824, 0.4768, 6.8912, 1.5856 ], "texture": "#wool_colored_light_black" },
        "east":  { "uv": [ 9.1088, 0.4768, 10.2176, 1.5856 ], "texture": "#wool_colored_light_black" }
    }
},
{
    "__comment": "Clip",
    "from": [ 7.88288, 13.677, 7.44872 ],
    "to": [ 8.10464, 14.7858, 8.22488 ],
    "faces": {
        "down":  { "uv": [ 5.11712, 6.72488, 4.89536, 5.94872 ], "texture": "#wool_colored_light_black" },
        "up":    { "uv": [ 10.8829, 5.94872, 11.1046, 6.72488 ], "texture": "#wool_colored_light_black" },
        "north": { "uv": [ 4.89536, 0.214169, 5.11712, 1.32297 ], "texture": "#wool_colored_light_black" },
        "south": { "uv": [ 10.8829, 0.214169, 11.1046, 1.32297 ], "texture": "#wool_colored_light_black" },
        "west":  { "uv": [ 5.94872, 0.214169, 6.72488, 1.32297 ], "texture": "#wool_colored_light_black" },
        "east":  { "uv": [ 9.27512, 0.214169, 10.0513, 1.32297 ], "texture": "#wool_colored_light_black" }
    }
},
{
    "__comment": "Bullet Casing",
    "from": [ 8.85085, 14.042, 7.66349 ],
    "to": [ 9.85885, 14.3028, 8.05467 ],
    "faces": {
        "down":  { "uv": [ 6.5, 6, 9.5, 16 ], "rotation": 270, "texture": "#gold_block" },
        "up":    { "uv": [ 6.5, 6, 9.5, 16 ], "rotation": 270, "texture": "#gold_block" },
        "north": { "uv": [ 7, 6, 9, 16 ], "rotation": 90, "texture": "#gold_block" },
        "south": { "uv": [ 7, 6, 9, 16 ], "texture": "#gold_block" },
        "west":  { "uv": [ 6.5, 7, 9.5, 9 ], "texture": "#gold_block" },
        "east":  { "uv": [ 9.5, 9, 6.5, 7 ], "texture": "#gold_block" }
    }
},
{
    "__comment": "Bullet Casing",
    "from": [ 8.85085, 14.3028, 7.72868 ],
    "to": [ 9.85885, 14.368, 7.98947 ],
    "faces": {
        "down":  { "uv": [ 7, 6, 9, 16 ], "rotation": 270, "texture": "#gold_block" },
        "up":    { "uv": [ 7, 6, 9, 16 ], "rotation": 270, "texture": "#gold_block" },
        "north": { "uv": [ 6.5, 6, 7, 16 ], "rotation": 90, "texture": "#gold_block" },
        "south": { "uv": [ 9, 6, 9.5, 16 ], "texture": "#gold_block" },
        "west":  { "uv": [ 7, 6.5, 9, 7 ], "texture": "#gold_block" },
        "east":  { "uv": [ 9, 7, 7, 6.5 ], "texture": "#gold_block" }
    }
},
{
    "__comment": "Bullet Casing",
    "from": [ 8.85085, 13.9768, 7.72868 ],
    "to": [ 9.85885, 14.042, 7.98947 ],
    "faces": {
        "down":  { "uv": [ 7, 6, 9, 16 ], "rotation": 270, "texture": "#gold_block" },
        "up":    { "uv": [ 7, 6, 9, 16 ], "rotation": 270, "texture": "#gold_block" },
        "north": { "uv": [ 9, 6, 9.5, 16 ], "rotation": 90, "texture": "#gold_block" },
        "south": { "uv": [ 6.5, 6, 7, 16 ], "texture": "#gold_block" },
        "west":  { "uv": [ 7, 9, 9, 9.5 ], "texture": "#gold_block" },
        "east":  { "uv": [ 9, 9.5, 7, 9 ], "texture": "#gold_block" }
    }
},
{
    "__comment": "Bullet",
    "from": [ 8.51454, 14.0449, 7.66452 ],
    "to": [ 8.84382, 14.3005, 8.04788 ],
    "faces": {
        "down":  { "uv": [ 6.5, 6, 9.5, 16 ], "rotation": 270, "texture": "#iron_block" },
        "up":    { "uv": [ 6.5, 6, 9.5, 16 ], "rotation": 270, "texture": "#iron_block" },
        "north": { "uv": [ 7, 6, 9, 16 ], "rotation": 90, "texture": "#iron_block" },
        "south": { "uv": [ 7, 6, 9, 16 ], "texture": "#iron_block" },
        "west":  { "uv": [ 6.5, 7, 9.5, 9 ], "texture": "#iron_block" },
        "east":  { "uv": [ 9.5, 9, 6.5, 7 ], "texture": "#iron_block" }
    }
},
{
    "__comment": "Bullet",
    "from": [ 8.51454, 14.3006, 7.72841 ],
    "to": [ 8.84382, 14.3645, 7.98399 ],
    "faces": {
        "down":  { "uv": [ 7, 6, 9, 16 ], "rotation": 270, "texture": "#iron_block" },
        "up":    { "uv": [ 7, 6, 9, 16 ], "rotation": 270, "texture": "#iron_block" },
        "north": { "uv": [ 6.5, 6, 7, 16 ], "rotation": 90, "texture": "#iron_block" },
        "south": { "uv": [ 9, 6, 9.5, 16 ], "texture": "#iron_block" },
        "west":  { "uv": [ 7, 6.5, 9, 7 ], "texture": "#iron_block" },
        "east":  { "uv": [ 9, 7, 7, 6.5 ], "texture": "#iron_block" }
    }
},
{
    "__comment": "Bullet",
    "from": [ 8.51454, 13.981, 7.72841 ],
    "to": [ 8.84382, 14.0449, 7.98399 ],
    "faces": {
        "down":  { "uv": [ 7, 6, 9, 16 ], "rotation": 270, "texture": "#iron_block" },
        "up":    { "uv": [ 7, 6, 9, 16 ], "rotation": 270, "texture": "#iron_block" },
        "north": { "uv": [ 9, 6, 9.5, 16 ], "rotation": 90, "texture": "#iron_block" },
        "south": { "uv": [ 6.5, 6, 7, 16 ], "texture": "#iron_block" },
        "west":  { "uv": [ 7, 9, 9, 9.5 ], "texture": "#iron_block" },
        "east":  { "uv": [ 9, 9.5, 7, 9 ], "texture": "#iron_block" }
    }
},
{
    "__comment": "Bullet",
    "from": [ 8.4539, 14.106, 7.64321 ],
    "to": [ 8.51844, 14.2351, 8.03045 ],
    "faces": {
        "down":  { "uv": [ 6.5, 5.5, 9.5, 6 ], "rotation": 270, "texture": "#iron_block" },
        "up":    { "uv": [ 6.5, 5.5, 9.5, 6 ], "rotation": 270, "texture": "#iron_block" },
        "north": { "uv": [ 7.5, 5.5, 8.5, 6 ], "rotation": 90, "texture": "#iron_block" },
        "south": { "uv": [ 7.5, 5.5, 8.5, 6 ], "texture": "#iron_block" },
        "west":  { "uv": [ 6.5, 7.5, 9.5, 8.5 ], "texture": "#iron_block" },
        "east":  { "uv": [ 9.5, 8.5, 6.5, 7.5 ], "texture": "#iron_block" }
    }
},
{
    "__comment": "Bullet",
    "from": [ 8.39594, 14.2351, 7.70776 ],
    "to": [ 8.56058, 14.2996, 7.96591 ],
    "faces": {
        "down":  { "uv": [ 7, 2.5, 9, 6 ], "rotation": 270, "texture": "#iron_block" },
        "up":    { "uv": [ 7, 2.5, 9, 6 ], "rotation": 270, "texture": "#iron_block" },
        "north": { "uv": [ 7, 2.5, 7.5, 6 ], "rotation": 90, "texture": "#iron_block" },
        "south": { "uv": [ 8.5, 2.5, 9, 6 ], "texture": "#iron_block" },
        "west":  { "uv": [ 7, 7, 9, 7.5 ], "texture": "#iron_block" },
        "east":  { "uv": [ 9, 7.5, 7, 7 ], "texture": "#iron_block" }
    }
},
{
    "__comment": "Bullet",
    "from": [ 8.39594, 14.0415, 7.70776 ],
    "to": [ 8.56058, 14.2351, 7.96591 ],
    "faces": {
        "down":  { "uv": [ 7, 2.5, 9, 5.5 ], "rotation": 270, "texture": "#iron_block" },
        "up":    { "uv": [ 7, 2.5, 9, 5.5 ], "rotation": 270, "texture": "#iron_block" },
        "north": { "uv": [ 7.5, 2.5, 9, 5.5 ], "rotation": 90, "texture": "#iron_block" },
        "south": { "uv": [ 7, 2.5, 8.5, 5.5 ], "texture": "#iron_block" },
        "west":  { "uv": [ 7, 7.5, 9, 9 ], "texture": "#iron_block" },
        "east":  { "uv": [ 9, 9, 7, 7.5 ], "texture": "#iron_block" }
    }
},
{
    "__comment": "Bullet",
    "from": [ 8.4539, 14.0415, 7.70776 ],
    "to": [ 8.51844, 14.1061, 7.96591 ],
    "faces": {
        "down":  { "uv": [ 7, 5.5, 9, 6 ], "rotation": 270, "texture": "#iron_block" },
        "up":    { "uv": [ 7, 5.5, 9, 6 ], "rotation": 270, "texture": "#iron_block" },
        "north": { "uv": [ 8.5, 5.5, 9, 6 ], "rotation": 90, "texture": "#iron_block" },
        "south": { "uv": [ 7, 5.5, 7.5, 6 ], "texture": "#iron_block" },
        "west":  { "uv": [ 7, 8.5, 9, 9 ], "texture": "#iron_block" },
        "east":  { "uv": [ 9, 9, 7, 8.5 ], "texture": "#iron_block" }
    }
},
{
    "__comment": "Bullet",
    "from": [ 8.4539, 14.2996, 7.77229 ],
    "to": [ 8.51844, 14.3642, 7.90137 ],
    "faces": {
        "down":  { "uv": [ 7.5, 5.5, 8.5, 6 ], "rotation": 270, "texture": "#iron_block" },
        "up":    { "uv": [ 7.5, 5.5, 8.5, 6 ], "rotation": 270, "texture": "#iron_block" },
        "north": { "uv": [ 6.5, 5.5, 7, 6 ], "rotation": 90, "texture": "#iron_block" },
        "south": { "uv": [ 9, 5.5, 9.5, 6 ], "texture": "#iron_block" },
        "west":  { "uv": [ 7.5, 6.5, 8.5, 7 ], "texture": "#iron_block" },
        "east":  { "uv": [ 8.5, 7, 7.5, 6.5 ], "texture": "#iron_block" }
    }
},
{
    "__comment": "Bullet",
    "from": [ 8.32021, 14.106, 7.77229 ],
    "to": [ 8.40253, 14.2351, 7.90137 ],
    "faces": {
        "down":  { "uv": [ 7.5, 0, 8.5, 1.5 ], "rotation": 270, "texture": "#iron_block" },
        "up":    { "uv": [ 7.5, 0, 8.5, 1.5 ], "rotation": 270, "texture": "#iron_block" },
        "north": { "uv": [ 7.5, 0, 8.5, 1.5 ], "rotation": 90, "texture": "#iron_block" },
        "south": { "uv": [ 7.5, 0, 8.5, 1.5 ], "texture": "#iron_block" },
        "west":  { "uv": [ 7.5, 7.5, 8.5, 8.5 ], "texture": "#iron_block" },
        "east":  { "uv": [ 8.5, 8.5, 7.5, 7.5 ], "texture": "#iron_block" }
    }
},
{
    "__comment": "Bullet",
    "from": [ 8.4539, 13.977, 7.77229 ],
    "to": [ 8.51844, 14.0415, 7.90137 ],
    "faces": {
        "down":  { "uv": [ 7.5, 5.5, 8.5, 6 ], "rotation": 270, "texture": "#iron_block" },
        "up":    { "uv": [ 7.5, 5.5, 8.5, 6 ], "rotation": 270, "texture": "#iron_block" },
        "north": { "uv": [ 9, 5.5, 9.5, 6 ], "rotation": 90, "texture": "#iron_block" },
        "south": { "uv": [ 6.5, 5.5, 7, 6 ], "texture": "#iron_block" },
        "west":  { "uv": [ 7.5, 9, 8.5, 9.5 ], "texture": "#iron_block" },
        "east":  { "uv": [ 8.5, 9.5, 7.5, 9 ], "texture": "#iron_block" }
    }
},
{
    "__comment": "Bullet Casing 2",
    "from": [ 8.85085, 13.517, 7.66349 ],
    "to": [ 9.85885, 13.7778, 8.05467 ],
    "faces": {
        "down":  { "uv": [ 6.5, 6, 9.5, 16 ], "rotation": 270, "texture": "#gold_block" },
        "up":    { "uv": [ 6.5, 6, 9.5, 16 ], "rotation": 270, "texture": "#gold_block" },
        "north": { "uv": [ 7, 6, 9, 16 ], "rotation": 90, "texture": "#gold_block" },
        "south": { "uv": [ 7, 6, 9, 16 ], "texture": "#gold_block" },
        "west":  { "uv": [ 6.5, 7, 9.5, 9 ], "texture": "#gold_block" },
        "east":  { "uv": [ 9.5, 9, 6.5, 7 ], "texture": "#gold_block" }
    }
},
{
    "__comment": "Bullet Casing 2",
    "from": [ 8.85085, 13.7778, 7.72868 ],
    "to": [ 9.85885, 13.843, 7.98947 ],
    "faces": {
        "down":  { "uv": [ 7, 6, 9, 16 ], "rotation": 270, "texture": "#gold_block" },
        "up":    { "uv": [ 7, 6, 9, 16 ], "rotation": 270, "texture": "#gold_block" },
        "north": { "uv": [ 6.5, 6, 7, 16 ], "rotation": 90, "texture": "#gold_block" },
        "south": { "uv": [ 9, 6, 9.5, 16 ], "texture": "#gold_block" },
        "west":  { "uv": [ 7, 6.5, 9, 7 ], "texture": "#gold_block" },
        "east":  { "uv": [ 9, 7, 7, 6.5 ], "texture": "#gold_block" }
    }
},
{
    "__comment": "Bullet Casing 2",
    "from": [ 8.85085, 13.4518, 7.72868 ],
    "to": [ 9.85885, 13.517, 7.98947 ],
    "faces": {
        "down":  { "uv": [ 7, 6, 9, 16 ], "rotation": 270, "texture": "#gold_block" },
        "up":    { "uv": [ 7, 6, 9, 16 ], "rotation": 270, "texture": "#gold_block" },
        "north": { "uv": [ 9, 6, 9.5, 16 ], "rotation": 90, "texture": "#gold_block" },
        "south": { "uv": [ 6.5, 6, 7, 16 ], "texture": "#gold_block" },
        "west":  { "uv": [ 7, 9, 9, 9.5 ], "texture": "#gold_block" },
        "east":  { "uv": [ 9, 9.5, 7, 9 ], "texture": "#gold_block" }
    }
},
{
    "__comment": "Bullet 2",
    "from": [ 8.51454, 13.5199, 7.66452 ],
    "to": [ 8.84382, 13.7755, 8.04788 ],
    "faces": {
        "down":  { "uv": [ 6.5, 6, 9.5, 16 ], "rotation": 270, "texture": "#iron_block" },
        "up":    { "uv": [ 6.5, 6, 9.5, 16 ], "rotation": 270, "texture": "#iron_block" },
        "north": { "uv": [ 7, 6, 9, 16 ], "rotation": 90, "texture": "#iron_block" },
        "south": { "uv": [ 7, 6, 9, 16 ], "texture": "#iron_block" },
        "west":  { "uv": [ 6.5, 7, 9.5, 9 ], "texture": "#iron_block" },
        "east":  { "uv": [ 9.5, 9, 6.5, 7 ], "texture": "#iron_block" }
    }
},
{
    "__comment": "Bullet 2",
    "from": [ 8.51454, 13.7756, 7.72841 ],
    "to": [ 8.84382, 13.8395, 7.98399 ],
    "faces": {
        "down":  { "uv": [ 7, 6, 9, 16 ], "rotation": 270, "texture": "#iron_block" },
        "up":    { "uv": [ 7, 6, 9, 16 ], "rotation": 270, "texture": "#iron_block" },
        "north": { "uv": [ 6.5, 6, 7, 16 ], "rotation": 90, "texture": "#iron_block" },
        "south": { "uv": [ 9, 6, 9.5, 16 ], "texture": "#iron_block" },
        "west":  { "uv": [ 7, 6.5, 9, 7 ], "texture": "#iron_block" },
        "east":  { "uv": [ 9, 7, 7, 6.5 ], "texture": "#iron_block" }
    }
},
{
    "__comment": "Bullet 2",
    "from": [ 8.51454, 13.456, 7.72841 ],
    "to": [ 8.84382, 13.5199, 7.98399 ],
    "faces": {
        "down":  { "uv": [ 7, 6, 9, 16 ], "rotation": 270, "texture": "#iron_block" },
        "up":    { "uv": [ 7, 6, 9, 16 ], "rotation": 270, "texture": "#iron_block" },
        "north": { "uv": [ 9, 6, 9.5, 16 ], "rotation": 90, "texture": "#iron_block" },
        "south": { "uv": [ 6.5, 6, 7, 16 ], "texture": "#iron_block" },
        "west":  { "uv": [ 7, 9, 9, 9.5 ], "texture": "#iron_block" },
        "east":  { "uv": [ 9, 9.5, 7, 9 ], "texture": "#iron_block" }
    }
},
{
    "__comment": "Bullet 2",
    "from": [ 8.4539, 13.581, 7.64321 ],
    "to": [ 8.51844, 13.7101, 8.03045 ],
    "faces": {
        "down":  { "uv": [ 6.5, 5.5, 9.5, 6 ], "rotation": 270, "texture": "#iron_block" },
        "up":    { "uv": [ 6.5, 5.5, 9.5, 6 ], "rotation": 270, "texture": "#iron_block" },
        "north": { "uv": [ 7.5, 5.5, 8.5, 6 ], "rotation": 90, "texture": "#iron_block" },
        "south": { "uv": [ 7.5, 5.5, 8.5, 6 ], "texture": "#iron_block" },
        "west":  { "uv": [ 6.5, 7.5, 9.5, 8.5 ], "texture": "#iron_block" },
        "east":  { "uv": [ 9.5, 8.5, 6.5, 7.5 ], "texture": "#iron_block" }
    }
},
{
    "__comment": "Bullet 2",
    "from": [ 8.39594, 13.7101, 7.70776 ],
    "to": [ 8.56058, 13.7746, 7.96591 ],
    "faces": {
        "down":  { "uv": [ 7, 2.5, 9, 6 ], "rotation": 270, "texture": "#iron_block" },
        "up":    { "uv": [ 7, 2.5, 9, 6 ], "rotation": 270, "texture": "#iron_block" },
        "north": { "uv": [ 7, 2.5, 7.5, 6 ], "rotation": 90, "texture": "#iron_block" },
        "south": { "uv": [ 8.5, 2.5, 9, 6 ], "texture": "#iron_block" },
        "west":  { "uv": [ 7, 7, 9, 7.5 ], "texture": "#iron_block" },
        "east":  { "uv": [ 9, 7.5, 7, 7 ], "texture": "#iron_block" }
    }
},
{
    "__comment": "Bullet 2",
    "from": [ 8.39594, 13.5165, 7.70776 ],
    "to": [ 8.56058, 13.7101, 7.96591 ],
    "faces": {
        "down":  { "uv": [ 7, 2.5, 9, 5.5 ], "rotation": 270, "texture": "#iron_block" },
        "up":    { "uv": [ 7, 2.5, 9, 5.5 ], "rotation": 270, "texture": "#iron_block" },
        "north": { "uv": [ 7.5, 2.5, 9, 5.5 ], "rotation": 90, "texture": "#iron_block" },
        "south": { "uv": [ 7, 2.5, 8.5, 5.5 ], "texture": "#iron_block" },
        "west":  { "uv": [ 7, 7.5, 9, 9 ], "texture": "#iron_block" },
        "east":  { "uv": [ 9, 9, 7, 7.5 ], "texture": "#iron_block" }
    }
},
{
    "__comment": "Bullet 2",
    "from": [ 8.4539, 13.5165, 7.70776 ],
    "to": [ 8.51844, 13.5811, 7.96591 ],
    "faces": {
        "down":  { "uv": [ 7, 5.5, 9, 6 ], "rotation": 270, "texture": "#iron_block" },
        "up":    { "uv": [ 7, 5.5, 9, 6 ], "rotation": 270, "texture": "#iron_block" },
        "north": { "uv": [ 8.5, 5.5, 9, 6 ], "rotation": 90, "texture": "#iron_block" },
        "south": { "uv": [ 7, 5.5, 7.5, 6 ], "texture": "#iron_block" },
        "west":  { "uv": [ 7, 8.5, 9, 9 ], "texture": "#iron_block" },
        "east":  { "uv": [ 9, 9, 7, 8.5 ], "texture": "#iron_block" }
    }
},
{
    "__comment": "Bullet 2",
    "from": [ 8.4539, 13.7746, 7.77229 ],
    "to": [ 8.51844, 13.8392, 7.90137 ],
    "faces": {
        "down":  { "uv": [ 7.5, 5.5, 8.5, 6 ], "rotation": 270, "texture": "#iron_block" },
        "up":    { "uv": [ 7.5, 5.5, 8.5, 6 ], "rotation": 270, "texture": "#iron_block" },
        "north": { "uv": [ 6.5, 5.5, 7, 6 ], "rotation": 90, "texture": "#iron_block" },
        "south": { "uv": [ 9, 5.5, 9.5, 6 ], "texture": "#iron_block" },
        "west":  { "uv": [ 7.5, 6.5, 8.5, 7 ], "texture": "#iron_block" },
        "east":  { "uv": [ 8.5, 7, 7.5, 6.5 ], "texture": "#iron_block" }
    }
},
{
    "__comment": "Bullet 2",
    "from": [ 8.32021, 13.581, 7.77229 ],
    "to": [ 8.40253, 13.7101, 7.90137 ],
    "faces": {
        "down":  { "uv": [ 7.5, 0, 8.5, 1.5 ], "rotation": 270, "texture": "#iron_block" },
        "up":    { "uv": [ 7.5, 0, 8.5, 1.5 ], "rotation": 270, "texture": "#iron_block" },
        "north": { "uv": [ 7.5, 0, 8.5, 1.5 ], "rotation": 90, "texture": "#iron_block" },
        "south": { "uv": [ 7.5, 0, 8.5, 1.5 ], "texture": "#iron_block" },
        "west":  { "uv": [ 7.5, 7.5, 8.5, 8.5 ], "texture": "#iron_block" },
        "east":  { "uv": [ 8.5, 8.5, 7.5, 7.5 ], "texture": "#iron_block" }
    }
},
{
    "__comment": "Bullet 2",
    "from": [ 8.4539, 13.452, 7.77229 ],
    "to": [ 8.51844, 13.5165, 7.90137 ],
    "faces": {
        "down":  { "uv": [ 7.5, 5.5, 8.5, 6 ], "rotation": 270, "texture": "#iron_block" },
        "up":    { "uv": [ 7.5, 5.5, 8.5, 6 ], "rotation": 270, "texture": "#iron_block" },
        "north": { "uv": [ 9, 5.5, 9.5, 6 ], "rotation": 90, "texture": "#iron_block" },
        "south": { "uv": [ 6.5, 5.5, 7, 6 ], "texture": "#iron_block" },
        "west":  { "uv": [ 7.5, 9, 8.5, 9.5 ], "texture": "#iron_block" },
        "east":  { "uv": [ 8.5, 9.5, 7.5, 9 ], "texture": "#iron_block" }
    }
}
],
"display": {
    "thirdperson_righthand": {
        "rotation": [ -180, 90, 0 ],
        "translation": [ 0, -3.59, 0.76 ],
        "scale": [ -0.7, -0.7, -0.7 ]
    },
    "thirdperson_lefthand": {
        "rotation": [ -180, -90, 0 ],
        "translation": [ 0, -3.59, 0.76 ],
        "scale": [ -0.7, -0.7, -0.7 ]
    },
    "ground": {
        "rotation": [ -90, 0, 0 ],
        "translation": [ 0, 0, -3 ],
        "scale": [ 0.7, 0.7, 0.7 ]
    },
    "fixed": {
        "rotation": [ 0, 180, 0 ],
        "translation": [ 0, 0.38, 0 ],
        "scale": [ 1.2, 1.2, 1.2 ]
    },
    "firstperson_righthand": {
        "rotation": [ -17, -111, -28 ],
        "translation": [ 1.89, -1.13, 0.19 ],
        "scale": [ 1, 1, 1 ]
    },
    "firstperson_lefthand": {
        "rotation": [ -17, 69, 28 ],
        "translation": [ 1.89, -1.12, 0.19 ],
        "scale": [ 1, 1, 1 ]
    },
    "gui": {
        "rotation": [ 30, -135, 0 ],
        "translation": [ 0, 0.19, 0 ],
        "scale": [ 1.2, 1.2, 1.2 ]
    }
}
}