{
	"__comment": "Разработано специально для Hard-Days.SU  ::  If you steal our models - you PIDOR!",
"textures": {
    "texture": "blocks/testplanks",
    "planks_big_oak": "blocks/wool_colored_darkish_black",
    "testplanks_top": "blocks/testplanks_top"
},
"elements": [ 
{
    "__comment": "Base",
    "from": [ -7, 0.5, 2 ],
    "to": [ 23, 6, 14 ],
    "faces": {
        "down":  { "uv": [ 15.5, 11, 0.5, 5 ], "texture": "#texture" },
        "up":    { "uv": [ 0.5, 5, 15.5, 11 ], "texture": "#planks_big_oak" },
        "north": { "uv": [ 0.5, 13, 15.5, 15.75 ], "texture": "#planks_big_oak" },
        "south": { "uv": [ 0.5, 13, 15.5, 15.75 ], "texture": "#planks_big_oak" },
        "west":  { "uv": [ 5, 13, 11, 15.75 ], "texture": "#planks_big_oak" },
        "east":  { "uv": [ 5, 13, 11, 15.75 ], "texture": "#planks_big_oak" }
    }
},
{
    "__comment": "Side",
    "from": [ -7.25, 3.1, 2 ],
    "to": [ 23.25, 6, 14 ],
    "faces": {
        "down":  { "uv": [ 15.625, 11, 0.375, 5 ], "texture": "#planks_big_oak" },
        "up":    { "uv": [ 0.375, 5, 15.625, 11 ], "texture": "#planks_big_oak" },
        "north": { "uv": [ 0.375, 13, 15.625, 14.45 ], "texture": "#texture" },
        "south": { "uv": [ 0.375, 13, 15.625, 14.45 ], "texture": "#texture" },
        "west":  { "uv": [ 5, 13, 11, 14.45 ], "texture": "#texture" },
        "east":  { "uv": [ 5, 13, 11, 14.45 ], "texture": "#texture" }
    }
},
{
    "__comment": "Side",
    "from": [ -7.25, 0.25, 2 ],
    "to": [ 23.25, 2.9, 14 ],
    "faces": {
        "down":  { "uv": [ 15.625, 11, 0.375, 5 ], "texture": "#texture" },
        "up":    { "uv": [ 0.375, 5, 15.625, 11 ], "texture": "#planks_big_oak" },
        "north": { "uv": [ 0.375, 14.55, 15.625, 15.875 ], "texture": "#texture" },
        "south": { "uv": [ 0.375, 14.55, 15.625, 15.875 ], "texture": "#texture" },
        "west":  { "uv": [ 5, 14.55, 11, 15.875 ], "texture": "#texture" },
        "east":  { "uv": [ 5, 14.55, 11, 15.875 ], "texture": "#texture" }
    }
},
{
    "__comment": "Top",
    "from": [ -7.75, 6, 1.25 ],
    "to": [ 23.75, 6.5, 4.475 ],
    "faces": {
        "down":  { "uv": [ 15.875, 6.2375, 0.125, 4.625 ], "texture": "#texture" },
        "up":    { "uv": [ 0.125, 4.625, 15.875, 6.2375 ], "texture": "#testplanks_top" },
        "north": { "uv": [ 0.125, 12.75, 15.875, 13 ], "texture": "#texture" },
        "south": { "uv": [ 0.125, 12.75, 15.875, 13 ], "texture": "#texture" },
        "west":  { "uv": [ 4.625, 12.75, 6.2375, 13 ], "texture": "#texture" },
        "east":  { "uv": [ 9.7625, 12.75, 11.375, 13 ], "texture": "#texture" }
    }
},
{
    "__comment": "Top",
    "from": [ -7.75, 6, 4.675 ],
    "to": [ 23.75, 6.5, 7.9 ],
    "faces": {
        "down":  { "uv": [ 15.875, 7.95, 0.125, 6.3375 ], "texture": "#texture" },
        "up":    { "uv": [ 0.125, 6.3375, 15.875, 7.95 ], "texture": "#testplanks_top" },
        "north": { "uv": [ 0.125, 12.75, 15.875, 13 ], "texture": "#texture" },
        "south": { "uv": [ 0.125, 12.75, 15.875, 13 ], "texture": "#texture" },
        "west":  { "uv": [ 6.3375, 12.75, 7.95, 13 ], "texture": "#texture" },
        "east":  { "uv": [ 8.05, 12.75, 9.6625, 13 ], "texture": "#texture" }
    }
},
{
    "__comment": "Top",
    "from": [ -7.75, 6, 8.1 ],
    "to": [ 23.75, 6.5, 11.325 ],
    "faces": {
        "down":  { "uv": [ 15.875, 9.6625, 0.125, 8.05 ], "texture": "#texture" },
        "up":    { "uv": [ 0.125, 8.05, 15.875, 9.6625 ], "texture": "#testplanks_top" },
        "north": { "uv": [ 0.125, 12.75, 15.875, 13 ], "texture": "#texture" },
        "south": { "uv": [ 0.125, 12.75, 15.875, 13 ], "texture": "#texture" },
        "west":  { "uv": [ 8.05, 12.75, 9.6625, 13 ], "texture": "#texture" },
        "east":  { "uv": [ 6.3375, 12.75, 7.95, 13 ], "texture": "#texture" }
    }
},
{
    "__comment": "Top",
    "from": [ -7.75, 6, 11.525 ],
    "to": [ 23.75, 6.5, 14.75 ],
    "faces": {
        "down":  { "uv": [ 15.875, 11.375, 0.125, 9.7625 ], "texture": "#texture" },
        "up":    { "uv": [ 0.125, 9.7625, 15.875, 11.375 ], "texture": "#testplanks_top" },
        "north": { "uv": [ 0.125, 12.75, 15.875, 13 ], "texture": "#texture" },
        "south": { "uv": [ 0.125, 12.75, 15.875, 13 ], "texture": "#texture" },
        "west":  { "uv": [ 9.7625, 12.75, 11.375, 13 ], "texture": "#texture" },
        "east":  { "uv": [ 4.625, 12.75, 6.2375, 13 ], "texture": "#texture" }
    }
},
{
    "__comment": "Side",
    "from": [ -7.5, 3.1, 1.5 ],
    "to": [ 23.5, 6, 2 ],
    "faces": {
        "down":  { "uv": [ 15.75, 5, 0.25, 4.75 ], "texture": "#texture" },
        "up":    { "uv": [ 0.25, 4.75, 15.75, 5 ], "texture": "#texture" },
        "north": { "uv": [ 0.25, 13, 15.75, 14.45 ], "texture": "#texture" },
        "south": { "uv": [ 0.25, 13, 15.75, 14.45 ], "texture": "#texture" },
        "west":  { "uv": [ 4.75, 13, 5, 14.45 ], "texture": "#texture" },
        "east":  { "uv": [ 11, 13, 11.25, 14.45 ], "texture": "#texture" }
    }
},
{
    "__comment": "Side",
    "from": [ -7.5, 0, 1.5 ],
    "to": [ 23.5, 2.9, 2 ],
    "faces": {
        "down":  { "uv": [ 15.75, 5, 0.25, 4.75 ], "texture": "#texture" },
        "up":    { "uv": [ 0.25, 4.75, 15.75, 5 ], "texture": "#texture" },
        "north": { "uv": [ 0.25, 14.55, 15.75, 16 ], "texture": "#texture" },
        "south": { "uv": [ 0.25, 14.55, 15.75, 16 ], "texture": "#texture" },
        "west":  { "uv": [ 4.75, 14.55, 5, 16 ], "texture": "#texture" },
        "east":  { "uv": [ 11, 14.55, 11.25, 16 ], "texture": "#texture" }
    }
},
{
    "__comment": "Side",
    "from": [ -7.5, 3.1, 14 ],
    "to": [ 23.5, 6, 14.5 ],
    "faces": {
        "down":  { "uv": [ 15.75, 11.25, 0.25, 11 ], "texture": "#texture" },
        "up":    { "uv": [ 0.25, 11, 15.75, 11.25 ], "texture": "#texture" },
        "north": { "uv": [ 0.25, 13, 15.75, 14.45 ], "texture": "#texture" },
        "south": { "uv": [ 0.25, 13, 15.75, 14.45 ], "texture": "#texture" },
        "west":  { "uv": [ 11, 13, 11.25, 14.45 ], "texture": "#texture" },
        "east":  { "uv": [ 4.75, 13, 5, 14.45 ], "texture": "#texture" }
    }
},
{
    "__comment": "Side",
    "from": [ -7.5, 0, 14 ],
    "to": [ 23.5, 2.9, 14.5 ],
    "faces": {
        "down":  { "uv": [ 15.75, 11.25, 0.25, 11 ], "texture": "#texture" },
        "up":    { "uv": [ 0.25, 11, 15.75, 11.25 ], "texture": "#texture" },
        "north": { "uv": [ 0.25, 14.55, 15.75, 16 ], "texture": "#texture" },
        "south": { "uv": [ 0.25, 14.55, 15.75, 16 ], "texture": "#texture" },
        "west":  { "uv": [ 11, 14.55, 11.25, 16 ], "texture": "#texture" },
        "east":  { "uv": [ 4.75, 14.55, 5, 16 ], "texture": "#texture" }
    }
},
{
    "__comment": "Side Tall",
    "from": [ -7.5, 0, 3.5 ],
    "to": [ 23.5, 6, 5 ],
    "faces": {
        "down":  { "uv": [ 15.75, 6.5, 0.25, 5.75 ], "texture": "#texture" },
        "up":    { "uv": [ 0.25, 5.75, 15.75, 6.5 ], "texture": "#planks_big_oak" },
        "north": { "uv": [ 0.25, 13, 15.75, 16 ], "texture": "#texture" },
        "south": { "uv": [ 0.25, 13, 15.75, 16 ], "texture": "#texture" },
        "west":  { "uv": [ 5.75, 13, 6.5, 16 ], "texture": "#texture" },
        "east":  { "uv": [ 9.5, 13, 10.25, 16 ], "texture": "#texture" }
    }
},
{
    "__comment": "Side Tall",
    "from": [ -7.5, 0, 11 ],
    "to": [ 23.5, 6, 12.5 ],
    "faces": {
        "down":  { "uv": [ 15.75, 10.25, 0.25, 9.5 ], "texture": "#texture" },
        "up":    { "uv": [ 0.25, 9.5, 15.75, 10.25 ], "texture": "#planks_big_oak" },
        "north": { "uv": [ 0.25, 13, 15.75, 16 ], "texture": "#texture" },
        "south": { "uv": [ 0.25, 13, 15.75, 16 ], "texture": "#texture" },
        "west":  { "uv": [ 9.5, 13, 10.25, 16 ], "texture": "#texture" },
        "east":  { "uv": [ 5.75, 13, 6.5, 16 ], "texture": "#texture" }
    }
},
{
    "__comment": "Side Handle",
    "from": [ -8, 2, 2.5 ],
    "to": [ -7.5, 4, 13.5 ],
    "faces": {
        "down":  { "uv": [ 16, 10.75, 15.75, 5.25 ], "texture": "#texture" },
        "up":    { "uv": [ 0, 5.25, 0.25, 10.75 ], "texture": "#texture" },
        "north": { "uv": [ 15.75, 14, 16, 15 ], "texture": "#texture" },
        "south": { "uv": [ 0, 14, 0.25, 15 ], "texture": "#texture" },
        "west":  { "uv": [ 5.25, 14, 10.75, 15 ], "texture": "#texture" },
        "east":  { "uv": [ 5.25, 14, 10.75, 15 ], "texture": "#texture" }
    }
},
{
    "__comment": "Side Handle",
    "from": [ 23.5, 2, 2.5 ],
    "to": [ 24, 4, 13.5 ],
    "faces": {
        "down":  { "uv": [ 0.25, 10.75, 0, 5.25 ], "texture": "#texture" },
        "up":    { "uv": [ 15.75, 5.25, 16, 10.75 ], "texture": "#texture" },
        "north": { "uv": [ 0, 14, 0.25, 15 ], "texture": "#texture" },
        "south": { "uv": [ 15.75, 14, 16, 15 ], "texture": "#texture" },
        "west":  { "uv": [ 5.25, 14, 10.75, 15 ], "texture": "#texture" },
        "east":  { "uv": [ 5.25, 14, 10.75, 15 ], "texture": "#texture" }
    }
},
{
    "__comment": "Top Beam",
    "from": [ -4.25, 6.5, 1.5 ],
    "to": [ -2.25, 7, 14.5 ],
    "faces": {
        "down":  { "uv": [ 13.625, 11.25, 12.625, 4.75 ], "texture": "#texture" },
        "up":    { "uv": [ 2.375, 4.75, 3.375, 11.25 ], "texture": "#texture" },
        "north": { "uv": [ 12.625, 12.5, 13.625, 12.75 ], "texture": "#texture" },
        "south": { "uv": [ 2.375, 12.5, 3.375, 12.75 ], "texture": "#texture" },
        "west":  { "uv": [ 4.75, 12.5, 11.25, 12.75 ], "texture": "#texture" },
        "east":  { "uv": [ 4.75, 12.5, 11.25, 12.75 ], "texture": "#texture" }
    }
},
{
    "__comment": "Top Beam",
    "from": [ 18.75, 6.5, 1.5 ],
    "to": [ 20.75, 7, 14.5 ],
    "faces": {
        "down":  { "uv": [ 2.375, 11.25, 1.375, 4.75 ], "texture": "#texture" },
        "up":    { "uv": [ 13.625, 4.75, 14.625, 11.25 ], "texture": "#texture" },
        "north": { "uv": [ 1.375, 12.5, 2.375, 12.75 ], "texture": "#texture" },
        "south": { "uv": [ 13.625, 12.5, 14.625, 12.75 ], "texture": "#texture" },
        "west":  { "uv": [ 4.75, 12.5, 11.25, 12.75 ], "texture": "#texture" },
        "east":  { "uv": [ 4.75, 12.5, 11.25, 12.75 ], "texture": "#texture" }
    }
}
],
"display": {
    "thirdperson_righthand": {
        "rotation": [ 0, 0, 0 ],
        "translation": [ 0, 1.7, 1.32 ],
        "scale": [ 0.25, 0.25, 0.25 ]
    },
    "head": {
        "rotation": [ 0, 0, 0 ],
        "translation": [ 0, -23, 0 ],
        "scale": [ 2.5, 2.5, 2.5 ]
    },
    "firstperson_righthand": {
        "rotation": [ 0, 75, 10 ],
        "translation": [ 17.2, -0.94, -12.09 ],
        "scale": [ 1, 1, 1 ]
    },
    "gui": {
        "rotation": [ 30, 45, 0 ],
        "translation": [ 0, 1.7, 0 ],
        "scale": [ 0.49, 0.49, 0.49 ]
    }
}
}