{
	"__comment": "Разработано специально для Hard-Days.SU  ::  If you steal our models - you PIDOR!",
"textures": {
    "texture": "blocks/wool_colored_light_black",
    "wool_colored_black": "blocks/wool_colored_dark_black",
    "gold_block": "blocks/hardened_clay_stained_yellow",
    "wool_colored_light_black_darker": "blocks/wool_colored_light_black_darker",
    "iron_block": "blocks/iron_block"
},
"elements": [ 
{
    "__comment": "Clip",
    "from": [ 4.1, 5, 7 ],
    "to": [ 12.1, 9, 9 ],
    "faces": {
        "down":  { "uv": [ 11.8, 9, 3.8, 7 ], "texture": "#texture" },
        "up":    { "uv": [ 4.2, 7, 12.2, 9 ], "texture": "#wool_colored_black" },
        "north": { "uv": [ 3.8, 7, 11.8, 11 ], "texture": "#texture" },
        "south": { "uv": [ 4.2, 7, 12.2, 11 ], "texture": "#texture" },
        "west":  { "uv": [ 7, 7, 9, 11 ], "texture": "#texture" },
        "east":  { "uv": [ 7, 7, 9, 11 ], "texture": "#texture" }
    }
},
{
    "__comment": "Clip",
    "from": [ 4.1, 9, 7 ],
    "to": [ 12.1, 10.5, 7.2 ],
    "faces": {
        "down":  { "uv": [ 11.8, 7.2, 3.8, 7 ], "texture": "#texture" },
        "up":    { "uv": [ 4.2, 7, 12.2, 7.2 ], "texture": "#texture" },
        "north": { "uv": [ 3.8, 5.5, 11.8, 7 ], "texture": "#texture" },
        "south": { "uv": [ 4.2, 5.5, 12.2, 7 ], "texture": "#wool_colored_black" },
        "west":  { "uv": [ 7, 5.5, 7.2, 7 ], "texture": "#texture" },
        "east":  { "uv": [ 8.8, 5.5, 9, 7 ], "texture": "#texture" }
    }
},
{
    "__comment": "Clip",
    "from": [ 4.1, 9, 8.8 ],
    "to": [ 12.1, 10.5, 9 ],
    "faces": {
        "down":  { "uv": [ 11.8, 9, 3.8, 8.8 ], "texture": "#texture" },
        "up":    { "uv": [ 4.2, 8.8, 12.2, 9 ], "texture": "#texture" },
        "north": { "uv": [ 3.8, 5.5, 11.8, 7 ], "texture": "#wool_colored_black" },
        "south": { "uv": [ 4.2, 5.5, 12.2, 7 ], "texture": "#texture" },
        "west":  { "uv": [ 8.8, 5.5, 9, 7 ], "texture": "#texture" },
        "east":  { "uv": [ 7, 5.5, 7.2, 7 ], "texture": "#texture" }
    }
},
{
    "__comment": "Clip",
    "from": [ 4.1, 9, 7.2 ],
    "to": [ 4.3, 10.5, 8.8 ],
    "faces": {
        "down":  { "uv": [ 11.8, 8.8, 11.6, 7.2 ], "texture": "#texture" },
        "up":    { "uv": [ 4.2, 7.2, 4.4, 8.8 ], "texture": "#texture" },
        "north": { "uv": [ 11.6, 5.5, 11.8, 7 ], "texture": "#texture" },
        "south": { "uv": [ 4.2, 5.5, 4.4, 7 ], "texture": "#texture" },
        "west":  { "uv": [ 7.2, 5.5, 8.8, 7 ], "texture": "#texture" },
        "east":  { "uv": [ 7.2, 5.5, 8.8, 7 ], "texture": "#wool_colored_black" }
    }
},
{
    "__comment": "Clip",
    "from": [ 11.9, 9, 7.2 ],
    "to": [ 12.1, 10.5, 8.8 ],
    "faces": {
        "down":  { "uv": [ 4, 8.8, 3.8, 7.2 ], "texture": "#texture" },
        "up":    { "uv": [ 12, 7.2, 12.2, 8.8 ], "texture": "#texture" },
        "north": { "uv": [ 3.8, 5.5, 4, 7 ], "texture": "#texture" },
        "south": { "uv": [ 12, 5.5, 12.2, 7 ], "texture": "#texture" },
        "west":  { "uv": [ 7.2, 5.5, 8.8, 7 ], "texture": "#wool_colored_black" },
        "east":  { "uv": [ 7.2, 5.5, 8.8, 7 ], "texture": "#texture" }
    }
},
{
    "__comment": "Clip Back Ridge",
    "from": [ 4.1, 10.4, 7 ],
    "to": [ 6.9, 11.2, 7.2 ],
    "faces": {
        "down":  { "uv": [ 11.8, 7.2, 9, 7 ], "texture": "#texture" },
        "up":    { "uv": [ 4.2, 7, 7, 7.2 ], "texture": "#texture" },
        "north": { "uv": [ 9, 4.8, 11.8, 5.6 ], "texture": "#texture" },
        "south": { "uv": [ 4.2, 4.8, 7, 5.6 ], "texture": "#wool_colored_black" },
        "west":  { "uv": [ 7, 4.8, 7.2, 5.6 ], "texture": "#texture" },
        "east":  { "uv": [ 8.8, 4.8, 9, 5.6 ], "texture": "#texture" }
    }
},
{
    "__comment": "Clip Back Ridge",
    "from": [ 4.1, 10.4, 8.8 ],
    "to": [ 6.9, 11.2, 9 ],
    "faces": {
        "down":  { "uv": [ 11.8, 9, 9, 8.8 ], "texture": "#texture" },
        "up":    { "uv": [ 4.2, 8.8, 7, 9 ], "texture": "#texture" },
        "north": { "uv": [ 9, 4.8, 11.8, 5.6 ], "texture": "#wool_colored_black" },
        "south": { "uv": [ 4.2, 4.8, 7, 5.6 ], "texture": "#texture" },
        "west":  { "uv": [ 8.8, 4.8, 9, 5.6 ], "texture": "#texture" },
        "east":  { "uv": [ 7, 4.8, 7.2, 5.6 ], "texture": "#texture" }
    }
},
{
    "__comment": "Clip Front Ridge",
    "from": [ 10.1, 10.5, 7 ],
    "to": [ 11.3, 10.8, 7.2 ],
    "faces": {
        "down":  { "uv": [ 5.8, 7.2, 4.6, 7 ], "texture": "#texture" },
        "up":    { "uv": [ 10.2, 7, 11.4, 7.2 ], "texture": "#texture" },
        "north": { "uv": [ 4.6, 5.2, 5.8, 5.5 ], "texture": "#texture" },
        "south": { "uv": [ 10.2, 5.2, 11.4, 5.5 ], "texture": "#wool_colored_black" },
        "west":  { "uv": [ 7, 5.2, 7.2, 5.5 ], "texture": "#texture" },
        "east":  { "uv": [ 8.8, 5.2, 9, 5.5 ], "texture": "#texture" }
    }
},
{
    "__comment": "Clip Front Ridge",
    "from": [ 10.0875, 10.5, 8.75 ],
    "to": [ 11.2875, 10.8, 8.95 ],
    "faces": {
        "down":  { "uv": [ 5.8125, 8.95, 4.6125, 8.75 ], "texture": "#texture" },
        "up":    { "uv": [ 10.1875, 8.75, 11.3875, 8.95 ], "texture": "#texture" },
        "north": { "uv": [ 4.6125, 5.2, 5.8125, 5.5 ], "texture": "#wool_colored_black" },
        "south": { "uv": [ 10.1875, 5.2, 11.3875, 5.5 ], "texture": "#texture" },
        "west":  { "uv": [ 8.75, 5.2, 8.95, 5.5 ], "texture": "#texture" },
        "east":  { "uv": [ 7.05, 5.2, 7.25, 5.5 ], "texture": "#texture" }
    }
},
{
    "__comment": "Clip Bottom",
    "from": [ 4.1, 4.95, 7 ],
    "to": [ 4.9, 5.35, 9 ],
    "faces": {
        "down":  { "uv": [ 11.8, 9, 11, 7 ], "texture": "#wool_colored_light_black_darker" },
        "up":    { "uv": [ 4.2, 7, 5, 9 ], "texture": "#wool_colored_light_black_darker" },
        "north": { "uv": [ 11, 10.65, 11.8, 11.05 ], "texture": "#wool_colored_light_black_darker" },
        "south": { "uv": [ 4.2, 10.65, 5, 11.05 ], "texture": "#wool_colored_light_black_darker" },
        "west":  { "uv": [ 7, 10.65, 9, 11.05 ], "texture": "#texture" },
        "east":  { "uv": [ 7, 10.65, 9, 11.05 ], "texture": "#wool_colored_light_black_darker" }
    }
},
{
    "__comment": "Clip Bottom",
    "from": [ 5.5, 4.95, 7 ],
    "to": [ 6.3, 5.35, 9 ],
    "faces": {
        "down":  { "uv": [ 10.4, 9, 9.6, 7 ], "texture": "#wool_colored_light_black_darker" },
        "up":    { "uv": [ 5.6, 7, 6.4, 9 ], "texture": "#wool_colored_light_black_darker" },
        "north": { "uv": [ 9.6, 10.65, 10.4, 11.05 ], "texture": "#wool_colored_light_black_darker" },
        "south": { "uv": [ 5.6, 10.65, 6.4, 11.05 ], "texture": "#wool_colored_light_black_darker" },
        "west":  { "uv": [ 7, 10.65, 9, 11.05 ], "texture": "#wool_colored_light_black_darker" },
        "east":  { "uv": [ 7, 10.65, 9, 11.05 ], "texture": "#wool_colored_light_black_darker" }
    }
},
{
    "__comment": "Clip Bottom",
    "from": [ 6.9, 4.95, 7 ],
    "to": [ 7.7, 5.35, 9 ],
    "faces": {
        "down":  { "uv": [ 9, 9, 8.2, 7 ], "texture": "#wool_colored_light_black_darker" },
        "up":    { "uv": [ 7, 7, 7.8, 9 ], "texture": "#wool_colored_light_black_darker" },
        "north": { "uv": [ 8.2, 10.65, 9, 11.05 ], "texture": "#wool_colored_light_black_darker" },
        "south": { "uv": [ 7, 10.65, 7.8, 11.05 ], "texture": "#wool_colored_light_black_darker" },
        "west":  { "uv": [ 7, 10.65, 9, 11.05 ], "texture": "#wool_colored_light_black_darker" },
        "east":  { "uv": [ 7, 10.65, 9, 11.05 ], "texture": "#wool_colored_light_black_darker" }
    }
},
{
    "__comment": "Clip Bottom",
    "from": [ 8.3, 4.95, 7 ],
    "to": [ 9.1, 5.35, 9 ],
    "faces": {
        "down":  { "uv": [ 7.6, 9, 6.8, 7 ], "texture": "#wool_colored_light_black_darker" },
        "up":    { "uv": [ 8.4, 7, 9.2, 9 ], "texture": "#wool_colored_light_black_darker" },
        "north": { "uv": [ 6.8, 10.65, 7.6, 11.05 ], "texture": "#wool_colored_light_black_darker" },
        "south": { "uv": [ 8.4, 10.65, 9.2, 11.05 ], "texture": "#wool_colored_light_black_darker" },
        "west":  { "uv": [ 7, 10.65, 9, 11.05 ], "texture": "#wool_colored_light_black_darker" },
        "east":  { "uv": [ 7, 10.65, 9, 11.05 ], "texture": "#wool_colored_light_black_darker" }
    }
},
{
    "__comment": "Clip Bottom",
    "from": [ 9.65, 4.95, 7 ],
    "to": [ 10.45, 5.35, 9 ],
    "faces": {
        "down":  { "uv": [ 6.25, 9, 5.45, 7 ], "texture": "#wool_colored_light_black_darker" },
        "up":    { "uv": [ 9.75, 7, 10.55, 9 ], "texture": "#wool_colored_light_black_darker" },
        "north": { "uv": [ 5.45, 10.65, 6.25, 11.05 ], "texture": "#wool_colored_light_black_darker" },
        "south": { "uv": [ 9.75, 10.65, 10.55, 11.05 ], "texture": "#wool_colored_light_black_darker" },
        "west":  { "uv": [ 7, 10.65, 9, 11.05 ], "texture": "#wool_colored_light_black_darker" },
        "east":  { "uv": [ 7, 10.65, 9, 11.05 ], "texture": "#wool_colored_light_black_darker" }
    }
},
{
    "__comment": "Clip Bottom",
    "from": [ 11.1, 4.95, 7 ],
    "to": [ 11.9, 5.35, 9 ],
    "faces": {
        "down":  { "uv": [ 4.8, 9, 4, 7 ], "texture": "#wool_colored_light_black_darker" },
        "up":    { "uv": [ 11.2, 7, 12, 9 ], "texture": "#wool_colored_light_black_darker" },
        "north": { "uv": [ 4, 10.65, 4.8, 11.05 ], "texture": "#wool_colored_light_black_darker" },
        "south": { "uv": [ 11.2, 10.65, 12, 11.05 ], "texture": "#wool_colored_light_black_darker" },
        "west":  { "uv": [ 7, 10.65, 9, 11.05 ], "texture": "#wool_colored_light_black_darker" },
        "east":  { "uv": [ 7, 10.65, 9, 11.05 ], "texture": "#wool_colored_light_black_darker" }
    }
},
{
    "__comment": "Clip Outer Front",
    "from": [ 11.1, 4.95, 8.8 ],
    "to": [ 11.9, 10.6, 9.05 ],
    "faces": {
        "down":  { "uv": [ 4.8, 9.05, 4, 8.8 ], "texture": "#wool_colored_light_black_darker" },
        "up":    { "uv": [ 11.2, 8.8, 12, 9.05 ], "texture": "#wool_colored_light_black_darker" },
        "north": { "uv": [ 4, 5.4, 4.8, 11.05 ], "texture": "#wool_colored_black" },
        "south": { "uv": [ 11.2, 5.4, 12, 11.05 ], "texture": "#wool_colored_light_black_darker" },
        "west":  { "uv": [ 8.8, 5.4, 9.05, 11.05 ], "texture": "#wool_colored_light_black_darker" },
        "east":  { "uv": [ 6.95, 5.4, 7.2, 11.05 ], "texture": "#wool_colored_light_black_darker" }
    }
},
{
    "__comment": "Clip Outer Front",
    "from": [ 9.7, 4.95, 8.8 ],
    "to": [ 10.5, 10.6, 9.05 ],
    "faces": {
        "down":  { "uv": [ 6.2, 9.05, 5.4, 8.8 ], "texture": "#wool_colored_light_black_darker" },
        "up":    { "uv": [ 9.8, 8.8, 10.6, 9.05 ], "texture": "#wool_colored_light_black_darker" },
        "north": { "uv": [ 5.4, 5.4, 6.2, 11.05 ], "texture": "#wool_colored_black" },
        "south": { "uv": [ 9.8, 5.4, 10.6, 11.05 ], "texture": "#wool_colored_light_black_darker" },
        "west":  { "uv": [ 8.8, 5.4, 9.05, 11.05 ], "texture": "#wool_colored_light_black_darker" },
        "east":  { "uv": [ 6.95, 5.4, 7.2, 11.05 ], "texture": "#wool_colored_light_black_darker" }
    }
},
{
    "__comment": "Clip Outer Middle",
    "from": [ 8.3, 4.95, 8.8 ],
    "to": [ 9.1, 10.6, 9.05 ],
    "faces": {
        "down":  { "uv": [ 7.6, 9.05, 6.8, 8.8 ], "texture": "#wool_colored_light_black_darker" },
        "up":    { "uv": [ 8.4, 8.8, 9.2, 9.05 ], "texture": "#wool_colored_light_black_darker" },
        "north": { "uv": [ 6.8, 5.4, 7.6, 11.05 ], "texture": "#wool_colored_black" },
        "south": { "uv": [ 8.4, 5.4, 9.2, 11.05 ], "texture": "#wool_colored_light_black_darker" },
        "west":  { "uv": [ 8.8, 5.4, 9.05, 11.05 ], "texture": "#wool_colored_light_black_darker" },
        "east":  { "uv": [ 6.95, 5.4, 7.2, 11.05 ], "texture": "#wool_colored_light_black_darker" }
    }
},
{
    "__comment": "Clip Middle Step",
    "from": [ 6.9, 4.95, 8.8 ],
    "to": [ 7.7, 10.8, 9.05 ],
    "faces": {
        "down":  { "uv": [ 9, 9.05, 8.2, 8.8 ], "texture": "#wool_colored_light_black_darker" },
        "up":    { "uv": [ 7, 8.8, 7.8, 9.05 ], "texture": "#wool_colored_light_black_darker" },
        "north": { "uv": [ 8.2, 5.2, 9, 11.05 ], "texture": "#wool_colored_black" },
        "south": { "uv": [ 7, 5.2, 7.8, 11.05 ], "texture": "#wool_colored_light_black_darker" },
        "west":  { "uv": [ 8.8, 5.2, 9.05, 11.05 ], "texture": "#wool_colored_light_black_darker" },
        "east":  { "uv": [ 6.95, 5.2, 7.2, 11.05 ], "texture": "#wool_colored_light_black_darker" }
    }
},
{
    "__comment": "Clip Outer Back",
    "from": [ 4.1, 4.95, 8.8 ],
    "to": [ 4.9, 11.3, 9.05 ],
    "faces": {
        "down":  { "uv": [ 11.8, 9.05, 11, 8.8 ], "texture": "#wool_colored_light_black_darker" },
        "up":    { "uv": [ 4.2, 8.8, 5, 9.05 ], "texture": "#wool_colored_light_black_darker" },
        "north": { "uv": [ 11, 4.7, 11.8, 11.05 ], "texture": "#wool_colored_black" },
        "south": { "uv": [ 4.2, 4.7, 5, 11.05 ], "texture": "#wool_colored_light_black_darker" },
        "west":  { "uv": [ 8.8, 4.7, 9.05, 11.05 ], "texture": "#texture" },
        "east":  { "uv": [ 6.95, 4.7, 7.2, 11.05 ], "texture": "#wool_colored_light_black_darker" }
    }
},
{
    "__comment": "Clip Outer Back",
    "from": [ 5.5, 4.95, 8.8 ],
    "to": [ 6.3, 11.3, 9.05 ],
    "faces": {
        "down":  { "uv": [ 10.4, 9.05, 9.6, 8.8 ], "texture": "#wool_colored_light_black_darker" },
        "up":    { "uv": [ 5.6, 8.8, 6.4, 9.05 ], "texture": "#wool_colored_light_black_darker" },
        "north": { "uv": [ 9.6, 4.7, 10.4, 11.05 ], "texture": "#wool_colored_black" },
        "south": { "uv": [ 5.6, 4.7, 6.4, 11.05 ], "texture": "#wool_colored_light_black_darker" },
        "west":  { "uv": [ 8.8, 4.7, 9.05, 11.05 ], "texture": "#wool_colored_light_black_darker" },
        "east":  { "uv": [ 6.95, 4.7, 7.2, 11.05 ], "texture": "#wool_colored_light_black_darker" }
    }
},
{
    "__comment": "Clip Outer Front",
    "from": [ 11.1, 4.95, 6.95 ],
    "to": [ 11.9, 10.6, 7.2 ],
    "faces": {
        "down":  { "uv": [ 4.8, 7.2, 4, 6.95 ], "texture": "#wool_colored_light_black_darker" },
        "up":    { "uv": [ 11.2, 6.95, 12, 7.2 ], "texture": "#wool_colored_light_black_darker" },
        "north": { "uv": [ 4, 5.4, 4.8, 11.05 ], "texture": "#wool_colored_light_black_darker" },
        "south": { "uv": [ 11.2, 5.4, 12, 11.05 ], "texture": "#wool_colored_black" },
        "west":  { "uv": [ 6.95, 5.4, 7.2, 11.05 ], "texture": "#wool_colored_light_black_darker" },
        "east":  { "uv": [ 8.8, 5.4, 9.05, 11.05 ], "texture": "#wool_colored_light_black_darker" }
    }
},
{
    "__comment": "Clip Outer Front",
    "from": [ 9.7, 4.95, 6.95 ],
    "to": [ 10.5, 10.6, 7.2 ],
    "faces": {
        "down":  { "uv": [ 6.2, 7.2, 5.4, 6.95 ], "texture": "#wool_colored_light_black_darker" },
        "up":    { "uv": [ 9.8, 6.95, 10.6, 7.2 ], "texture": "#wool_colored_light_black_darker" },
        "north": { "uv": [ 5.4, 5.4, 6.2, 11.05 ], "texture": "#wool_colored_light_black_darker" },
        "south": { "uv": [ 9.8, 5.4, 10.6, 11.05 ], "texture": "#wool_colored_black" },
        "west":  { "uv": [ 6.95, 5.4, 7.2, 11.05 ], "texture": "#wool_colored_light_black_darker" },
        "east":  { "uv": [ 8.8, 5.4, 9.05, 11.05 ], "texture": "#wool_colored_light_black_darker" }
    }
},
{
    "__comment": "Clip Outer Middle",
    "from": [ 8.3, 4.95, 6.95 ],
    "to": [ 9.1, 10.6, 7.2 ],
    "faces": {
        "down":  { "uv": [ 7.6, 7.2, 6.8, 6.95 ], "texture": "#wool_colored_light_black_darker" },
        "up":    { "uv": [ 8.4, 6.95, 9.2, 7.2 ], "texture": "#wool_colored_light_black_darker" },
        "north": { "uv": [ 6.8, 5.4, 7.6, 11.05 ], "texture": "#wool_colored_light_black_darker" },
        "south": { "uv": [ 8.4, 5.4, 9.2, 11.05 ], "texture": "#wool_colored_black" },
        "west":  { "uv": [ 6.95, 5.4, 7.2, 11.05 ], "texture": "#wool_colored_light_black_darker" },
        "east":  { "uv": [ 8.8, 5.4, 9.05, 11.05 ], "texture": "#wool_colored_light_black_darker" }
    }
},
{
    "__comment": "Clip Middle Step",
    "from": [ 6.9, 4.95, 6.95 ],
    "to": [ 7.7, 10.8, 7.2 ],
    "faces": {
        "down":  { "uv": [ 9, 7.2, 8.2, 6.95 ], "texture": "#wool_colored_light_black_darker" },
        "up":    { "uv": [ 7, 6.95, 7.8, 7.2 ], "texture": "#wool_colored_light_black_darker" },
        "north": { "uv": [ 8.2, 5.2, 9, 11.05 ], "texture": "#wool_colored_light_black_darker" },
        "south": { "uv": [ 7, 5.2, 7.8, 11.05 ], "texture": "#wool_colored_black" },
        "west":  { "uv": [ 6.95, 5.2, 7.2, 11.05 ], "texture": "#wool_colored_light_black_darker" },
        "east":  { "uv": [ 8.8, 5.2, 9.05, 11.05 ], "texture": "#wool_colored_light_black_darker" }
    }
},
{
    "__comment": "Clip Outer Back",
    "from": [ 4.1, 4.95, 6.95 ],
    "to": [ 4.9, 11.3, 7.2 ],
    "faces": {
        "down":  { "uv": [ 11.8, 7.2, 11, 6.95 ], "texture": "#wool_colored_light_black_darker" },
        "up":    { "uv": [ 4.2, 6.95, 5, 7.2 ], "texture": "#wool_colored_light_black_darker" },
        "north": { "uv": [ 11, 4.7, 11.8, 11.05 ], "texture": "#wool_colored_light_black_darker" },
        "south": { "uv": [ 4.2, 4.7, 5, 11.05 ], "texture": "#wool_colored_black" },
        "west":  { "uv": [ 6.95, 4.7, 7.2, 11.05 ], "texture": "#texture" },
        "east":  { "uv": [ 8.8, 4.7, 9.05, 11.05 ], "texture": "#wool_colored_light_black_darker" }
    }
},
{
    "__comment": "Clip Outer Back",
    "from": [ 5.5, 4.95, 6.95 ],
    "to": [ 6.3, 11.3, 7.2 ],
    "faces": {
        "down":  { "uv": [ 10.4, 7.2, 9.6, 6.95 ], "texture": "#wool_colored_light_black_darker" },
        "up":    { "uv": [ 5.6, 6.95, 6.4, 7.2 ], "texture": "#wool_colored_light_black_darker" },
        "north": { "uv": [ 9.6, 4.7, 10.4, 11.05 ], "texture": "#wool_colored_light_black_darker" },
        "south": { "uv": [ 5.6, 4.7, 6.4, 11.05 ], "texture": "#wool_colored_black" },
        "west":  { "uv": [ 6.95, 4.7, 7.2, 11.05 ], "texture": "#wool_colored_light_black_darker" },
        "east":  { "uv": [ 8.8, 4.7, 9.05, 11.05 ], "texture": "#wool_colored_light_black_darker" }
    }
},
{
    "__comment": "Bullet",
    "from": [ 4.8, 9.5, 7.5 ],
    "to": [ 9.3, 10.5, 8.5 ],
    "faces": {
        "down":  { "uv": [ 11.1, 8.5, 6.6, 7.5 ], "texture": "#gold_block" },
        "up":    { "uv": [ 4.9, 7.5, 9.4, 8.5 ], "texture": "#gold_block" },
        "north": { "uv": [ 6.6, 5.5, 11.1, 6.5 ], "texture": "#gold_block" },
        "south": { "uv": [ 4.9, 5.5, 9.4, 6.5 ], "texture": "#gold_block" },
        "west":  { "uv": [ 7.5, 5.5, 8.5, 6.5 ], "texture": "#gold_block" },
        "east":  { "uv": [ 7.5, 5.5, 8.5, 6.5 ], "texture": "#gold_block" }
    }
},
{
    "__comment": "Bullet",
    "from": [ 4.6, 9.4, 7.4 ],
    "to": [ 4.8, 10.6, 8.6 ],
    "faces": {
        "down":  { "uv": [ 11.3, 8.6, 11.1, 7.4 ], "texture": "#gold_block" },
        "up":    { "uv": [ 4.7, 7.4, 4.9, 8.6 ], "texture": "#gold_block" },
        "north": { "uv": [ 11.1, 5.4, 11.3, 6.6 ], "texture": "#gold_block" },
        "south": { "uv": [ 4.7, 5.4, 4.9, 6.6 ], "texture": "#gold_block" },
        "west":  { "uv": [ 7.4, 5.4, 8.6, 6.6 ], "texture": "#gold_block" },
        "east":  { "uv": [ 7.4, 5.4, 8.6, 6.6 ], "texture": "#gold_block" }
    }
},
{
    "__comment": "Bullet",
    "from": [ 9.3, 9.575, 7.575 ],
    "to": [ 9.55, 10.425, 8.425 ],
    "faces": {
        "down":  { "uv": [ 6.6, 8.425, 6.35, 7.575 ], "texture": "#gold_block" },
        "up":    { "uv": [ 9.4, 7.575, 9.65, 8.425 ], "texture": "#gold_block" },
        "north": { "uv": [ 6.35, 5.575, 6.6, 6.425 ], "texture": "#gold_block" },
        "south": { "uv": [ 9.4, 5.575, 9.65, 6.425 ], "texture": "#gold_block" },
        "west":  { "uv": [ 7.575, 5.575, 8.425, 6.425 ], "texture": "#gold_block" },
        "east":  { "uv": [ 7.575, 5.575, 8.425, 6.425 ], "texture": "#gold_block" }
    }
},
{
    "__comment": "Bullet",
    "from": [ 9.55, 9.65, 7.65 ],
    "to": [ 10.05, 10.35, 8.35 ],
    "faces": {
        "down":  { "uv": [ 6.35, 8.35, 5.85, 7.65 ], "texture": "#gold_block" },
        "up":    { "uv": [ 9.65, 7.65, 10.15, 8.35 ], "texture": "#gold_block" },
        "north": { "uv": [ 5.85, 5.65, 6.35, 6.35 ], "texture": "#gold_block" },
        "south": { "uv": [ 9.65, 5.65, 10.15, 6.35 ], "texture": "#gold_block" },
        "west":  { "uv": [ 7.65, 5.65, 8.35, 6.35 ], "texture": "#gold_block" },
        "east":  { "uv": [ 7.65, 5.65, 8.35, 6.35 ], "texture": "#wool_colored_black" }
    }
},
{
    "__comment": "Bullet Tip",
    "from": [ 9.9, 9.675, 7.675 ],
    "to": [ 10.4, 10.325, 8.325 ],
    "faces": {
        "down":  { "uv": [ 6, 8.325, 5.5, 7.675 ], "texture": "#iron_block" },
        "up":    { "uv": [ 10, 7.675, 10.5, 8.325 ], "texture": "#iron_block" },
        "north": { "uv": [ 5.5, 5.675, 6, 6.325 ], "texture": "#iron_block" },
        "south": { "uv": [ 10, 5.675, 10.5, 6.325 ], "texture": "#iron_block" },
        "west":  { "uv": [ 7.675, 5.675, 8.325, 6.325 ], "texture": "#iron_block" },
        "east":  { "uv": [ 7.675, 5.675, 8.325, 6.325 ], "texture": "#iron_block" }
    }
},
{
    "__comment": "Bullet Tip",
    "from": [ 10.4, 9.725, 7.725 ],
    "to": [ 10.9, 10.275, 8.275 ],
    "faces": {
        "down":  { "uv": [ 5.5, 8.275, 5, 7.725 ], "texture": "#iron_block" },
        "up":    { "uv": [ 10.5, 7.725, 11, 8.275 ], "texture": "#iron_block" },
        "north": { "uv": [ 5, 5.725, 5.5, 6.275 ], "texture": "#iron_block" },
        "south": { "uv": [ 10.5, 5.725, 11, 6.275 ], "texture": "#iron_block" },
        "west":  { "uv": [ 7.725, 5.725, 8.275, 6.275 ], "texture": "#iron_block" },
        "east":  { "uv": [ 7.725, 5.725, 8.275, 6.275 ], "texture": "#iron_block" }
    }
},
{
    "__comment": "Bullet Tip",
    "from": [ 10.9, 9.775, 7.775 ],
    "to": [ 11.15, 10.225, 8.225 ],
    "faces": {
        "down":  { "uv": [ 5, 8.225, 4.75, 7.775 ], "texture": "#iron_block" },
        "up":    { "uv": [ 11, 7.775, 11.25, 8.225 ], "texture": "#iron_block" },
        "north": { "uv": [ 4.75, 5.775, 5, 6.225 ], "texture": "#iron_block" },
        "south": { "uv": [ 11, 5.775, 11.25, 6.225 ], "texture": "#iron_block" },
        "west":  { "uv": [ 7.775, 5.775, 8.225, 6.225 ], "texture": "#iron_block" },
        "east":  { "uv": [ 7.775, 5.775, 8.225, 6.225 ], "texture": "#iron_block" }
    }
},
{
    "__comment": "Bullet Tip",
    "from": [ 11.15, 9.825, 7.825 ],
    "to": [ 11.4, 10.175, 8.175 ],
    "faces": {
        "down":  { "uv": [ 4.75, 8.175, 4.5, 7.825 ], "texture": "#iron_block" },
        "up":    { "uv": [ 11.25, 7.825, 11.5, 8.175 ], "texture": "#iron_block" },
        "north": { "uv": [ 4.5, 5.825, 4.75, 6.175 ], "texture": "#iron_block" },
        "south": { "uv": [ 11.25, 5.825, 11.5, 6.175 ], "texture": "#iron_block" },
        "west":  { "uv": [ 7.825, 5.825, 8.175, 6.175 ], "texture": "#iron_block" },
        "east":  { "uv": [ 7.825, 5.825, 8.175, 6.175 ], "texture": "#iron_block" }
    }
},
{
    "__comment": "Bullet Tip",
    "from": [ 11.4, 9.875, 7.875 ],
    "to": [ 11.525, 10.125, 8.125 ],
    "faces": {
        "down":  { "uv": [ 4.5, 8.125, 4.375, 7.875 ], "texture": "#iron_block" },
        "up":    { "uv": [ 11.5, 7.875, 11.625, 8.125 ], "texture": "#iron_block" },
        "north": { "uv": [ 4.375, 5.875, 4.5, 6.125 ], "texture": "#iron_block" },
        "south": { "uv": [ 11.5, 5.875, 11.625, 6.125 ], "texture": "#iron_block" },
        "west":  { "uv": [ 7.875, 5.875, 8.125, 6.125 ], "texture": "#iron_block" },
        "east":  { "uv": [ 7.875, 5.875, 8.125, 6.125 ], "texture": "#iron_block" }
    }
},
{
    "__comment": "Bullet Tip",
    "from": [ 11.525, 9.925, 7.925 ],
    "to": [ 11.65, 10.075, 8.075 ],
    "faces": {
        "down":  { "uv": [ 4.375, 8.075, 4.25, 7.925 ], "texture": "#iron_block" },
        "up":    { "uv": [ 11.625, 7.925, 11.75, 8.075 ], "texture": "#iron_block" },
        "north": { "uv": [ 4.25, 5.925, 4.375, 6.075 ], "texture": "#iron_block" },
        "south": { "uv": [ 11.625, 5.925, 11.75, 6.075 ], "texture": "#iron_block" },
        "west":  { "uv": [ 7.925, 5.925, 8.075, 6.075 ], "texture": "#iron_block" },
        "east":  { "uv": [ 7.925, 5.925, 8.075, 6.075 ], "texture": "#iron_block" }
    }
}
],
"display": {
    "thirdperson_righthand": {
        "rotation": [ 0, 90, 0 ],
        "translation": [ 0, 0, 0.76 ],
        "scale": [ 0.4, 0.4, 0.4 ]
    },
    "thirdperson_lefthand": {
        "rotation": [ 0, -90, 0 ],
        "translation": [ 0, 0, 0.76 ],
        "scale": [ 0.4, 0.4, 0.4 ]
    },
    "ground": {
        "rotation": [ 90, 0, 0 ],
        "translation": [ 0, 0, 1.5 ],
        "scale": [ 0.6, 0.6, 0.6 ]
    },
    "fixed": {
        "rotation": [ 0, 0, 0 ],
        "translation": [ 0, 0, 0 ],
        "scale": [ 2, 2, 2 ]
    },
    "firstperson_righthand": {
        "rotation": [ -17, 69, 28 ],
        "translation": [ 3.4, 0.56, -0.56 ],
        "scale": [ 1, 1, 1 ]
    },
    "firstperson_lefthand": {
        "rotation": [ -17, -111, -28 ],
        "translation": [ 3.4, 0.56, -0.56 ],
        "scale": [ 1, 1, 1 ]
    },
    "gui": {
        "rotation": [ 30, -135, 0 ],
        "translation": [ 0, -0.19, 0 ],
        "scale": [ 1.7, 1.7, 1.7 ]
    }
}
}