{
	"__comment": "Разработано специально для Hard-Days.SU  ::  If you steal our models - you PIDOR!",
"textures": {
    "particle": "blocks/iron_bars",
    "texture": "blocks/gold_block"
},
"elements": [ 
{
    "__comment": "Bullet",
    "from": [ 6.5, 7, 0 ],
    "to": [ 9.5, 9, 10 ],
    "faces": {
        "down":  { "uv": [ 6.5, 6, 9.5, 16 ], "texture": "#texture" },
        "up":    { "uv": [ 6.5, 6, 9.5, 16 ], "rotation": 180, "texture": "#texture" },
        "north": { "uv": [ 9.5, 9, 6.5, 7 ], "rotation": 180, "texture": "#texture" },
        "south": { "uv": [ 6.5, 7, 9.5, 9 ], "texture": "#texture" },
        "west":  { "uv": [ 7, 6, 9, 16 ], "rotation": 90, "texture": "#texture" },
        "east":  { "uv": [ 7, 6, 9, 16 ], "texture": "#texture" }
    }
},
{
    "__comment": "Bullet",
    "from": [ 6.5, 7.5, 10 ],
    "to": [ 9.5, 8.5, 10.5 ],
    "faces": {
        "down":  { "uv": [ 6.5, 5.5, 9.5, 6 ], "texture": "#texture" },
        "up":    { "uv": [ 6.5, 5.5, 9.5, 6 ], "rotation": 180, "texture": "#texture" },
        "north": { "uv": [ 9.5, 8.5, 6.5, 7.5 ], "rotation": 180, "texture": "#texture" },
        "south": { "uv": [ 6.5, 7.5, 9.5, 8.5 ], "texture": "#texture" },
        "west":  { "uv": [ 7.5, 5.5, 8.5, 6 ], "rotation": 90, "texture": "#texture" },
        "east":  { "uv": [ 7.5, 5.5, 8.5, 6 ], "texture": "#texture" }
    }
},
{
    "__comment": "Bullet",
    "from": [ 7, 9, 0 ],
    "to": [ 9, 9.5, 10 ],
    "faces": {
        "down":  { "uv": [ 7, 6, 9, 16 ], "texture": "#texture" },
        "up":    { "uv": [ 7, 6, 9, 16 ], "rotation": 180, "texture": "#texture" },
        "north": { "uv": [ 9, 7, 7, 6.5 ], "rotation": 180, "texture": "#texture" },
        "south": { "uv": [ 7, 6.5, 9, 7 ], "texture": "#texture" },
        "west":  { "uv": [ 6.5, 6, 7, 16 ], "rotation": 90, "texture": "#texture" },
        "east":  { "uv": [ 9, 6, 9.5, 16 ], "texture": "#texture" }
    }
},
{
    "__comment": "Bullet",
    "from": [ 7, 8.5, 10 ],
    "to": [ 9, 9, 13.5 ],
    "faces": {
        "down":  { "uv": [ 7, 2.5, 9, 6 ], "texture": "#texture" },
        "up":    { "uv": [ 7, 2.5, 9, 6 ], "rotation": 180, "texture": "#texture" },
        "north": { "uv": [ 9, 7.5, 7, 7 ], "rotation": 180, "texture": "#texture" },
        "south": { "uv": [ 7, 7, 9, 7.5 ], "texture": "#texture" },
        "west":  { "uv": [ 7, 2.5, 7.5, 6 ], "rotation": 90, "texture": "#texture" },
        "east":  { "uv": [ 8.5, 2.5, 9, 6 ], "texture": "#texture" }
    }
},
{
    "__comment": "Bullet",
    "from": [ 7, 7, 10.5 ],
    "to": [ 9, 8.5, 13.5 ],
    "faces": {
        "down":  { "uv": [ 7, 2.5, 9, 5.5 ], "texture": "#texture" },
        "up":    { "uv": [ 7, 2.5, 9, 5.5 ], "rotation": 180, "texture": "#texture" },
        "north": { "uv": [ 9, 9, 7, 7.5 ], "rotation": 180, "texture": "#texture" },
        "south": { "uv": [ 7, 7.5, 9, 9 ], "texture": "#texture" },
        "west":  { "uv": [ 7.5, 2.5, 9, 5.5 ], "rotation": 90, "texture": "#texture" },
        "east":  { "uv": [ 7, 2.5, 8.5, 5.5 ], "texture": "#texture" }
    }
},
{
    "__comment": "Bullet",
    "from": [ 7, 7.5, 13.5 ],
    "to": [ 9, 8.5, 14.5 ],
    "faces": {
        "down":  { "uv": [ 7, 1.5, 9, 2.5 ], "texture": "#texture" },
        "up":    { "uv": [ 7, 1.5, 9, 2.5 ], "rotation": 180, "texture": "#texture" },
        "north": { "uv": [ 9, 8.5, 7, 7.5 ], "rotation": 180, "texture": "#texture" },
        "south": { "uv": [ 7, 7.5, 9, 8.5 ], "texture": "#texture" },
        "west":  { "uv": [ 7.5, 1.5, 8.5, 2.5 ], "rotation": 90, "texture": "#texture" },
        "east":  { "uv": [ 7.5, 1.5, 8.5, 2.5 ], "texture": "#texture" }
    }
},
{
    "__comment": "Bullet",
    "from": [ 7, 7, 10 ],
    "to": [ 9, 7.5, 10.5 ],
    "faces": {
        "down":  { "uv": [ 7, 5.5, 9, 6 ], "texture": "#texture" },
        "up":    { "uv": [ 7, 5.5, 9, 6 ], "rotation": 180, "texture": "#texture" },
        "north": { "uv": [ 9, 9, 7, 8.5 ], "rotation": 180, "texture": "#texture" },
        "south": { "uv": [ 7, 8.5, 9, 9 ], "texture": "#texture" },
        "west":  { "uv": [ 8.5, 5.5, 9, 6 ], "rotation": 90, "texture": "#texture" },
        "east":  { "uv": [ 7, 5.5, 7.5, 6 ], "texture": "#texture" }
    }
},
{
    "__comment": "Bullet",
    "from": [ 7, 6.5, 0 ],
    "to": [ 9, 7, 10 ],
    "faces": {
        "down":  { "uv": [ 7, 6, 9, 16 ], "texture": "#texture" },
        "up":    { "uv": [ 7, 6, 9, 16 ], "rotation": 180, "texture": "#texture" },
        "north": { "uv": [ 9, 9.5, 7, 9 ], "rotation": 180, "texture": "#texture" },
        "south": { "uv": [ 7, 9, 9, 9.5 ], "texture": "#texture" },
        "west":  { "uv": [ 9, 6, 9.5, 16 ], "rotation": 90, "texture": "#texture" },
        "east":  { "uv": [ 6.5, 6, 7, 16 ], "texture": "#texture" }
    }
},
{
    "__comment": "Bullet",
    "from": [ 7.5, 9, 10 ],
    "to": [ 8.5, 9.5, 10.5 ],
    "faces": {
        "down":  { "uv": [ 7.5, 5.5, 8.5, 6 ], "texture": "#texture" },
        "up":    { "uv": [ 7.5, 5.5, 8.5, 6 ], "rotation": 180, "texture": "#texture" },
        "north": { "uv": [ 8.5, 7, 7.5, 6.5 ], "rotation": 180, "texture": "#texture" },
        "south": { "uv": [ 7.5, 6.5, 8.5, 7 ], "texture": "#texture" },
        "west":  { "uv": [ 6.5, 5.5, 7, 6 ], "rotation": 90, "texture": "#texture" },
        "east":  { "uv": [ 9, 5.5, 9.5, 6 ], "texture": "#texture" }
    }
},
{
    "__comment": "Bullet",
    "from": [ 7.5, 8.5, 13.5 ],
    "to": [ 8.5, 9, 14.5 ],
    "faces": {
        "down":  { "uv": [ 7.5, 1.5, 8.5, 2.5 ], "texture": "#texture" },
        "up":    { "uv": [ 7.5, 1.5, 8.5, 2.5 ], "rotation": 180, "texture": "#texture" },
        "north": { "uv": [ 8.5, 7.5, 7.5, 7 ], "rotation": 180, "texture": "#texture" },
        "south": { "uv": [ 7.5, 7, 8.5, 7.5 ], "texture": "#texture" },
        "west":  { "uv": [ 7, 1.5, 7.5, 2.5 ], "rotation": 90, "texture": "#texture" },
        "east":  { "uv": [ 8.5, 1.5, 9, 2.5 ], "texture": "#texture" }
    }
},
{
    "__comment": "Bullet",
    "from": [ 7.5, 7.5, 14.5 ],
    "to": [ 8.5, 8.5, 16 ],
    "faces": {
        "down":  { "uv": [ 7.5, 0, 8.5, 1.5 ], "texture": "#texture" },
        "up":    { "uv": [ 7.5, 0, 8.5, 1.5 ], "rotation": 180, "texture": "#texture" },
        "north": { "uv": [ 8.5, 8.5, 7.5, 7.5 ], "rotation": 180, "texture": "#texture" },
        "south": { "uv": [ 7.5, 7.5, 8.5, 8.5 ], "texture": "#texture" },
        "west":  { "uv": [ 7.5, 0, 8.5, 1.5 ], "rotation": 90, "texture": "#texture" },
        "east":  { "uv": [ 7.5, 0, 8.5, 1.5 ], "texture": "#texture" }
    }
},
{
    "__comment": "Bullet",
    "from": [ 7.5, 7, 13.5 ],
    "to": [ 8.5, 7.5, 14.5 ],
    "faces": {
        "down":  { "uv": [ 7.5, 1.5, 8.5, 2.5 ], "texture": "#texture" },
        "up":    { "uv": [ 7.5, 1.5, 8.5, 2.5 ], "rotation": 180, "texture": "#texture" },
        "north": { "uv": [ 8.5, 9, 7.5, 8.5 ], "rotation": 180, "texture": "#texture" },
        "south": { "uv": [ 7.5, 8.5, 8.5, 9 ], "texture": "#texture" },
        "west":  { "uv": [ 8.5, 1.5, 9, 2.5 ], "rotation": 90, "texture": "#texture" },
        "east":  { "uv": [ 7, 1.5, 7.5, 2.5 ], "texture": "#texture" }
    }
},
{
    "__comment": "Bullet",
    "from": [ 7.5, 6.5, 10 ],
    "to": [ 8.5, 7, 10.5 ],
    "faces": {
        "down":  { "uv": [ 7.5, 5.5, 8.5, 6 ], "texture": "#texture" },
        "up":    { "uv": [ 7.5, 5.5, 8.5, 6 ], "rotation": 180, "texture": "#texture" },
        "north": { "uv": [ 8.5, 9.5, 7.5, 9 ], "rotation": 180, "texture": "#texture" },
        "south": { "uv": [ 7.5, 9, 8.5, 9.5 ], "texture": "#texture" },
        "west":  { "uv": [ 9, 5.5, 9.5, 6 ], "rotation": 90, "texture": "#texture" },
        "east":  { "uv": [ 6.5, 5.5, 7, 6 ], "texture": "#texture" }
    }
}
],
"display": {
    "thirdperson_righthand": {
        "rotation": [ 0, 180, 0 ],
        "translation": [ 0, -2.08, -3.97 ],
        "scale": [ 1, 1, 1 ]
    },
    "ground": {
        "rotation": [ 180, 0, 0 ],
        "translation": [ 0, -0.5, 0 ],
        "scale": [ 0.4, 0.4, 0.4 ]
    },
    "firstperson_righthand": {
        "rotation": [ 3, 160, 0 ],
        "translation": [ -1.51, 2.46, 4.54 ],
        "scale": [ 1, 1, 1 ]
    },
    "gui": {
        "rotation": [ 30, 135, 0 ],
        "translation": [ 0.38, 0.19, 0 ],
        "scale": [ 1.2, 1.2, 1.2 ]
    }
}
}