{
	"__comment": "Разработано специально для Hard-Days.SU  ::  If you steal our models - you PIDOR!",
    "parent": "item/handheld",
    "textures": {
        "layer0": "items/stone_hoe"
    },
	"overrides": [
		{"predicate": {"damage": 0.0},"model": "guns/deagle_gold_zoomed"},
		{"predicate": {"damage": 0.0076},"model": "guns/deagle_gold"},
		{"predicate": {"damage": 0.0228},"model": "guns/crossbow_noscope_gold_zoomed"},
		{"predicate": {"damage": 0.0304},"model": "guns/crossbow_noscope_gold"},
		{"predicate": {"damage": 0.0456},"model": "guns/crossbow_scope_gold_zoomed"},
		{"predicate": {"damage": 0.0532},"model": "guns/crossbow_scope_gold"},
		{"predicate": {"damage": 0.0684},"model": "guns/flamethrower_normal"},
		{"predicate": {"damage": 0.0836},"model": "guns/barett_scope_gold_zoomed"},
		{"predicate": {"damage": 0.0912},"model": "guns/barett_scope_gold"},
		{"predicate": {"damage": 0.1064},"model": "guns/minigun_normal"}
    ]
}