{
	"__comment": "Разработано специально для Hard-Days.SU  ::  If you steal our models - you PIDOR!",
"textures": {
    "texture": "blocks/wool_colored_darkish_black",
    "wool_colored_red": "blocks/redstone_block",
    "wool_colored_silver": "blocks/wool_colored_silver",
    "wool_colored_gray": "blocks/wool_colored_light_black"
},
"elements": [ 
{
    "from": [ 6.25, 3, 5 ],
    "to": [ 7.25, 3.5, 11 ],
    "faces": {
        "down":  { "uv": [ 9.75, 11, 8.75, 5 ], "texture": "#wool_colored_silver" },
        "up":    { "uv": [ 6.25, 5, 7.25, 11 ], "texture": "#wool_colored_silver" },
        "north": { "uv": [ 8.75, 12.5, 9.75, 13 ], "texture": "#wool_colored_silver" },
        "south": { "uv": [ 6.25, 12.5, 7.25, 13 ], "texture": "#wool_colored_silver" },
        "west":  { "uv": [ 5, 12.5, 11, 13 ], "texture": "#wool_colored_silver" },
        "east":  { "uv": [ 5, 12.5, 11, 13 ], "texture": "#wool_colored_silver" }
    }
},
{
    "from": [ 5.75, 3.5, 5 ],
    "to": [ 6.75, 4, 11 ],
    "faces": {
        "down":  { "uv": [ 10.25, 11, 9.25, 5 ], "texture": "#wool_colored_silver" },
        "up":    { "uv": [ 5.75, 5, 6.75, 11 ], "texture": "#wool_colored_silver" },
        "north": { "uv": [ 9.25, 12, 10.25, 12.5 ], "texture": "#wool_colored_silver" },
        "south": { "uv": [ 5.75, 12, 6.75, 12.5 ], "texture": "#wool_colored_silver" },
        "west":  { "uv": [ 5, 12, 11, 12.5 ], "texture": "#wool_colored_silver" },
        "east":  { "uv": [ 5, 12, 11, 12.5 ], "texture": "#wool_colored_silver" }
    }
},
{
    "from": [ 8.75, 3, 5 ],
    "to": [ 9.75, 3.5, 11 ],
    "faces": {
        "down":  { "uv": [ 7.25, 11, 6.25, 5 ], "texture": "#wool_colored_silver" },
        "up":    { "uv": [ 8.75, 5, 9.75, 11 ], "texture": "#wool_colored_silver" },
        "north": { "uv": [ 6.25, 12.5, 7.25, 13 ], "texture": "#wool_colored_silver" },
        "south": { "uv": [ 8.75, 12.5, 9.75, 13 ], "texture": "#wool_colored_silver" },
        "west":  { "uv": [ 5, 12.5, 11, 13 ], "texture": "#wool_colored_silver" },
        "east":  { "uv": [ 5, 12.5, 11, 13 ], "texture": "#wool_colored_silver" }
    }
},
{
    "from": [ 9.25, 3.5, 5 ],
    "to": [ 10.25, 4, 11 ],
    "faces": {
        "down":  { "uv": [ 6.75, 11, 5.75, 5 ], "texture": "#wool_colored_silver" },
        "up":    { "uv": [ 9.25, 5, 10.25, 11 ], "texture": "#wool_colored_silver" },
        "north": { "uv": [ 5.75, 12, 6.75, 12.5 ], "texture": "#wool_colored_silver" },
        "south": { "uv": [ 9.25, 12, 10.25, 12.5 ], "texture": "#wool_colored_silver" },
        "west":  { "uv": [ 5, 12, 11, 12.5 ], "texture": "#wool_colored_silver" },
        "east":  { "uv": [ 5, 12, 11, 12.5 ], "texture": "#wool_colored_silver" }
    }
},
{
    "from": [ 5.75, 4, 6 ],
    "to": [ 10.25, 4.5, 10 ],
    "faces": {
        "down":  { "uv": [ 10.25, 10, 5.75, 6 ], "texture": "#texture" },
        "up":    { "uv": [ 5.75, 6, 10.25, 10 ], "texture": "#texture" },
        "north": { "uv": [ 5.75, 11.5, 10.25, 12 ], "texture": "#texture" },
        "south": { "uv": [ 5.75, 11.5, 10.25, 12 ], "texture": "#texture" },
        "west":  { "uv": [ 6, 11.5, 10, 12 ], "texture": "#texture" },
        "east":  { "uv": [ 6, 11.5, 10, 12 ], "texture": "#texture" }
    }
},
{
    "from": [ 6.25, 4, 5 ],
    "to": [ 9.75, 4.5, 6 ],
    "faces": {
        "down":  { "uv": [ 9.75, 6, 6.25, 5 ], "texture": "#texture" },
        "up":    { "uv": [ 6.25, 5, 9.75, 6 ], "texture": "#texture" },
        "north": { "uv": [ 6.25, 11.5, 9.75, 12 ], "texture": "#texture" },
        "south": { "uv": [ 6.25, 11.5, 9.75, 12 ], "texture": "#texture" },
        "west":  { "uv": [ 5, 11.5, 6, 12 ], "texture": "#texture" },
        "east":  { "uv": [ 10, 11.5, 11, 12 ], "texture": "#texture" }
    }
},
{
    "from": [ 6.25, 4, 10 ],
    "to": [ 9.75, 4.5, 11 ],
    "faces": {
        "down":  { "uv": [ 9.75, 11, 6.25, 10 ], "texture": "#texture" },
        "up":    { "uv": [ 6.25, 10, 9.75, 11 ], "texture": "#texture" },
        "north": { "uv": [ 6.25, 11.5, 9.75, 12 ], "texture": "#texture" },
        "south": { "uv": [ 6.25, 11.5, 9.75, 12 ], "texture": "#texture" },
        "west":  { "uv": [ 10, 11.5, 11, 12 ], "texture": "#texture" },
        "east":  { "uv": [ 5, 11.5, 6, 12 ], "texture": "#texture" }
    }
},
{
    "from": [ 9.75, 4.5, 7 ],
    "to": [ 10.25, 5, 9 ],
    "faces": {
        "down":  { "uv": [ 6.25, 9, 5.75, 7 ], "texture": "#texture" },
        "up":    { "uv": [ 9.75, 7, 10.25, 9 ], "texture": "#texture" },
        "north": { "uv": [ 5.75, 11, 6.25, 11.5 ], "texture": "#texture" },
        "south": { "uv": [ 9.75, 11, 10.25, 11.5 ], "texture": "#texture" },
        "west":  { "uv": [ 7, 11, 9, 11.5 ], "texture": "#texture" },
        "east":  { "uv": [ 7, 11, 9, 11.5 ], "texture": "#texture" }
    }
},
{
    "from": [ 9.75, 4.5, 10 ],
    "to": [ 10.25, 5, 11 ],
    "faces": {
        "down":  { "uv": [ 6.25, 11, 5.75, 10 ], "texture": "#texture" },
        "up":    { "uv": [ 9.75, 10, 10.25, 11 ], "texture": "#texture" },
        "north": { "uv": [ 5.75, 11, 6.25, 11.5 ], "texture": "#texture" },
        "south": { "uv": [ 9.75, 11, 10.25, 11.5 ], "texture": "#texture" },
        "west":  { "uv": [ 10, 11, 11, 11.5 ], "texture": "#texture" },
        "east":  { "uv": [ 5, 11, 6, 11.5 ], "texture": "#texture" }
    }
},
{
    "from": [ 9.75, 5, 7.5 ],
    "to": [ 10.25, 5.5, 8.5 ],
    "faces": {
        "down":  { "uv": [ 6.25, 8.5, 5.75, 7.5 ], "texture": "#texture" },
        "up":    { "uv": [ 9.75, 7.5, 10.25, 8.5 ], "texture": "#texture" },
        "north": { "uv": [ 5.75, 10.5, 6.25, 11 ], "texture": "#texture" },
        "south": { "uv": [ 9.75, 10.5, 10.25, 11 ], "texture": "#texture" },
        "west":  { "uv": [ 7.5, 10.5, 8.5, 11 ], "texture": "#texture" },
        "east":  { "uv": [ 7.5, 10.5, 8.5, 11 ], "texture": "#texture" }
    }
},
{
    "from": [ 9.75, 5, 10.5 ],
    "to": [ 10.25, 6, 11 ],
    "faces": {
        "down":  { "uv": [ 6.25, 11, 5.75, 10.5 ], "texture": "#texture" },
        "up":    { "uv": [ 9.75, 10.5, 10.25, 11 ], "texture": "#texture" },
        "north": { "uv": [ 5.75, 10, 6.25, 11 ], "texture": "#texture" },
        "south": { "uv": [ 9.75, 10, 10.25, 11 ], "texture": "#texture" },
        "west":  { "uv": [ 10.5, 10, 11, 11 ], "texture": "#texture" },
        "east":  { "uv": [ 5, 10, 5.5, 11 ], "texture": "#texture" }
    }
},
{
    "from": [ 9.75, 5.5, 8 ],
    "to": [ 10.25, 6, 8.5 ],
    "faces": {
        "down":  { "uv": [ 6.25, 8.5, 5.75, 8 ], "texture": "#texture" },
        "up":    { "uv": [ 9.75, 8, 10.25, 8.5 ], "texture": "#texture" },
        "north": { "uv": [ 5.75, 10, 6.25, 10.5 ], "texture": "#texture" },
        "south": { "uv": [ 9.75, 10, 10.25, 10.5 ], "texture": "#texture" },
        "west":  { "uv": [ 8, 10, 8.5, 10.5 ], "texture": "#texture" },
        "east":  { "uv": [ 7.5, 10, 8, 10.5 ], "texture": "#texture" }
    }
},
{
    "from": [ 9.75, 6, 8.5 ],
    "to": [ 10.25, 6.5, 9 ],
    "faces": {
        "down":  { "uv": [ 6.25, 9, 5.75, 8.5 ], "texture": "#texture" },
        "up":    { "uv": [ 9.75, 8.5, 10.25, 9 ], "texture": "#texture" },
        "north": { "uv": [ 5.75, 9.5, 6.25, 10 ], "texture": "#texture" },
        "south": { "uv": [ 9.75, 9.5, 10.25, 10 ], "texture": "#texture" },
        "west":  { "uv": [ 8.5, 9.5, 9, 10 ], "texture": "#texture" },
        "east":  { "uv": [ 7, 9.5, 7.5, 10 ], "texture": "#texture" }
    }
},
{
    "from": [ 9.75, 6, 10 ],
    "to": [ 10.25, 6.5, 11 ],
    "faces": {
        "down":  { "uv": [ 6.25, 11, 5.75, 10 ], "texture": "#texture" },
        "up":    { "uv": [ 9.75, 10, 10.25, 11 ], "texture": "#texture" },
        "north": { "uv": [ 5.75, 9.5, 6.25, 10 ], "texture": "#texture" },
        "south": { "uv": [ 9.75, 9.5, 10.25, 10 ], "texture": "#texture" },
        "west":  { "uv": [ 10, 9.5, 11, 10 ], "texture": "#texture" },
        "east":  { "uv": [ 5, 9.5, 6, 10 ], "texture": "#texture" }
    }
},
{
    "from": [ 9.25, 6.5, 9 ],
    "to": [ 10.25, 7, 10.5 ],
    "faces": {
        "down":  { "uv": [ 6.75, 10.5, 5.75, 9 ], "texture": "#texture" },
        "up":    { "uv": [ 9.25, 9, 10.25, 10.5 ], "texture": "#texture" },
        "north": { "uv": [ 5.75, 9, 6.75, 9.5 ], "texture": "#texture" },
        "south": { "uv": [ 9.25, 9, 10.25, 9.5 ], "texture": "#texture" },
        "west":  { "uv": [ 9, 9, 10.5, 9.5 ], "texture": "#texture" },
        "east":  { "uv": [ 5.5, 9, 7, 9.5 ], "texture": "#texture" }
    }
},
{
    "from": [ 5.75, 4.5, 7 ],
    "to": [ 6.25, 5, 9 ],
    "faces": {
        "down":  { "uv": [ 10.25, 9, 9.75, 7 ], "texture": "#texture" },
        "up":    { "uv": [ 5.75, 7, 6.25, 9 ], "texture": "#texture" },
        "north": { "uv": [ 9.75, 11, 10.25, 11.5 ], "texture": "#texture" },
        "south": { "uv": [ 5.75, 11, 6.25, 11.5 ], "texture": "#texture" },
        "west":  { "uv": [ 7, 11, 9, 11.5 ], "texture": "#texture" },
        "east":  { "uv": [ 7, 11, 9, 11.5 ], "texture": "#texture" }
    }
},
{
    "from": [ 5.75, 4.5, 10 ],
    "to": [ 6.25, 5, 11 ],
    "faces": {
        "down":  { "uv": [ 10.25, 11, 9.75, 10 ], "texture": "#texture" },
        "up":    { "uv": [ 5.75, 10, 6.25, 11 ], "texture": "#texture" },
        "north": { "uv": [ 9.75, 11, 10.25, 11.5 ], "texture": "#texture" },
        "south": { "uv": [ 5.75, 11, 6.25, 11.5 ], "texture": "#texture" },
        "west":  { "uv": [ 10, 11, 11, 11.5 ], "texture": "#texture" },
        "east":  { "uv": [ 5, 11, 6, 11.5 ], "texture": "#texture" }
    }
},
{
    "from": [ 5.75, 5, 10.5 ],
    "to": [ 6.25, 6, 11 ],
    "faces": {
        "down":  { "uv": [ 10.25, 11, 9.75, 10.5 ], "texture": "#texture" },
        "up":    { "uv": [ 5.75, 10.5, 6.25, 11 ], "texture": "#texture" },
        "north": { "uv": [ 9.75, 10, 10.25, 11 ], "texture": "#texture" },
        "south": { "uv": [ 5.75, 10, 6.25, 11 ], "texture": "#texture" },
        "west":  { "uv": [ 10.5, 10, 11, 11 ], "texture": "#texture" },
        "east":  { "uv": [ 5, 10, 5.5, 11 ], "texture": "#texture" }
    }
},
{
    "from": [ 5.75, 5, 7.5 ],
    "to": [ 6.25, 5.5, 8.5 ],
    "faces": {
        "down":  { "uv": [ 10.25, 8.5, 9.75, 7.5 ], "texture": "#texture" },
        "up":    { "uv": [ 5.75, 7.5, 6.25, 8.5 ], "texture": "#texture" },
        "north": { "uv": [ 9.75, 10.5, 10.25, 11 ], "texture": "#texture" },
        "south": { "uv": [ 5.75, 10.5, 6.25, 11 ], "texture": "#texture" },
        "west":  { "uv": [ 7.5, 10.5, 8.5, 11 ], "texture": "#texture" },
        "east":  { "uv": [ 7.5, 10.5, 8.5, 11 ], "texture": "#texture" }
    }
},
{
    "from": [ 5.75, 5.5, 8 ],
    "to": [ 6.25, 6, 8.5 ],
    "faces": {
        "down":  { "uv": [ 10.25, 8.5, 9.75, 8 ], "texture": "#texture" },
        "up":    { "uv": [ 5.75, 8, 6.25, 8.5 ], "texture": "#texture" },
        "north": { "uv": [ 9.75, 10, 10.25, 10.5 ], "texture": "#texture" },
        "south": { "uv": [ 5.75, 10, 6.25, 10.5 ], "texture": "#texture" },
        "west":  { "uv": [ 8, 10, 8.5, 10.5 ], "texture": "#texture" },
        "east":  { "uv": [ 7.5, 10, 8, 10.5 ], "texture": "#texture" }
    }
},
{
    "from": [ 5.75, 6, 8.5 ],
    "to": [ 6.25, 6.5, 9 ],
    "faces": {
        "down":  { "uv": [ 10.25, 9, 9.75, 8.5 ], "texture": "#texture" },
        "up":    { "uv": [ 5.75, 8.5, 6.25, 9 ], "texture": "#texture" },
        "north": { "uv": [ 9.75, 9.5, 10.25, 10 ], "texture": "#texture" },
        "south": { "uv": [ 5.75, 9.5, 6.25, 10 ], "texture": "#texture" },
        "west":  { "uv": [ 8.5, 9.5, 9, 10 ], "texture": "#texture" },
        "east":  { "uv": [ 7, 9.5, 7.5, 10 ], "texture": "#texture" }
    }
},
{
    "from": [ 5.75, 6.5, 9 ],
    "to": [ 6.75, 7, 10.5 ],
    "faces": {
        "down":  { "uv": [ 10.25, 10.5, 9.25, 9 ], "texture": "#texture" },
        "up":    { "uv": [ 5.75, 9, 6.75, 10.5 ], "texture": "#texture" },
        "north": { "uv": [ 9.25, 9, 10.25, 9.5 ], "texture": "#texture" },
        "south": { "uv": [ 5.75, 9, 6.75, 9.5 ], "texture": "#texture" },
        "west":  { "uv": [ 9, 9, 10.5, 9.5 ], "texture": "#texture" },
        "east":  { "uv": [ 5.5, 9, 7, 9.5 ], "texture": "#texture" }
    }
},
{
    "from": [ 5.75, 6, 10 ],
    "to": [ 6.25, 6.5, 11 ],
    "faces": {
        "down":  { "uv": [ 10.25, 11, 9.75, 10 ], "texture": "#texture" },
        "up":    { "uv": [ 5.75, 10, 6.25, 11 ], "texture": "#texture" },
        "north": { "uv": [ 9.75, 9.5, 10.25, 10 ], "texture": "#texture" },
        "south": { "uv": [ 5.75, 9.5, 6.25, 10 ], "texture": "#texture" },
        "west":  { "uv": [ 10, 9.5, 11, 10 ], "texture": "#texture" },
        "east":  { "uv": [ 5, 9.5, 6, 10 ], "texture": "#texture" }
    }
},
{
    "from": [ 6.25, 4.5, 10.5 ],
    "to": [ 6.75, 5, 11 ],
    "faces": {
        "down":  { "uv": [ 9.75, 11, 9.25, 10.5 ], "texture": "#texture" },
        "up":    { "uv": [ 6.25, 10.5, 6.75, 11 ], "texture": "#texture" },
        "north": { "uv": [ 9.25, 11, 9.75, 11.5 ], "texture": "#texture" },
        "south": { "uv": [ 6.25, 11, 6.75, 11.5 ], "texture": "#texture" },
        "west":  { "uv": [ 10.5, 11, 11, 11.5 ], "texture": "#texture" },
        "east":  { "uv": [ 5, 11, 5.5, 11.5 ], "texture": "#texture" }
    }
},
{
    "from": [ 9.25, 4.5, 10.5 ],
    "to": [ 9.75, 5, 11 ],
    "faces": {
        "down":  { "uv": [ 6.75, 11, 6.25, 10.5 ], "texture": "#texture" },
        "up":    { "uv": [ 9.25, 10.5, 9.75, 11 ], "texture": "#texture" },
        "north": { "uv": [ 6.25, 11, 6.75, 11.5 ], "texture": "#texture" },
        "south": { "uv": [ 9.25, 11, 9.75, 11.5 ], "texture": "#texture" },
        "west":  { "uv": [ 10.5, 11, 11, 11.5 ], "texture": "#texture" },
        "east":  { "uv": [ 5, 11, 5.5, 11.5 ], "texture": "#texture" }
    }
},
{
    "from": [ 6.75, 7, 9 ],
    "to": [ 9.25, 7.5, 10.5 ],
    "faces": {
        "down":  { "uv": [ 9.25, 10.5, 6.75, 9 ], "texture": "#texture" },
        "up":    { "uv": [ 6.75, 9, 9.25, 10.5 ], "texture": "#texture" },
        "north": { "uv": [ 6.75, 8.5, 9.25, 9 ], "texture": "#texture" },
        "south": { "uv": [ 6.75, 8.5, 9.25, 9 ], "texture": "#texture" },
        "west":  { "uv": [ 9, 8.5, 10.5, 9 ], "texture": "#texture" },
        "east":  { "uv": [ 5.5, 8.5, 7, 9 ], "texture": "#texture" }
    }
},
{
    "from": [ 6.75, 6.75, 9 ],
    "to": [ 7.25, 7, 10.5 ],
    "faces": {
        "down":  { "uv": [ 9.25, 10.5, 8.75, 9 ], "texture": "#texture" },
        "up":    { "uv": [ 6.75, 9, 7.25, 10.5 ], "texture": "#texture" },
        "north": { "uv": [ 8.75, 9, 9.25, 9.25 ], "texture": "#texture" },
        "south": { "uv": [ 6.75, 9, 7.25, 9.25 ], "texture": "#texture" },
        "west":  { "uv": [ 9, 9, 10.5, 9.25 ], "texture": "#texture" },
        "east":  { "uv": [ 5.5, 9, 7, 9.25 ], "texture": "#texture" }
    }
},
{
    "from": [ 8.75, 6.75, 9 ],
    "to": [ 9.25, 7, 10.5 ],
    "faces": {
        "down":  { "uv": [ 7.25, 10.5, 6.75, 9 ], "texture": "#texture" },
        "up":    { "uv": [ 8.75, 9, 9.25, 10.5 ], "texture": "#texture" },
        "north": { "uv": [ 6.75, 9, 7.25, 9.25 ], "texture": "#texture" },
        "south": { "uv": [ 8.75, 9, 9.25, 9.25 ], "texture": "#texture" },
        "west":  { "uv": [ 9, 9, 10.5, 9.25 ], "texture": "#texture" },
        "east":  { "uv": [ 5.5, 9, 7, 9.25 ], "texture": "#texture" }
    }
},
{
    "from": [ 6.25, 7, 9 ],
    "to": [ 6.75, 7.25, 10.5 ],
    "faces": {
        "down":  { "uv": [ 9.75, 10.5, 9.25, 9 ], "texture": "#texture" },
        "up":    { "uv": [ 6.25, 9, 6.75, 10.5 ], "texture": "#texture" },
        "north": { "uv": [ 9.25, 8.75, 9.75, 9 ], "texture": "#texture" },
        "south": { "uv": [ 6.25, 8.75, 6.75, 9 ], "texture": "#texture" },
        "west":  { "uv": [ 9, 8.75, 10.5, 9 ], "texture": "#texture" },
        "east":  { "uv": [ 5.5, 8.75, 7, 9 ], "texture": "#texture" }
    }
},
{
    "from": [ 9.25, 7, 9 ],
    "to": [ 9.75, 7.25, 10.5 ],
    "faces": {
        "down":  { "uv": [ 6.75, 10.5, 6.25, 9 ], "texture": "#texture" },
        "up":    { "uv": [ 9.25, 9, 9.75, 10.5 ], "texture": "#texture" },
        "north": { "uv": [ 6.25, 8.75, 6.75, 9 ], "texture": "#texture" },
        "south": { "uv": [ 9.25, 8.75, 9.75, 9 ], "texture": "#texture" },
        "west":  { "uv": [ 9, 8.75, 10.5, 9 ], "texture": "#texture" },
        "east":  { "uv": [ 5.5, 8.75, 7, 9 ], "texture": "#texture" }
    }
},
{
    "from": [ 6, 4.5, 9 ],
    "to": [ 6.25, 6.5, 10 ],
    "faces": {
        "down":  { "uv": [ 10, 10, 9.75, 9 ], "texture": "#wool_colored_gray" },
        "up":    { "uv": [ 6, 9, 6.25, 10 ], "texture": "#wool_colored_gray" },
        "north": { "uv": [ 9.75, 9.5, 10, 11.5 ], "texture": "#wool_colored_gray" },
        "south": { "uv": [ 6, 9.5, 6.25, 11.5 ], "texture": "#wool_colored_gray" },
        "west":  { "uv": [ 9, 9.5, 10, 11.5 ], "texture": "#wool_colored_gray" },
        "east":  { "uv": [ 6, 9.5, 7, 11.5 ], "texture": "#texture" }
    }
},
{
    "from": [ 6, 5, 8.5 ],
    "to": [ 6.25, 6, 9 ],
    "faces": {
        "down":  { "uv": [ 10, 9, 9.75, 8.5 ], "texture": "#wool_colored_gray" },
        "up":    { "uv": [ 6, 8.5, 6.25, 9 ], "texture": "#wool_colored_gray" },
        "north": { "uv": [ 9.75, 10, 10, 11 ], "texture": "#wool_colored_gray" },
        "south": { "uv": [ 6, 10, 6.25, 11 ], "texture": "#wool_colored_gray" },
        "west":  { "uv": [ 8.5, 10, 9, 11 ], "texture": "#wool_colored_gray" },
        "east":  { "uv": [ 7, 10, 7.5, 11 ], "texture": "#texture" }
    }
},
{
    "from": [ 6, 5, 10 ],
    "to": [ 6.25, 6, 10.5 ],
    "faces": {
        "down":  { "uv": [ 10, 10.5, 9.75, 10 ], "texture": "#wool_colored_gray" },
        "up":    { "uv": [ 6, 10, 6.25, 10.5 ], "texture": "#wool_colored_gray" },
        "north": { "uv": [ 9.75, 10, 10, 11 ], "texture": "#wool_colored_gray" },
        "south": { "uv": [ 6, 10, 6.25, 11 ], "texture": "#wool_colored_gray" },
        "west":  { "uv": [ 10, 10, 10.5, 11 ], "texture": "#wool_colored_gray" },
        "east":  { "uv": [ 5.5, 10, 6, 11 ], "texture": "#texture" }
    }
},
{
    "from": [ 9.75, 4.5, 9 ],
    "to": [ 10, 6.5, 10 ],
    "faces": {
        "down":  { "uv": [ 6.25, 10, 6, 9 ], "texture": "#wool_colored_gray" },
        "up":    { "uv": [ 9.75, 9, 10, 10 ], "texture": "#wool_colored_gray" },
        "north": { "uv": [ 6, 9.5, 6.25, 11.5 ], "texture": "#wool_colored_gray" },
        "south": { "uv": [ 9.75, 9.5, 10, 11.5 ], "texture": "#wool_colored_gray" },
        "west":  { "uv": [ 9, 9.5, 10, 11.5 ], "texture": "#texture" },
        "east":  { "uv": [ 6, 9.5, 7, 11.5 ], "texture": "#wool_colored_gray" }
    }
},
{
    "from": [ 9.75, 5, 8.5 ],
    "to": [ 10, 6, 9 ],
    "faces": {
        "down":  { "uv": [ 6.25, 9, 6, 8.5 ], "texture": "#wool_colored_gray" },
        "up":    { "uv": [ 9.75, 8.5, 10, 9 ], "texture": "#wool_colored_gray" },
        "north": { "uv": [ 6, 10, 6.25, 11 ], "texture": "#wool_colored_gray" },
        "south": { "uv": [ 9.75, 10, 10, 11 ], "texture": "#wool_colored_gray" },
        "west":  { "uv": [ 8.5, 10, 9, 11 ], "texture": "#texture" },
        "east":  { "uv": [ 7, 10, 7.5, 11 ], "texture": "#wool_colored_gray" }
    }
},
{
    "from": [ 9.75, 5, 10 ],
    "to": [ 10, 6, 10.5 ],
    "faces": {
        "down":  { "uv": [ 6.25, 10.5, 6, 10 ], "texture": "#wool_colored_gray" },
        "up":    { "uv": [ 9.75, 10, 10, 10.5 ], "texture": "#wool_colored_gray" },
        "north": { "uv": [ 6, 10, 6.25, 11 ], "texture": "#wool_colored_gray" },
        "south": { "uv": [ 9.75, 10, 10, 11 ], "texture": "#wool_colored_gray" },
        "west":  { "uv": [ 10, 10, 10.5, 11 ], "texture": "#texture" },
        "east":  { "uv": [ 5.5, 10, 6, 11 ], "texture": "#wool_colored_gray" }
    }
},
{
    "from": [ 5.75, 4.5, 6.75 ],
    "to": [ 6.25, 4.75, 7 ],
    "faces": {
        "down":  { "uv": [ 10.25, 7, 9.75, 6.75 ], "texture": "#texture" },
        "up":    { "uv": [ 5.75, 6.75, 6.25, 7 ], "texture": "#texture" },
        "north": { "uv": [ 9.75, 11.25, 10.25, 11.5 ], "texture": "#texture" },
        "south": { "uv": [ 5.75, 11.25, 6.25, 11.5 ], "texture": "#texture" },
        "west":  { "uv": [ 6.75, 11.25, 7, 11.5 ], "texture": "#texture" },
        "east":  { "uv": [ 9, 11.25, 9.25, 11.5 ], "texture": "#texture" }
    }
},
{
    "from": [ 5.75, 5, 7.25 ],
    "to": [ 6.25, 5.25, 7.5 ],
    "faces": {
        "down":  { "uv": [ 10.25, 7.5, 9.75, 7.25 ], "texture": "#texture" },
        "up":    { "uv": [ 5.75, 7.25, 6.25, 7.5 ], "texture": "#texture" },
        "north": { "uv": [ 9.75, 10.75, 10.25, 11 ], "texture": "#texture" },
        "south": { "uv": [ 5.75, 10.75, 6.25, 11 ], "texture": "#texture" },
        "west":  { "uv": [ 7.25, 10.75, 7.5, 11 ], "texture": "#texture" },
        "east":  { "uv": [ 8.5, 10.75, 8.75, 11 ], "texture": "#texture" }
    }
},
{
    "from": [ 5.75, 5.5, 7.75 ],
    "to": [ 6.25, 5.75, 8 ],
    "faces": {
        "down":  { "uv": [ 10.25, 8, 9.75, 7.75 ], "texture": "#texture" },
        "up":    { "uv": [ 5.75, 7.75, 6.25, 8 ], "texture": "#texture" },
        "north": { "uv": [ 9.75, 10.25, 10.25, 10.5 ], "texture": "#texture" },
        "south": { "uv": [ 5.75, 10.25, 6.25, 10.5 ], "texture": "#texture" },
        "west":  { "uv": [ 7.75, 10.25, 8, 10.5 ], "texture": "#texture" },
        "east":  { "uv": [ 8, 10.25, 8.25, 10.5 ], "texture": "#texture" }
    }
},
{
    "from": [ 5.75, 6, 8.25 ],
    "to": [ 6.25, 6.25, 8.5 ],
    "faces": {
        "down":  { "uv": [ 10.25, 8.5, 9.75, 8.25 ], "texture": "#texture" },
        "up":    { "uv": [ 5.75, 8.25, 6.25, 8.5 ], "texture": "#texture" },
        "north": { "uv": [ 9.75, 9.75, 10.25, 10 ], "texture": "#texture" },
        "south": { "uv": [ 5.75, 9.75, 6.25, 10 ], "texture": "#texture" },
        "west":  { "uv": [ 8.25, 9.75, 8.5, 10 ], "texture": "#texture" },
        "east":  { "uv": [ 7.5, 9.75, 7.75, 10 ], "texture": "#texture" }
    }
},
{
    "from": [ 5.75, 6.5, 8.75 ],
    "to": [ 6.25, 6.75, 9 ],
    "faces": {
        "down":  { "uv": [ 10.25, 9, 9.75, 8.75 ], "texture": "#texture" },
        "up":    { "uv": [ 5.75, 8.75, 6.25, 9 ], "texture": "#texture" },
        "north": { "uv": [ 9.75, 9.25, 10.25, 9.5 ], "texture": "#texture" },
        "south": { "uv": [ 5.75, 9.25, 6.25, 9.5 ], "texture": "#texture" },
        "west":  { "uv": [ 8.75, 9.25, 9, 9.5 ], "texture": "#texture" },
        "east":  { "uv": [ 7, 9.25, 7.25, 9.5 ], "texture": "#texture" }
    }
},
{
    "from": [ 9.75, 4.5, 6.75 ],
    "to": [ 10.25, 4.75, 7 ],
    "faces": {
        "down":  { "uv": [ 6.25, 7, 5.75, 6.75 ], "texture": "#texture" },
        "up":    { "uv": [ 9.75, 6.75, 10.25, 7 ], "texture": "#texture" },
        "north": { "uv": [ 5.75, 11.25, 6.25, 11.5 ], "texture": "#texture" },
        "south": { "uv": [ 9.75, 11.25, 10.25, 11.5 ], "texture": "#texture" },
        "west":  { "uv": [ 6.75, 11.25, 7, 11.5 ], "texture": "#texture" },
        "east":  { "uv": [ 9, 11.25, 9.25, 11.5 ], "texture": "#texture" }
    }
},
{
    "from": [ 9.75, 5, 7.25 ],
    "to": [ 10.25, 5.25, 7.5 ],
    "faces": {
        "down":  { "uv": [ 6.25, 7.5, 5.75, 7.25 ], "texture": "#texture" },
        "up":    { "uv": [ 9.75, 7.25, 10.25, 7.5 ], "texture": "#texture" },
        "north": { "uv": [ 5.75, 10.75, 6.25, 11 ], "texture": "#texture" },
        "south": { "uv": [ 9.75, 10.75, 10.25, 11 ], "texture": "#texture" },
        "west":  { "uv": [ 7.25, 10.75, 7.5, 11 ], "texture": "#texture" },
        "east":  { "uv": [ 8.5, 10.75, 8.75, 11 ], "texture": "#texture" }
    }
},
{
    "from": [ 9.75, 5.5, 7.75 ],
    "to": [ 10.25, 5.75, 8 ],
    "faces": {
        "down":  { "uv": [ 6.25, 8, 5.75, 7.75 ], "texture": "#texture" },
        "up":    { "uv": [ 9.75, 7.75, 10.25, 8 ], "texture": "#texture" },
        "north": { "uv": [ 5.75, 10.25, 6.25, 10.5 ], "texture": "#texture" },
        "south": { "uv": [ 9.75, 10.25, 10.25, 10.5 ], "texture": "#texture" },
        "west":  { "uv": [ 7.75, 10.25, 8, 10.5 ], "texture": "#texture" },
        "east":  { "uv": [ 8, 10.25, 8.25, 10.5 ], "texture": "#texture" }
    }
},
{
    "from": [ 9.75, 6, 8.25 ],
    "to": [ 10.25, 6.25, 8.5 ],
    "faces": {
        "down":  { "uv": [ 6.25, 8.5, 5.75, 8.25 ], "texture": "#texture" },
        "up":    { "uv": [ 9.75, 8.25, 10.25, 8.5 ], "texture": "#texture" },
        "north": { "uv": [ 5.75, 9.75, 6.25, 10 ], "texture": "#texture" },
        "south": { "uv": [ 9.75, 9.75, 10.25, 10 ], "texture": "#texture" },
        "west":  { "uv": [ 8.25, 9.75, 8.5, 10 ], "texture": "#texture" },
        "east":  { "uv": [ 7.5, 9.75, 7.75, 10 ], "texture": "#texture" }
    }
},
{
    "from": [ 9.75, 6.5, 8.75 ],
    "to": [ 10.25, 6.75, 9 ],
    "faces": {
        "down":  { "uv": [ 6.25, 9, 5.75, 8.75 ], "texture": "#texture" },
        "up":    { "uv": [ 9.75, 8.75, 10.25, 9 ], "texture": "#texture" },
        "north": { "uv": [ 5.75, 9.25, 6.25, 9.5 ], "texture": "#texture" },
        "south": { "uv": [ 9.75, 9.25, 10.25, 9.5 ], "texture": "#texture" },
        "west":  { "uv": [ 8.75, 9.25, 9, 9.5 ], "texture": "#texture" },
        "east":  { "uv": [ 7, 9.25, 7.25, 9.5 ], "texture": "#texture" }
    }
},
{
    "from": [ 7.875, 5.5, 10 ],
    "to": [ 8.125, 6, 10.125 ],
    "faces": {
        "down":  { "uv": [ 0.25, 16, 0, 15.5 ], "texture": "#wool_colored_red" },
        "up":    { "uv": [ 0, 15.5, 0.25, 16 ], "texture": "#wool_colored_red" },
        "north": { "uv": [ 0, 15.5, 0.25, 16 ], "texture": "#wool_colored_red" },
        "south": { "uv": [ 0, 15.5, 0.25, 16 ], "texture": "#wool_colored_red" },
        "west":  { "uv": [ 0, 15.5, 0.5, 16 ], "texture": "#wool_colored_red" },
        "east":  { "uv": [ 0, 15.5, 0.5, 16 ], "texture": "#wool_colored_red" }
    }
},
{
    "from": [ 7.75, 5.625, 10 ],
    "to": [ 7.875, 5.875, 10.125 ],
    "faces": {
        "down":  { "uv": [ 0.125, 16, 0, 15.5 ], "texture": "#wool_colored_red" },
        "up":    { "uv": [ 0, 15.5, 0.125, 16 ], "texture": "#wool_colored_red" },
        "north": { "uv": [ 0, 15.75, 0.125, 16 ], "texture": "#wool_colored_red" },
        "south": { "uv": [ 0, 15.75, 0.125, 16 ], "texture": "#wool_colored_red" },
        "west":  { "uv": [ 0, 15.75, 0.5, 16 ], "texture": "#wool_colored_red" },
        "east":  { "uv": [ 0, 15.75, 0.5, 16 ], "texture": "#wool_colored_red" }
    }
},
{
    "from": [ 8.125, 5.625, 10 ],
    "to": [ 8.25, 5.875, 10.125 ],
    "faces": {
        "down":  { "uv": [ 0.125, 16, 0, 15.5 ], "texture": "#wool_colored_red" },
        "up":    { "uv": [ 0, 15.5, 0.125, 16 ], "texture": "#wool_colored_red" },
        "north": { "uv": [ 0, 15.75, 0.125, 16 ], "texture": "#wool_colored_red" },
        "south": { "uv": [ 0, 15.75, 0.125, 16 ], "texture": "#wool_colored_red" },
        "west":  { "uv": [ 0, 15.75, 0.5, 16 ], "texture": "#wool_colored_red" },
        "east":  { "uv": [ 0, 15.75, 0.5, 16 ], "texture": "#wool_colored_red" }
    }
}
],
"display": {
    "thirdperson_righthand": {
        "rotation": [ 0, -180, 0 ],
        "translation": [ 0, 1.51, 0.76 ],
        "scale": [ 0.4, 0.4, 0.4 ]
    },
    "thirdperson_lefthand": {
        "rotation": [ 0, -180, 0 ],
        "translation": [ 0, 1.51, 0.76 ],
        "scale": [ 0.4, 0.4, 0.4 ]
    },
    "ground": {
        "rotation": [ 0, 0, 0 ],
        "translation": [ 0, 0.94, 0 ],
        "scale": [ 0.65, 0.65, 0.65 ]
    },
    "firstperson_righthand": {
        "rotation": [ 0, 175, -3 ],
        "translation": [ 0, 3.02, 0 ],
        "scale": [ 0.8, 1, 1 ]
    },
    "firstperson_lefthand": {
        "rotation": [ 0, 175, -3 ],
        "translation": [ 0, 3.02, 0 ],
        "scale": [ 0.8, 1, 1 ]
    },
    "gui": {
        "rotation": [ 15, -150, 0 ],
        "translation": [ 0.19, 4.16, 0 ],
        "scale": [ 1.7, 1.7, 1.7 ]
    }
}
}