{
	"__comment": "Разработано специально для Hard-Days.SU  ::  If you steal our models - you PIDOR!",
    "parent": "item/handheld",
    "textures": {
        "layer0": "items/wooden_shovel"
    },
	"overrides": [
	    {"predicate": {"damage": 0.000},"model": "car_parts/engine"},
        {"predicate": {"damage": 0.0169},"model": "car_parts/engine_outline"},
        {"predicate": {"damage": 0.0338},"model": "car_parts/battery"},
        {"predicate": {"damage": 0.0508},"model": "car_parts/battery_outline"},
        {"predicate": {"damage": 0.0677},"model": "car_parts/fuel_can_outline"},
        {"predicate": {"damage": 0.0846},"model": "car_parts/key"},
        {"predicate": {"damage": 0.1015},"model": "car_parts/key_outline"},
        {"predicate": {"damage": 0.1184},"model": "car_parts/tire"},
        {"predicate": {"damage": 0.1353},"model": "car_parts/tire_outline"},
		{"predicate": {"damage": 0.1522},"model": "cases/bonus_case"},
		{"predicate": {"damage": 0.1691},"model": "cases/rare_case"},
		{"predicate": {"damage": 0.186},"model": "cases/godly_case"},
		{"predicate": {"damage": 0.2029},"model": "cases/legendary_case"}
    ]
}