{
	"__comment": "Разработано специально для Hard-Days.SU  ::  If you steal our models - you PIDOR!",
    "parent": "item/handheld",
    "textures": {
        "layer0": "items/wooden_pickaxe"
    },
	"overrides": [
	    {"predicate": {"damage": 0.0000},"model": "faces/frame"},
        {"predicate": {"damage": 0.0169},"model": "faces/andruha"},
        {"predicate": {"damage": 0.0338},"model": "faces/antoha"},
        {"predicate": {"damage": 0.0508},"model": "faces/beatris"},
        {"predicate": {"damage": 0.0677},"model": "faces/bodya"},
        {"predicate": {"damage": 0.0847},"model": "faces/boris"},
        {"predicate": {"damage": 0.1016},"model": "faces/danil"},
        {"predicate": {"damage": 0.1186},"model": "faces/dimon"},
        {"predicate": {"damage": 0.1355},"model": "faces/egor"},
        {"predicate": {"damage": 0.1525},"model": "faces/frame"},
        {"predicate": {"damage": 0.1694},"model": "faces/garry"},
        {"predicate": {"damage": 0.1864},"model": "faces/gleb"},
        {"predicate": {"damage": 0.2033},"model": "faces/jenek"},
        {"predicate": {"damage": 0.2203},"model": "faces/kirill"},
        {"predicate": {"damage": 0.2372},"model": "faces/kostyan"},
        {"predicate": {"damage": 0.2542},"model": "faces/laura"},
        {"predicate": {"damage": 0.2711},"model": "faces/leha"},
        {"predicate": {"damage": 0.2881},"model": "faces/liza"},
        {"predicate": {"damage": 0.3050},"model": "faces/martin"},
        {"predicate": {"damage": 0.3220},"model": "faces/michael"},
        {"predicate": {"damage": 0.3389},"model": "faces/mishanya"},
        {"predicate": {"damage": 0.3559},"model": "faces/morgan"},
        {"predicate": {"damage": 0.3728},"model": "faces/nikita"},
        {"predicate": {"damage": 0.3898},"model": "faces/pavel"},
        {"predicate": {"damage": 0.4067},"model": "faces/sasha"},
        {"predicate": {"damage": 0.4237},"model": "faces/senya"},
        {"predicate": {"damage": 0.4406},"model": "faces/stas"},
        {"predicate": {"damage": 0.4576},"model": "faces/tamara"},
        {"predicate": {"damage": 0.4745},"model": "faces/tanuha"},
        {"predicate": {"damage": 0.4915},"model": "faces/taras"},
        {"predicate": {"damage": 0.5084},"model": "faces/ullman"},
        {"predicate": {"damage": 0.5253},"model": "faces/ulyana"},
		{"predicate": {"damage": 0.526},"model": "faces/vlad"}
    ]
}