{
	"__comment": "Разработано специально для Hard-Days.SU  ::  If you steal our models - you PIDOR!",
    "parent": "item/handheld",
    "textures": {
        "layer0": "items/wooden_shovel"
    },
	"overrides": [
	    {"predicate": {"damage": 0.000},"model": "overlays/pane"},
        {"predicate": {"damage": 0.0169},"model": "overlays/rarity_blue"},
        {"predicate": {"damage": 0.0338},"model": "overlays/rarity_orange"},
        {"predicate": {"damage": 0.0508},"model": "overlays/rarity_purple"},
        {"predicate": {"damage": 0.0677},"model": "overlays/selection"},
        {"predicate": {"damage": 0.0847},"model": "overlays/selected"},
        {"predicate": {"damage": 0.1016},"model": "overlays/gg"},
        {"predicate": {"damage": 0.1186},"model": "overlays/gr"},
        {"predicate": {"damage": 0.1355},"model": "overlays/rr"},
        {"predicate": {"damage": 0.1525},"model": "overlays/rg"},
        {"predicate": {"damage": 0.1694},"model": "overlays/gggg"},
        {"predicate": {"damage": 0.1864},"model": "overlays/rrrr"},
        {"predicate": {"damage": 0.2033},"model": "overlays/gggr"},
        {"predicate": {"damage": 0.2203},"model": "overlays/rrrg"},
        {"predicate": {"damage": 0.2372},"model": "overlays/ggrg"},
        {"predicate": {"damage": 0.2542},"model": "overlays/rrgr"},
        {"predicate": {"damage": 0.2711},"model": "overlays/ggrr"},
        {"predicate": {"damage": 0.2881},"model": "overlays/rrgg"},
        {"predicate": {"damage": 0.3050},"model": "overlays/grgg"},
        {"predicate": {"damage": 0.3220},"model": "overlays/rgrr"},
        {"predicate": {"damage": 0.3389},"model": "overlays/grgr"},
        {"predicate": {"damage": 0.3559},"model": "overlays/rgrg"},
        {"predicate": {"damage": 0.3728},"model": "overlays/grrg"},
        {"predicate": {"damage": 0.3898},"model": "overlays/rggr"},
        {"predicate": {"damage": 0.4067},"model": "overlays/grrr"},
        {"predicate": {"damage": 0.4237},"model": "overlays/rggg"},
        {"predicate": {"damage": 0.4406},"model": "overlays/replay"},
        {"predicate": {"damage": 0.4576},"model": "overlays/plus"}
    ]
}