{
	"__comment": "Разработано специально для Hard-Days.SU  ::  If you steal our models - you PIDOR!",
"textures": {
    "texture": "blocks/glass_silver",
    "border": "blocks/anvil_base",
    "green": "blocks/rarity_green",
    "red": "blocks/rarity_red"
},
"elements": [ 
{
    "__comment": "Pane",
    "from": [ 6, 12, 11.5 ],
    "to": [ 10, 16, 12 ],
    "faces": {
        "north": { "uv": [ 0, 0, 16, 16 ], "texture": "#texture" },
        "south": { "uv": [ 0, 0, 16, 16 ], "texture": "#texture" }
    }
},
{
    "__comment": "Color 1",
    "from": [ 6, 7.625, 11.5 ],
    "to": [ 10, 11.625, 12 ],
    "faces": {
        "north": { "uv": [ 0, 0, 16, 16 ], "texture": "#green" }
    }
},
{
    "__comment": "1",
    "from": [ 5.75, 7.625, 11.5 ],
    "to": [ 6, 11.625, 12 ],
    "faces": {
        "north": { "uv": [ 0, 0, 0.5, 0.5 ], "texture": "#border" }
    }
},
{
    "__comment": "1",
    "from": [ 10, 7.625, 11.5 ],
    "to": [ 10.25, 11.625, 12 ],
    "faces": {
        "north": { "uv": [ 0, 0, 0.5, 0.5 ], "texture": "#border" }
    }
},
{
    "__comment": "1",
    "from": [ 5.75, 11.625, 11.5 ],
    "to": [ 10.25, 11.75, 12 ],
    "faces": {
        "north": { "uv": [ 0, 0, 0.5, 0.5 ], "texture": "#border" }
    }
},
{
    "__comment": "1",
    "from": [ 5.75, 7.5, 11.5 ],
    "to": [ 10.25, 7.625, 12 ],
    "faces": {
        "north": { "uv": [ 0, 0, 0.5, 0.5 ], "texture": "#border" }
    }
},
{
    "__comment": "Color 2",
    "from": [ 6, 3.125, 11.5 ],
    "to": [ 10, 7.125, 12 ],
    "faces": {
        "north": { "uv": [ 0, 0, 16, 16 ], "texture": "#green" }
    }
},
{
    "__comment": "2",
    "from": [ 5.75, 3.125, 11.5 ],
    "to": [ 6, 7.125, 12 ],
    "faces": {
        "north": { "uv": [ 0, 0, 0.5, 0.5 ], "texture": "#border" }
    }
},
{
    "__comment": "2",
    "from": [ 10, 3.125, 11.5 ],
    "to": [ 10.25, 7.125, 12 ],
    "faces": {
        "north": { "uv": [ 0, 0, 0.5, 0.5 ], "texture": "#border" }
    }
},
{
    "__comment": "2",
    "from": [ 5.75, 7.125, 11.5 ],
    "to": [ 10.25, 7.25, 12 ],
    "faces": {
        "north": { "uv": [ 0, 0, 0.5, 0.5 ], "texture": "#border" }
    }
},
{
    "__comment": "2",
    "from": [ 5.75, 3, 11.5 ],
    "to": [ 10.25, 3.125, 12 ],
    "faces": {
        "north": { "uv": [ 0, 0, 0.5, 0.5 ], "texture": "#border" }
    }
},
{
    "__comment": "Color 3",
    "from": [ 6, -1.375, 11.5 ],
    "to": [ 10, 2.625, 12 ],
    "faces": {
        "north": { "uv": [ 0, 0, 16, 16 ], "texture": "#green" }
    }
},
{
    "__comment": "3",
    "from": [ 5.75, -1.375, 11.5 ],
    "to": [ 6, 2.625, 12 ],
    "faces": {
        "north": { "uv": [ 0, 0, 0.5, 0.5 ], "texture": "#border" }
    }
},
{
    "__comment": "3",
    "from": [ 10, -1.375, 11.5 ],
    "to": [ 10.25, 2.625, 12 ],
    "faces": {
        "north": { "uv": [ 0, 0, 0.5, 0.5 ], "texture": "#border" }
    }
},
{
    "__comment": "3",
    "from": [ 5.75, 2.625, 11.5 ],
    "to": [ 10.25, 2.75, 12 ],
    "faces": {
        "north": { "uv": [ 0, 0, 0.5, 0.5 ], "texture": "#border" }
    }
},
{
    "__comment": "3",
    "from": [ 5.75, -1.5, 11.5 ],
    "to": [ 10.25, -1.375, 12 ],
    "faces": {
        "north": { "uv": [ 0, 0, 0.5, 0.5 ], "texture": "#border" }
    }
},
{
    "__comment": "Color 4",
    "from": [ 6, -5.875, 11.5 ],
    "to": [ 10, -1.875, 12 ],
    "faces": {
        "north": { "uv": [ 0, 0, 16, 16 ], "texture": "#green" }
    }
},
{
    "__comment": "4",
    "from": [ 5.75, -5.875, 11.5 ],
    "to": [ 6, -1.875, 12 ],
    "faces": {
        "north": { "uv": [ 0, 0, 0.5, 0.5 ], "texture": "#border" }
    }
},
{
    "__comment": "4",
    "from": [ 10, -5.875, 11.5 ],
    "to": [ 10.25, -1.875, 12 ],
    "faces": {
        "north": { "uv": [ 0, 0, 0.5, 0.5 ], "texture": "#border" }
    }
},
{
    "__comment": "4",
    "from": [ 5.75, -1.875, 11.5 ],
    "to": [ 10.25, -1.75, 12 ],
    "faces": {
        "north": { "uv": [ 0, 0, 0.5, 0.5 ], "texture": "#border" }
    }
},
{
    "__comment": "4",
    "from": [ 5.75, -6, 11.5 ],
    "to": [ 10.25, -5.875, 12 ],
    "faces": {
        "north": { "uv": [ 0, 0, 0.5, 0.5 ], "texture": "#border" }
    }
}
],
"display": {
    "gui": {
        "rotation": [ 0, 180, 0 ],
        "translation": [ 0, -24, -8 ],
        "scale": [ 4, 4, 4 ]
    }
}
}