{
	"__comment": "Разработано специально для Hard-Days.SU  ::  If you steal our models - you PIDOR!",
"textures": {
    "texture": "blocks/glass_silver"
},
"elements": [ 
{
    "__comment": "Pane",
    "from": [ 4, 8, 15 ],
    "to": [ 12, 16, 16 ],
    "faces": {
        "north": { "uv": [ 0, 0, 16, 16 ], "texture": "#texture" },
        "south": { "uv": [ 0, 0, 16, 16 ], "texture": "#texture" }
    }
}
],
"display": {
    "gui": {
        "rotation": [ 0, 180, 0 ],
        "translation": [ 0, -8, -8 ],
        "scale": [ 2, 2, 2 ]
    }
}
}