{
	"__comment": "Разработано специально для Hard-Days.SU  ::  If you steal our models - you PIDOR!",
"textures": {
    "texture": "blocks/glass_silver",
    "color1": "blocks/plus"
},
"elements": [ 
{
    "__comment": "Pane",
    "from": [ 4, 0, 15 ],
    "to": [ 12, 8, 16 ],
    "faces": {
        "north": { "uv": [ 0, 0, 16, 16 ], "texture": "#texture" },
        "south": { "uv": [ 0, 0, 16, 16 ], "texture": "#texture" }
    }
},
{
    "__comment": "Color",
    "from": [ 4, 0, 14.5 ],
    "to": [ 12, 8, 15.5 ],
    "faces": {
        "north": { "uv": [ 0, 0, 16, 16 ], "texture": "#color1" }
    }
}
],
"display": {
    "gui": {
        "rotation": [ 0, 180, 0 ],
        "translation": [ 0, 8, 24 ],
        "scale": [ 2, 2, 2 ]
    }
}
}