{
	"__comment": "Разработано специально для Hard-Days.SU  ::  If you steal our models - you PIDOR!",
"textures": {
    "texture": "blocks/glass_silver",
    "color": "blocks/rarity_purple",
    "border": "blocks/anvil_base"
},
"elements": [ 
{
    "__comment": "Pane",
    "from": [ 4, 8, 15 ],
    "to": [ 12, 16, 16 ],
    "faces": {
        "north": { "uv": [ 0, 0, 16, 16 ], "texture": "#texture" },
        "south": { "uv": [ 0, 0, 16, 16 ], "texture": "#texture" }
    }
},
{
    "__comment": "Color",
    "from": [ 4, -0.75, 15 ],
    "to": [ 12, 7.25, 16 ],
    "faces": {
        "north": { "uv": [ 0, 0, 16, 16 ], "texture": "#color" }
    }
},
{
    "__comment": "Border",
    "from": [ 3.5, -0.75, 15 ],
    "to": [ 4, 7.25, 16 ],
    "faces": {
        "north": { "uv": [ 0, 0, 0.5, 0.5 ], "texture": "#border" }
    }
},
{
    "__comment": "Border",
    "from": [ 12, -0.75, 15 ],
    "to": [ 12.5, 7.25, 16 ],
    "faces": {
        "north": { "uv": [ 0, 0, 0.5, 0.5 ], "texture": "#border" }
    }
},
{
    "__comment": "Border",
    "from": [ 3.5, 7.25, 15 ],
    "to": [ 12.5, 7.5, 16 ],
    "faces": {
        "north": { "uv": [ 0, 0, 0.5, 0.5 ], "texture": "#border" }
    }
},
{
    "__comment": "Border",
    "from": [ 3.5, -1, 15 ],
    "to": [ 12.5, -0.75, 16 ],
    "faces": {
        "north": { "uv": [ 0, 0, 0.5, 0.5 ], "texture": "#border" }
    }
}
],
"display": {
    "gui": {
        "rotation": [ 0, 180, 0 ],
        "translation": [ 0, -8, -8 ],
        "scale": [ 2, 2, 2 ]
    }
}
}