{
	"__comment": "Разработано специально для Hard-Days.SU  ::  If you steal our models - you PIDOR!",
"ambientocclusion": false,
"textures": {
    "frame": "blocks/planks_big_oak",
    "canvas": "blocks/itemframe"
},
"elements": [ 
{
    "__comment": "Canvas",
    "from": [ 3, 3, 0.25 ],
    "to": [ 13, 13, 0.5 ],
    "faces": {
        "south": { "uv": [ 3, 3, 13, 13 ], "texture": "#canvas" }
    }
},
{
    "__comment": "Frame",
    "from": [ 2, 2, 0 ],
    "to": [ 14, 14, 0.25 ],
    "faces": {
        "down":  { "uv": [ 14, 0.25, 2, 0 ], "texture": "#frame" },
        "up":    { "uv": [ 2, 0, 14, 0.25 ], "texture": "#frame" },
        "north": { "uv": [ 2, 2, 14, 14 ], "texture": "#frame" },
        "south": { "uv": [ 2, 2, 14, 14 ], "texture": "#frame" },
        "west":  { "uv": [ 0, 2, 0.25, 14 ], "texture": "#frame" },
        "east":  { "uv": [ 15.75, 2, 16, 14 ], "texture": "#frame" }
    }
},
{
    "__comment": "Frame",
    "from": [ 2.25, 13.25, 0.25 ],
    "to": [ 13.75, 13.75, 0.5 ],
    "faces": {
        "down":  { "uv": [ 13.75, 0.5, 2.25, 0.25 ], "texture": "#frame" },
        "up":    { "uv": [ 2.25, 0.25, 13.75, 0.5 ], "texture": "#frame" },
        "south": { "uv": [ 2.25, 2.25, 13.75, 2.75 ], "texture": "#frame" },
        "west":  { "uv": [ 0.25, 2.25, 0.5, 2.75 ], "texture": "#frame" },
        "east":  { "uv": [ 15.5, 2.25, 15.75, 2.75 ], "texture": "#frame" }
    }
},
{
    "__comment": "Frame",
    "from": [ 2.25, 2.25, 0.25 ],
    "to": [ 13.75, 2.75, 0.5 ],
    "faces": {
        "down":  { "uv": [ 13.75, 0.5, 2.25, 0.25 ], "texture": "#frame" },
        "up":    { "uv": [ 2.25, 0.25, 13.75, 0.5 ], "texture": "#frame" },
        "south": { "uv": [ 2.25, 13.25, 13.75, 13.75 ], "texture": "#frame" },
        "west":  { "uv": [ 0.25, 13.25, 0.5, 13.75 ], "texture": "#frame" },
        "east":  { "uv": [ 15.5, 13.25, 15.75, 13.75 ], "texture": "#frame" }
    }
},
{
    "__comment": "Frame",
    "from": [ 2.25, 2.75, 0.25 ],
    "to": [ 2.75, 13.25, 0.5 ],
    "faces": {
        "south": { "uv": [ 2.25, 2.75, 2.75, 13.25 ], "texture": "#frame" },
        "west":  { "uv": [ 0.25, 2.75, 0.5, 13.25 ], "texture": "#frame" },
        "east":  { "uv": [ 15.5, 2.75, 15.75, 13.25 ], "texture": "#frame" }
    }
},
{
    "__comment": "Frame",
    "from": [ 13.25, 2.75, 0.25 ],
    "to": [ 13.75, 13.25, 0.5 ],
    "faces": {
        "south": { "uv": [ 13.25, 2.75, 13.75, 13.25 ], "texture": "#frame" },
        "west":  { "uv": [ 0.25, 2.75, 0.5, 13.25 ], "texture": "#frame" },
        "east":  { "uv": [ 15.5, 2.75, 15.75, 13.25 ], "texture": "#frame" }
    }
},
{
    "__comment": "Frame",
    "from": [ 2.75, 13, 0.25 ],
    "to": [ 13.25, 13.25, 0.75 ],
    "faces": {
        "down":  { "uv": [ 13.25, 0.75, 2.75, 0.25 ], "texture": "#frame" },
        "up":    { "uv": [ 2.75, 0.25, 13.25, 0.75 ], "texture": "#frame" },
        "south": { "uv": [ 2.75, 2.75, 13.25, 3 ], "texture": "#frame" },
        "west":  { "uv": [ 0.25, 2.75, 0.75, 3 ], "texture": "#frame" },
        "east":  { "uv": [ 15.25, 2.75, 15.75, 3 ], "texture": "#frame" }
    }
},
{
    "__comment": "Frame",
    "from": [ 2.75, 2.75, 0.25 ],
    "to": [ 13.25, 3, 0.75 ],
    "faces": {
        "down":  { "uv": [ 13.25, 0.75, 2.75, 0.25 ], "texture": "#frame" },
        "up":    { "uv": [ 2.75, 0.25, 13.25, 0.75 ], "texture": "#frame" },
        "south": { "uv": [ 2.75, 13, 13.25, 13.25 ], "texture": "#frame" },
        "west":  { "uv": [ 0.25, 13, 0.75, 13.25 ], "texture": "#frame" },
        "east":  { "uv": [ 15.25, 13, 15.75, 13.25 ], "texture": "#frame" }
    }
},
{
    "__comment": "Frame",
    "from": [ 2.75, 3, 0.25 ],
    "to": [ 3, 13, 0.75 ],
    "faces": {
        "south": { "uv": [ 2.75, 3, 3, 13 ], "texture": "#frame" },
        "west":  { "uv": [ 0.25, 3, 0.75, 13 ], "texture": "#frame" },
        "east":  { "uv": [ 15.25, 3, 15.75, 13 ], "texture": "#frame" }
    }
},
{
    "__comment": "Frame",
    "from": [ 13, 3, 0.25 ],
    "to": [ 13.25, 13, 0.75 ],
    "faces": {
        "south": { "uv": [ 13, 3, 13.25, 13 ], "texture": "#frame" },
        "west":  { "uv": [ 0.25, 3, 0.75, 13 ], "texture": "#frame" },
        "east":  { "uv": [ 15.25, 3, 15.75, 13 ], "texture": "#frame" }
    }
}
],
"display": {
    "thirdperson_righthand": {
        "rotation": [ 75, 90, 0 ],
        "translation": [ 3.02, 1.7, 0 ],
        "scale": [ 0.37, 0.37, 0.37 ]
    },
    "thirdperson_lefthand": {
        "rotation": [ 75, 90, 0 ],
        "translation": [ 3.02, 1.7, 0 ],
        "scale": [ 0.37, 0.37, 0.37 ]
    },
    "ground": {
        "rotation": [ 0, 0, 0 ],
        "translation": [ 0, 2, 0 ],
        "scale": [ 0.35, 0.35, 0.35 ]
    },
    "fixed": {
        "rotation": [ 0, 0, 0 ],
        "translation": [ 0, -32, 14 ],
        "scale": [ 2, 2, 2 ]
    },
    "firstperson_righthand": {
        "rotation": [ 0, -90, 0 ],
        "translation": [ 0, 0, 0 ],
        "scale": [ 0.4, 0.4, 0.4 ]
    },
    "firstperson_lefthand": {
        "rotation": [ 0, -90, 0 ],
        "translation": [ 0, 0, 0 ],
        "scale": [ 0.4, 0.4, 0.4 ]
    },
    "gui": {
        "rotation": [ 30, -45, 0 ],
        "translation": [ -5.29, -2.83, -3.21 ],
        "scale": [ 1, 1, 1 ]
    }
}
}