{
	"__comment": "Разработано специально для Hard-Days.SU  ::  If you steal our models - you PIDOR!",
"ambientocclusion": false,
"textures": {
    "texture": "faces/kostyan"
},
"elements": [ 
{
    "__comment": "Plane",
    "from": [ 0, 0, 16 ],
    "to": [ 16, 16, 16.0625 ],
    "faces": {
        "south": { "uv": [ 0, 0, 16, 16 ], "texture": "#texture", "cullface": "south" }
    }
}
],
"display": {
    "fixed": {
        "rotation": [ 0, 0, 0 ],
        "translation": [ 0, 0, -9 ],
        "scale": [ 1, 1, 1 ]
    }
}
}