{
"__comment": "Designed by Corporalblober with Cubik Studio - https://cubik.studio",
"textures": {
    "particle": "loot_crates/duffle_bag_grey",
    "texture": "loot_crates/grey_stuff",
    "texture1": "loot_crates/red_strap",
    "mesh_atlas": "loot_crates/red_strap2"
},
"elements": [ 
{
    "__comment": "Cube1",
    "from": [ 0.5, 0.25, 5 ],
    "to": [ 15.5, 7.5, 12 ],
    "faces": {
        "down":  { "uv": [ 0.5, 4, 15.5, 11 ], "texture": "#texture" },
        "up":    { "uv": [ 0.5, 5, 15.5, 12 ], "texture": "#texture" },
        "north": { "uv": [ 0.5, 8.5, 15.5, 15.75 ], "texture": "#texture" },
        "south": { "uv": [ 0.5, 8.5, 15.5, 15.75 ], "texture": "#texture" },
        "west":  { "uv": [ 5, 8.5, 12, 15.75 ], "texture": "#texture" },
        "east":  { "uv": [ 4, 8.5, 11, 15.75 ], "texture": "#texture" }
    }
},
{
    "__comment": "Cube2",
    "from": [ 0.75, 0, 4.75 ],
    "to": [ 15.25, 7.25, 12.25 ],
    "faces": {
        "down":  { "uv": [ 0.75, 3.75, 15.25, 11.25 ], "texture": "#texture" },
        "up":    { "uv": [ 0.75, 4.75, 15.25, 12.25 ], "texture": "#texture" },
        "north": { "uv": [ 0.75, 8.75, 15.25, 16 ], "texture": "#texture" },
        "south": { "uv": [ 0.75, 8.75, 15.25, 16 ], "texture": "#texture" },
        "west":  { "uv": [ 4.75, 8.75, 12.25, 16 ], "texture": "#texture" },
        "east":  { "uv": [ 3.75, 8.75, 11.25, 16 ], "texture": "#texture" }
    }
},
{
    "__comment": "Cube3",
    "from": [ 0.25, 0.75, 5.5 ],
    "to": [ 15.75, 6.75, 11.5 ],
    "faces": {
        "down":  { "uv": [ 0.25, 4.5, 15.75, 10.5 ], "texture": "#texture" },
        "up":    { "uv": [ 0.25, 5.5, 15.75, 11.5 ], "texture": "#texture" },
        "north": { "uv": [ 0.25, 9.25, 15.75, 15.25 ], "texture": "#texture" },
        "south": { "uv": [ 0.25, 9.25, 15.75, 15.25 ], "texture": "#texture" },
        "west":  { "uv": [ 5.5, 9.25, 11.5, 15.25 ], "texture": "#texture" },
        "east":  { "uv": [ 4.5, 9.25, 10.5, 15.25 ], "texture": "#texture" }
    }
},
{
    "__comment": "Cube4",
    "from": [ 0, 2, 6.75 ],
    "to": [ 16, 5.5, 10.25 ],
    "faces": {
        "down":  { "uv": [ 0, 5.75, 16, 9.25 ], "texture": "#texture" },
        "up":    { "uv": [ 0, 6.75, 16, 10.25 ], "texture": "#texture" },
        "north": { "uv": [ 0, 10.5, 16, 14 ], "texture": "#texture" },
        "south": { "uv": [ 0, 10.5, 16, 14 ], "texture": "#texture" },
        "west":  { "uv": [ 6.75, 10.5, 10.25, 14 ], "texture": "#texture" },
        "east":  { "uv": [ 5.75, 10.5, 9.25, 14 ], "texture": "#texture" }
    }
},
{
    "__comment": "Cube5",
    "from": [ 1.75, 0.75, 4.5 ],
    "to": [ 14.25, 6.5, 12.5 ],
    "faces": {
        "down":  { "uv": [ 1.75, 3.5, 14.25, 11.5 ], "texture": "#texture" },
        "up":    { "uv": [ 1.75, 4.5, 14.25, 12.5 ], "texture": "#texture" },
        "north": { "uv": [ 1.75, 9.5, 14.25, 15.25 ], "texture": "#texture" },
        "south": { "uv": [ 1.75, 9.5, 14.25, 15.25 ], "texture": "#texture" },
        "west":  { "uv": [ 4.5, 9.5, 12.5, 15.25 ], "texture": "#texture" },
        "east":  { "uv": [ 3.5, 9.5, 11.5, 15.25 ], "texture": "#texture" }
    }
},
{
    "__comment": "Cube7",
    "from": [ 1.5, 7.5, 5.75 ],
    "to": [ 14.5, 7.75, 11.25 ],
    "faces": {
        "down":  { "uv": [ 1.5, 4.75, 14.5, 10.25 ], "texture": "#texture" },
        "up":    { "uv": [ 1.5, 5.75, 14.5, 11.25 ], "texture": "#texture" },
        "north": { "uv": [ 1.5, 8.25, 14.5, 8.5 ], "texture": "#texture" },
        "south": { "uv": [ 1.5, 8.25, 14.5, 8.5 ], "texture": "#texture" },
        "west":  { "uv": [ 5.75, 8.25, 11.25, 8.5 ], "texture": "#texture" },
        "east":  { "uv": [ 4.75, 8.25, 10.25, 8.5 ], "texture": "#texture" }
    }
},
{
    "__comment": "Cube8",
    "from": [ 3.5, 7.75, 7 ],
    "to": [ 12.5, 8, 10 ],
    "faces": {
        "down":  { "uv": [ 3.5, 6, 12.5, 9 ], "texture": "#texture" },
        "up":    { "uv": [ 3.5, 7, 12.5, 10 ], "texture": "#texture" },
        "north": { "uv": [ 3.5, 8, 12.5, 8.25 ], "texture": "#texture" },
        "south": { "uv": [ 3.5, 8, 12.5, 8.25 ], "texture": "#texture" },
        "west":  { "uv": [ 7, 8, 10, 8.25 ], "texture": "#texture" },
        "east":  { "uv": [ 6, 8, 9, 8.25 ], "texture": "#texture" }
    }
},
{
    "__comment": "Cube6",
    "from": [ 4, 2, 4.25 ],
    "to": [ 12, 5.25, 12.75 ],
    "faces": {
        "down":  { "uv": [ 0, 7.5, 8, 16 ], "texture": "#texture" },
        "up":    { "uv": [ 0, 7.5, 8, 16 ], "texture": "#texture" },
        "north": { "uv": [ 0, 0, 8, 3.25 ], "texture": "#texture" },
        "south": { "uv": [ 0, 0, 8, 3.25 ], "texture": "#texture" },
        "west":  { "uv": [ 0, 12.75, 8.5, 16 ], "texture": "#texture" },
        "east":  { "uv": [ 7.5, 12.75, 16, 16 ], "texture": "#texture" }
    }
},
{
    "__comment": "Cube10",
    "from": [ 4.5, 8.5, 7.5 ],
    "to": [ 11, 9.25, 9.5 ],
    "faces": {
        "down":  { "uv": [ 0, 0, 6.5, 2 ], "texture": "#texture1" },
        "up":    { "uv": [ 0, 0, 6.5, 2 ], "texture": "#texture1" },
        "north": { "uv": [ 0, 0, 6.5, 0.75 ], "texture": "#texture1" },
        "south": { "uv": [ 0, 0, 6.5, 0.75 ], "texture": "#texture1" },
        "west":  { "uv": [ 0, 0, 2, 0.75 ], "texture": "#texture1" },
        "east":  { "uv": [ 0, 0, 2, 0.75 ], "texture": "#texture1" }
    }
},
{
    "__comment": "Cube11",
    "from": [ 4, 8.25, 7 ],
    "to": [ 5, 8.75, 8 ],
    "faces": {
        "down":  { "uv": [ 4, 8, 5, 9 ], "texture": "#texture1" },
        "up":    { "uv": [ 4, 7, 5, 8 ], "texture": "#texture1" },
        "north": { "uv": [ 11, 7.25, 12, 7.75 ], "texture": "#texture1" },
        "south": { "uv": [ 4, 7.25, 5, 7.75 ], "texture": "#texture1" },
        "west":  { "uv": [ 7, 7.25, 8, 7.75 ], "texture": "#texture1" },
        "east":  { "uv": [ 8, 7.25, 9, 7.75 ], "texture": "#texture1" }
    }
},
{
    "__comment": "Cube11",
    "from": [ 3.5, 8, 6.75 ],
    "to": [ 4.5, 8.5, 7.75 ],
    "faces": {
        "down":  { "uv": [ 4, 6, 5, 7 ], "texture": "#texture1" },
        "up":    { "uv": [ 4, 9, 5, 10 ], "texture": "#texture1" },
        "north": { "uv": [ 11, 7.25, 12, 7.75 ], "texture": "#texture1" },
        "south": { "uv": [ 4, 7.25, 5, 7.75 ], "texture": "#texture1" },
        "west":  { "uv": [ 9, 7.25, 10, 7.75 ], "texture": "#texture1" },
        "east":  { "uv": [ 6, 7.25, 7, 7.75 ], "texture": "#texture1" }
    }
},
{
    "__comment": "Cube11",
    "from": [ 11.5, 7.75, 6.5 ],
    "to": [ 12.5, 8.25, 7.5 ],
    "faces": {
        "down":  { "uv": [ 4, 6, 5, 7 ], "texture": "#texture1" },
        "up":    { "uv": [ 4, 9, 5, 10 ], "texture": "#texture1" },
        "north": { "uv": [ 11, 7.25, 12, 7.75 ], "texture": "#texture1" },
        "south": { "uv": [ 4, 7.25, 5, 7.75 ], "texture": "#texture1" },
        "west":  { "uv": [ 9, 7.25, 10, 7.75 ], "texture": "#texture1" },
        "east":  { "uv": [ 6, 7.25, 7, 7.75 ], "texture": "#texture1" }
    }
},
{
    "__comment": "Cube11",
    "from": [ 2.5, 7.5, 6.5 ],
    "to": [ 3.5, 8, 7.5 ],
    "faces": {
        "down":  { "uv": [ 4, 6, 5, 7 ], "texture": "#texture1" },
        "up":    { "uv": [ 4, 9, 5, 10 ], "texture": "#texture1" },
        "north": { "uv": [ 11, 7.25, 12, 7.75 ], "texture": "#texture1" },
        "south": { "uv": [ 4, 7.25, 5, 7.75 ], "texture": "#texture1" },
        "west":  { "uv": [ 9, 7.25, 10, 7.75 ], "texture": "#texture1" },
        "east":  { "uv": [ 6, 7.25, 7, 7.75 ], "texture": "#texture1" }
    }
},
{
    "__comment": "Cube11",
    "from": [ 10.5, 8.25, 7 ],
    "to": [ 11.5, 8.75, 8 ],
    "faces": {
        "down":  { "uv": [ 10.5, 8, 11.5, 9 ], "texture": "#texture1" },
        "up":    { "uv": [ 10.5, 7, 11.5, 8 ], "texture": "#texture1" },
        "north": { "uv": [ 4.5, 7.25, 5.5, 7.75 ], "texture": "#texture1" },
        "south": { "uv": [ 10.5, 7.25, 11.5, 7.75 ], "texture": "#texture1" },
        "west":  { "uv": [ 7, 7.25, 8, 7.75 ], "texture": "#texture1" },
        "east":  { "uv": [ 8, 7.25, 9, 7.75 ], "texture": "#texture1" }
    }
},
{
    "__comment": "Cube11",
    "from": [ 11, 8, 6.75 ],
    "to": [ 12, 8.5, 7.75 ],
    "faces": {
        "down":  { "uv": [ 4, 6, 5, 7 ], "texture": "#texture1" },
        "up":    { "uv": [ 4, 9, 5, 10 ], "texture": "#texture1" },
        "north": { "uv": [ 11, 7.25, 12, 7.75 ], "texture": "#texture1" },
        "south": { "uv": [ 4, 7.25, 5, 7.75 ], "texture": "#texture1" },
        "west":  { "uv": [ 9, 7.25, 10, 7.75 ], "texture": "#texture1" },
        "east":  { "uv": [ 6, 7.25, 7, 7.75 ], "texture": "#texture1" }
    }
},
{
    "__comment": "Cube11",
    "from": [ 3, 7.75, 9.5 ],
    "to": [ 4, 8.25, 10.5 ],
    "faces": {
        "down":  { "uv": [ 4, 6, 5, 7 ], "texture": "#texture1" },
        "up":    { "uv": [ 4, 9, 5, 10 ], "texture": "#texture1" },
        "north": { "uv": [ 11, 7.25, 12, 7.75 ], "texture": "#texture1" },
        "south": { "uv": [ 4, 7.25, 5, 7.75 ], "texture": "#texture1" },
        "west":  { "uv": [ 9, 7.25, 10, 7.75 ], "texture": "#texture1" },
        "east":  { "uv": [ 6, 7.25, 7, 7.75 ], "texture": "#texture1" }
    }
},
{
    "__comment": "Cube11",
    "from": [ 2.5, 7.5, 9.5 ],
    "to": [ 3.5, 8, 10.5 ],
    "faces": {
        "down":  { "uv": [ 4, 6, 5, 7 ], "texture": "#texture1" },
        "up":    { "uv": [ 4, 9, 5, 10 ], "texture": "#texture1" },
        "north": { "uv": [ 11, 7.25, 12, 7.75 ], "texture": "#texture1" },
        "south": { "uv": [ 4, 7.25, 5, 7.75 ], "texture": "#texture1" },
        "west":  { "uv": [ 9, 7.25, 10, 7.75 ], "texture": "#texture1" },
        "east":  { "uv": [ 6, 7.25, 7, 7.75 ], "texture": "#texture1" }
    }
},
{
    "__comment": "Cube11",
    "from": [ 4, 8.25, 9 ],
    "to": [ 5, 8.75, 10 ],
    "faces": {
        "down":  { "uv": [ 4, 6, 5, 7 ], "texture": "#texture1" },
        "up":    { "uv": [ 4, 9, 5, 10 ], "texture": "#texture1" },
        "north": { "uv": [ 11, 7.25, 12, 7.75 ], "texture": "#texture1" },
        "south": { "uv": [ 4, 7.25, 5, 7.75 ], "texture": "#texture1" },
        "west":  { "uv": [ 9, 7.25, 10, 7.75 ], "texture": "#texture1" },
        "east":  { "uv": [ 6, 7.25, 7, 7.75 ], "texture": "#texture1" }
    }
},
{
    "__comment": "Cube11",
    "from": [ 3.5, 8, 9.25 ],
    "to": [ 4.5, 8.5, 10.25 ],
    "faces": {
        "down":  { "uv": [ 4, 6, 5, 7 ], "texture": "#texture1" },
        "up":    { "uv": [ 4, 9, 5, 10 ], "texture": "#texture1" },
        "north": { "uv": [ 11, 7.25, 12, 7.75 ], "texture": "#texture1" },
        "south": { "uv": [ 4, 7.25, 5, 7.75 ], "texture": "#texture1" },
        "west":  { "uv": [ 9, 7.25, 10, 7.75 ], "texture": "#texture1" },
        "east":  { "uv": [ 6, 7.25, 7, 7.75 ], "texture": "#texture1" }
    }
},
{
    "__comment": "Cube11",
    "from": [ 3, 7.75, 6.5 ],
    "to": [ 4, 8.25, 7.5 ],
    "faces": {
        "down":  { "uv": [ 4, 6, 5, 7 ], "texture": "#texture1" },
        "up":    { "uv": [ 4, 9, 5, 10 ], "texture": "#texture1" },
        "north": { "uv": [ 11, 7.25, 12, 7.75 ], "texture": "#texture1" },
        "south": { "uv": [ 4, 7.25, 5, 7.75 ], "texture": "#texture1" },
        "west":  { "uv": [ 9, 7.25, 10, 7.75 ], "texture": "#texture1" },
        "east":  { "uv": [ 6, 7.25, 7, 7.75 ], "texture": "#texture1" }
    }
},
{
    "__comment": "Cube11",
    "from": [ 12, 7.5, 9.5 ],
    "to": [ 13, 8, 10.5 ],
    "faces": {
        "down":  { "uv": [ 4, 6, 5, 7 ], "texture": "#texture1" },
        "up":    { "uv": [ 4, 9, 5, 10 ], "texture": "#texture1" },
        "north": { "uv": [ 11, 7.25, 12, 7.75 ], "texture": "#texture1" },
        "south": { "uv": [ 4, 7.25, 5, 7.75 ], "texture": "#texture1" },
        "west":  { "uv": [ 9, 7.25, 10, 7.75 ], "texture": "#texture1" },
        "east":  { "uv": [ 6, 7.25, 7, 7.75 ], "texture": "#texture1" }
    }
},
{
    "__comment": "Cube11",
    "from": [ 10.5, 8.25, 9 ],
    "to": [ 11.5, 8.75, 10 ],
    "faces": {
        "down":  { "uv": [ 10.5, 6, 11.5, 7 ], "texture": "#texture1" },
        "up":    { "uv": [ 10.5, 9, 11.5, 10 ], "texture": "#texture1" },
        "north": { "uv": [ 4.5, 7.25, 5.5, 7.75 ], "texture": "#texture1" },
        "south": { "uv": [ 10.5, 7.25, 11.5, 7.75 ], "texture": "#texture1" },
        "west":  { "uv": [ 9, 7.25, 10, 7.75 ], "texture": "#texture1" },
        "east":  { "uv": [ 6, 7.25, 7, 7.75 ], "texture": "#texture1" }
    }
},
{
    "__comment": "Cube11",
    "from": [ 11, 8, 9.25 ],
    "to": [ 12, 8.5, 10.25 ],
    "faces": {
        "down":  { "uv": [ 4, 6, 5, 7 ], "texture": "#texture1" },
        "up":    { "uv": [ 4, 9, 5, 10 ], "texture": "#texture1" },
        "north": { "uv": [ 11, 7.25, 12, 7.75 ], "texture": "#texture1" },
        "south": { "uv": [ 4, 7.25, 5, 7.75 ], "texture": "#texture1" },
        "west":  { "uv": [ 9, 7.25, 10, 7.75 ], "texture": "#texture1" },
        "east":  { "uv": [ 6, 7.25, 7, 7.75 ], "texture": "#texture1" }
    }
},
{
    "__comment": "Cube11",
    "from": [ 11.5, 7.75, 9.5 ],
    "to": [ 12.5, 8.25, 10.5 ],
    "faces": {
        "down":  { "uv": [ 4, 6, 5, 7 ], "texture": "#texture1" },
        "up":    { "uv": [ 4, 9, 5, 10 ], "texture": "#texture1" },
        "north": { "uv": [ 11, 7.25, 12, 7.75 ], "texture": "#texture1" },
        "south": { "uv": [ 4, 7.25, 5, 7.75 ], "texture": "#texture1" },
        "west":  { "uv": [ 9, 7.25, 10, 7.75 ], "texture": "#texture1" },
        "east":  { "uv": [ 6, 7.25, 7, 7.75 ], "texture": "#texture1" }
    }
},
{
    "__comment": "Cube11",
    "from": [ 12, 7.5, 6.5 ],
    "to": [ 13, 8, 7.5 ],
    "faces": {
        "down":  { "uv": [ 4, 6, 5, 7 ], "texture": "#texture1" },
        "up":    { "uv": [ 4, 9, 5, 10 ], "texture": "#texture1" },
        "north": { "uv": [ 11, 7.25, 12, 7.75 ], "texture": "#texture1" },
        "south": { "uv": [ 4, 7.25, 5, 7.75 ], "texture": "#texture1" },
        "west":  { "uv": [ 9, 7.25, 10, 7.75 ], "texture": "#texture1" },
        "east":  { "uv": [ 6, 7.25, 7, 7.75 ], "texture": "#texture1" }
    }
},
{
    "__comment": "Voxels",
    "from": [ -0.25, 2, 8 ],
    "to": [ 0, 5.5, 9 ],
    "faces": {
        "down":  { "uv": [ 15.75, 15, 16, 16 ], "texture": "#mesh_atlas" },
        "up":    { "uv": [ 4.25, 9.5, 4.5, 8.5 ], "texture": "#mesh_atlas" },
        "north": { "uv": [ 2.25, 0.75, 2, 4.25 ], "texture": "#mesh_atlas" },
        "south": { "uv": [ 2.25, 0.75, 2.5, 4.25 ], "texture": "#mesh_atlas" },
        "west":  { "uv": [ 0, 10.5, 1, 14 ], "texture": "#mesh_atlas" },
        "east":  { "uv": [ 1, 7, 0, 10.5 ], "texture": "#mesh_atlas" }
    }
},
{
    "__comment": "Voxels",
    "from": [ 0, 0.75, 8 ],
    "to": [ 0.25, 2, 9 ],
    "faces": {
        "down":  { "uv": [ 4.25, 7.5, 4.5, 8.5 ], "texture": "#mesh_atlas" },
        "up":    { "uv": [ 4.25, 5.5, 4.5, 4.5 ], "texture": "#mesh_atlas" },
        "north": { "uv": [ 3.25, 0.75, 3, 2 ], "texture": "#mesh_atlas" },
        "south": { "uv": [ 4, 5.75, 4.25, 7 ], "texture": "#mesh_atlas" },
        "west":  { "uv": [ 1, 8.25, 2, 9.5 ], "texture": "#mesh_atlas" },
        "east":  { "uv": [ 2, 5.75, 1, 7 ], "texture": "#mesh_atlas" }
    }
},
{
    "__comment": "Voxels",
    "from": [ 0, 5.5, 8 ],
    "to": [ 0.25, 6.75, 9 ],
    "faces": {
        "down":  { "uv": [ 4.25, 3.5, 4.5, 4.5 ], "texture": "#mesh_atlas" },
        "up":    { "uv": [ 4.25, 3.5, 4.5, 2.5 ], "texture": "#mesh_atlas" },
        "north": { "uv": [ 4.25, 7, 4, 8.25 ], "texture": "#mesh_atlas" },
        "south": { "uv": [ 3.75, 0.75, 4, 2 ], "texture": "#mesh_atlas" },
        "west":  { "uv": [ 1, 2, 2, 3.25 ], "texture": "#mesh_atlas" },
        "east":  { "uv": [ 2, 0.75, 1, 2 ], "texture": "#mesh_atlas" }
    }
},
{
    "__comment": "Voxels",
    "from": [ 0.25, 0.25, 8 ],
    "to": [ 0.5, 0.75, 9 ],
    "faces": {
        "down":  { "uv": [ 4.25, 1.5, 4.5, 2.5 ], "texture": "#mesh_atlas" },
        "up":    { "uv": [ 4.5, 8.5, 4.75, 7.5 ], "texture": "#mesh_atlas" },
        "north": { "uv": [ 4.75, 0.5, 4.5, 1 ], "texture": "#mesh_atlas" },
        "south": { "uv": [ 4, 0, 4.25, 0.5 ], "texture": "#mesh_atlas" },
        "west":  { "uv": [ 3, 4, 4, 4.5 ], "texture": "#mesh_atlas" },
        "east":  { "uv": [ 4, 3, 3, 3.5 ], "texture": "#mesh_atlas" }
    }
},
{
    "__comment": "Voxels",
    "from": [ 0.25, 6.75, 8 ],
    "to": [ 0.5, 7.5, 9 ],
    "faces": {
        "down":  { "uv": [ 4.5, 6.5, 4.75, 7.5 ], "texture": "#mesh_atlas" },
        "up":    { "uv": [ 4.5, 6.5, 4.75, 5.5 ], "texture": "#mesh_atlas" },
        "north": { "uv": [ 3.75, 0, 3.5, 0.75 ], "texture": "#mesh_atlas" },
        "south": { "uv": [ 3.75, 0, 4, 0.75 ], "texture": "#mesh_atlas" },
        "west":  { "uv": [ 3, 8.75, 4, 9.5 ], "texture": "#mesh_atlas" },
        "east":  { "uv": [ 4, 8, 3, 8.75 ], "texture": "#mesh_atlas" }
    }
},
{
    "__comment": "Voxels",
    "from": [ 0.5, 0, 8 ],
    "to": [ 0.75, 0.25, 9 ],
    "faces": {
        "down":  { "uv": [ 15.25, 15, 15.5, 16 ], "texture": "#mesh_atlas" },
        "up":    { "uv": [ 15.5, 16, 15.75, 15 ], "texture": "#mesh_atlas" },
        "north": { "uv": [ 15.75, 11.75, 15.5, 12 ], "texture": "#mesh_atlas" },
        "south": { "uv": [ 15.25, 11.75, 15.5, 12 ], "texture": "#mesh_atlas" },
        "west":  { "uv": [ 14, 13.75, 15, 14 ], "texture": "#mesh_atlas" },
        "east":  { "uv": [ 16, 13.75, 15, 14 ], "texture": "#mesh_atlas" }
    }
},
{
    "__comment": "Voxels",
    "from": [ 0.5, 5, 4.75 ],
    "to": [ 0.75, 5.5, 5 ],
    "faces": {
        "down":  { "uv": [ 15.75, 12.5, 16, 12.75 ], "texture": "#mesh_atlas" },
        "up":    { "uv": [ 13, 11.25, 13.25, 11 ], "texture": "#mesh_atlas" },
        "north": { "uv": [ 4.75, 2, 4.5, 2.5 ], "texture": "#mesh_atlas" },
        "south": { "uv": [ 4.5, 3.5, 4.75, 4 ], "texture": "#mesh_atlas" },
        "west":  { "uv": [ 4.5, 4, 4.75, 4.5 ], "texture": "#mesh_atlas" },
        "east":  { "uv": [ 5, 7.5, 4.75, 8 ], "texture": "#mesh_atlas" }
    }
},
{
    "__comment": "Voxels",
    "from": [ 0.5, 5, 12 ],
    "to": [ 0.75, 5.5, 12.25 ],
    "faces": {
        "down":  { "uv": [ 14, 11, 14.25, 11.25 ], "texture": "#mesh_atlas" },
        "up":    { "uv": [ 12.75, 11.25, 13, 11 ], "texture": "#mesh_atlas" },
        "north": { "uv": [ 5, 8, 4.75, 8.5 ], "texture": "#mesh_atlas" },
        "south": { "uv": [ 4.5, 0, 4.75, 0.5 ], "texture": "#mesh_atlas" },
        "west":  { "uv": [ 5, 8.5, 5.25, 9 ], "texture": "#mesh_atlas" },
        "east":  { "uv": [ 5.25, 9, 5, 9.5 ], "texture": "#mesh_atlas" }
    }
},
{
    "__comment": "Voxels",
    "from": [ 0.5, 7.5, 8 ],
    "to": [ 1.5, 7.75, 9 ],
    "faces": {
        "down":  { "uv": [ 2, 7.25, 3, 8.25 ], "texture": "#mesh_atlas" },
        "up":    { "uv": [ 2, 7.25, 3, 6.25 ], "texture": "#mesh_atlas" },
        "north": { "uv": [ 15, 13.5, 14, 13.75 ], "texture": "#mesh_atlas" },
        "south": { "uv": [ 15, 13.5, 16, 13.75 ], "texture": "#mesh_atlas" },
        "west":  { "uv": [ 11.25, 11.75, 12.25, 12 ], "texture": "#mesh_atlas" },
        "east":  { "uv": [ 13.25, 11.75, 12.25, 12 ], "texture": "#mesh_atlas" }
    }
},
{
    "__comment": "Voxels",
    "from": [ 0.75, 5, 4.5 ],
    "to": [ 1.75, 5.5, 4.75 ],
    "faces": {
        "down":  { "uv": [ 13.25, 11.75, 14.25, 12 ], "texture": "#mesh_atlas" },
        "up":    { "uv": [ 14.25, 12, 15.25, 11.75 ], "texture": "#mesh_atlas" },
        "north": { "uv": [ 4, 5, 3, 5.5 ], "texture": "#mesh_atlas" },
        "south": { "uv": [ 3, 5.5, 4, 6 ], "texture": "#mesh_atlas" },
        "west":  { "uv": [ 4.5, 1.5, 4.75, 2 ], "texture": "#mesh_atlas" },
        "east":  { "uv": [ 5, 0, 4.75, 0.5 ], "texture": "#mesh_atlas" }
    }
},
{
    "__comment": "Voxels",
    "from": [ 0.75, 5, 12.25 ],
    "to": [ 1.75, 5.5, 12.5 ],
    "faces": {
        "down":  { "uv": [ 11.25, 11.5, 12.25, 11.75 ], "texture": "#mesh_atlas" },
        "up":    { "uv": [ 12.25, 11.75, 13.25, 11.5 ], "texture": "#mesh_atlas" },
        "north": { "uv": [ 4, 3.5, 3, 4 ], "texture": "#mesh_atlas" },
        "south": { "uv": [ 3, 6.5, 4, 7 ], "texture": "#mesh_atlas" },
        "west":  { "uv": [ 4.75, 6, 5, 6.5 ], "texture": "#mesh_atlas" },
        "east":  { "uv": [ 5, 6.5, 4.75, 7 ], "texture": "#mesh_atlas" }
    }
},
{
    "__comment": "Voxels",
    "from": [ 3.5, 8, 8 ],
    "to": [ 12.5, 8.25, 9 ],
    "faces": {
        "down":  { "uv": [ 0, 14, 13, 15 ], "texture": "#mesh_atlas" },
        "up":    { "uv": [ 0, 16, 13, 15 ], "texture": "#mesh_atlas" },
        "north": { "uv": [ 14, 13.5, 1, 13.75 ], "texture": "#mesh_atlas" },
        "south": { "uv": [ 1, 13.75, 14, 14 ], "texture": "#mesh_atlas" },
        "west":  { "uv": [ 14.25, 11.5, 15.25, 11.75 ], "texture": "#mesh_atlas" },
        "east":  { "uv": [ 14.25, 11.5, 13.25, 11.75 ], "texture": "#mesh_atlas" }
    }
},
{
    "__comment": "Voxels",
    "from": [ 1.75, 5, 4.25 ],
    "to": [ 4, 5.5, 4.5 ],
    "faces": {
        "down":  { "uv": [ 11.25, 13.25, 13.5, 13.5 ], "texture": "#mesh_atlas" },
        "up":    { "uv": [ 13.5, 13.5, 15.75, 13.25 ], "texture": "#mesh_atlas" },
        "north": { "uv": [ 15.25, 15, 13, 15.5 ], "texture": "#mesh_atlas" },
        "south": { "uv": [ 13, 14.5, 15.25, 15 ], "texture": "#mesh_atlas" },
        "west":  { "uv": [ 4.75, 8.5, 5, 9 ], "texture": "#mesh_atlas" },
        "east":  { "uv": [ 5, 9, 4.75, 9.5 ], "texture": "#mesh_atlas" }
    }
},
{
    "__comment": "Voxels",
    "from": [ 1.75, 5, 12.5 ],
    "to": [ 4, 5.5, 12.75 ],
    "faces": {
        "down":  { "uv": [ 11.25, 13, 13.5, 13.25 ], "texture": "#mesh_atlas" },
        "up":    { "uv": [ 13.5, 12.25, 15.75, 12 ], "texture": "#mesh_atlas" },
        "north": { "uv": [ 15.25, 15.5, 13, 16 ], "texture": "#mesh_atlas" },
        "south": { "uv": [ 13, 14, 15.25, 14.5 ], "texture": "#mesh_atlas" },
        "west":  { "uv": [ 4.5, 1, 4.75, 1.5 ], "texture": "#mesh_atlas" },
        "east":  { "uv": [ 4.5, 0, 4.25, 0.5 ], "texture": "#mesh_atlas" }
    }
},
{
    "__comment": "Voxels",
    "from": [ 4, 5, 4 ],
    "to": [ 12, 5.25, 4.25 ],
    "faces": {
        "down":  { "uv": [ 1, 9.75, 9, 10 ], "texture": "#mesh_atlas" },
        "up":    { "uv": [ 1, 9.75, 9, 9.5 ], "texture": "#mesh_atlas" },
        "north": { "uv": [ 9, 10.75, 1, 11 ], "texture": "#mesh_atlas" },
        "south": { "uv": [ 1, 11, 9, 11.25 ], "texture": "#mesh_atlas" },
        "west":  { "uv": [ 15.75, 13.25, 16, 13.5 ], "texture": "#mesh_atlas" },
        "east":  { "uv": [ 14, 11, 13.75, 11.25 ], "texture": "#mesh_atlas" }
    }
},
{
    "__comment": "Voxels",
    "from": [ 4, 5, 12.75 ],
    "to": [ 12, 5.25, 13 ],
    "faces": {
        "down":  { "uv": [ 1, 10, 9, 10.25 ], "texture": "#mesh_atlas" },
        "up":    { "uv": [ 1, 10.5, 9, 10.25 ], "texture": "#mesh_atlas" },
        "north": { "uv": [ 9, 11.25, 1, 11.5 ], "texture": "#mesh_atlas" },
        "south": { "uv": [ 1, 10.5, 9, 10.75 ], "texture": "#mesh_atlas" },
        "west":  { "uv": [ 12.5, 11, 12.75, 11.25 ], "texture": "#mesh_atlas" },
        "east":  { "uv": [ 13.75, 11, 13.5, 11.25 ], "texture": "#mesh_atlas" }
    }
},
{
    "__comment": "Voxels",
    "from": [ 4, 5.25, 4.25 ],
    "to": [ 14.25, 5.5, 4.5 ],
    "faces": {
        "down":  { "uv": [ 1, 13.25, 11.25, 13.5 ], "texture": "#mesh_atlas" },
        "up":    { "uv": [ 1, 13.25, 11.25, 13 ], "texture": "#mesh_atlas" },
        "north": { "uv": [ 11.25, 12.5, 1, 12.75 ], "texture": "#mesh_atlas" },
        "south": { "uv": [ 1, 12.75, 11.25, 13 ], "texture": "#mesh_atlas" },
        "west":  { "uv": [ 15.75, 13, 16, 13.25 ], "texture": "#mesh_atlas" },
        "east":  { "uv": [ 16, 12.75, 15.75, 13 ], "texture": "#mesh_atlas" }
    }
},
{
    "__comment": "Voxels",
    "from": [ 4, 5.25, 12.5 ],
    "to": [ 14.25, 5.5, 12.75 ],
    "faces": {
        "down":  { "uv": [ 1, 12, 11.25, 12.25 ], "texture": "#mesh_atlas" },
        "up":    { "uv": [ 1, 12.5, 11.25, 12.25 ], "texture": "#mesh_atlas" },
        "north": { "uv": [ 11.25, 11.75, 1, 12 ], "texture": "#mesh_atlas" },
        "south": { "uv": [ 1, 11.5, 11.25, 11.75 ], "texture": "#mesh_atlas" },
        "west":  { "uv": [ 15.25, 11.5, 15.5, 11.75 ], "texture": "#mesh_atlas" },
        "east":  { "uv": [ 16, 11.75, 15.75, 12 ], "texture": "#mesh_atlas" }
    }
},
{
    "__comment": "Voxels",
    "from": [ 12, 5, 4.25 ],
    "to": [ 14.25, 5.25, 4.5 ],
    "faces": {
        "down":  { "uv": [ 11.25, 12.25, 13.5, 12.5 ], "texture": "#mesh_atlas" },
        "up":    { "uv": [ 11.25, 12.25, 13.5, 12 ], "texture": "#mesh_atlas" },
        "north": { "uv": [ 15.75, 12.25, 13.5, 12.5 ], "texture": "#mesh_atlas" },
        "south": { "uv": [ 13.5, 13, 15.75, 13.25 ], "texture": "#mesh_atlas" },
        "west":  { "uv": [ 15.5, 11.5, 15.75, 11.75 ], "texture": "#mesh_atlas" },
        "east":  { "uv": [ 16, 11.5, 15.75, 11.75 ], "texture": "#mesh_atlas" }
    }
},
{
    "__comment": "Voxels",
    "from": [ 12, 5, 12.5 ],
    "to": [ 14.25, 5.25, 12.75 ],
    "faces": {
        "down":  { "uv": [ 13.5, 12.5, 15.75, 12.75 ], "texture": "#mesh_atlas" },
        "up":    { "uv": [ 11.25, 12.75, 13.5, 12.5 ], "texture": "#mesh_atlas" },
        "north": { "uv": [ 13.5, 12.75, 11.25, 13 ], "texture": "#mesh_atlas" },
        "south": { "uv": [ 13.5, 12.75, 15.75, 13 ], "texture": "#mesh_atlas" },
        "west":  { "uv": [ 14.75, 11, 15, 11.25 ], "texture": "#mesh_atlas" },
        "east":  { "uv": [ 13.5, 11, 13.25, 11.25 ], "texture": "#mesh_atlas" }
    }
},
{
    "__comment": "Voxels",
    "from": [ 14.25, 5, 4.5 ],
    "to": [ 15.25, 5.5, 4.75 ],
    "faces": {
        "down":  { "uv": [ 9, 11.25, 10, 11.5 ], "texture": "#mesh_atlas" },
        "up":    { "uv": [ 10, 11.5, 11, 11.25 ], "texture": "#mesh_atlas" },
        "north": { "uv": [ 4, 7.5, 3, 8 ], "texture": "#mesh_atlas" },
        "south": { "uv": [ 3, 7, 4, 7.5 ], "texture": "#mesh_atlas" },
        "west":  { "uv": [ 4.75, 7, 5, 7.5 ], "texture": "#mesh_atlas" },
        "east":  { "uv": [ 5, 1.5, 4.75, 2 ], "texture": "#mesh_atlas" }
    }
},
{
    "__comment": "Voxels",
    "from": [ 14.25, 5, 12.25 ],
    "to": [ 15.25, 5.5, 12.5 ],
    "faces": {
        "down":  { "uv": [ 11, 11.25, 12, 11.5 ], "texture": "#mesh_atlas" },
        "up":    { "uv": [ 12, 11.5, 13, 11.25 ], "texture": "#mesh_atlas" },
        "north": { "uv": [ 4, 2, 3, 2.5 ], "texture": "#mesh_atlas" },
        "south": { "uv": [ 3, 2.5, 4, 3 ], "texture": "#mesh_atlas" },
        "west":  { "uv": [ 4.5, 3, 4.75, 3.5 ], "texture": "#mesh_atlas" },
        "east":  { "uv": [ 4.75, 2.5, 4.5, 3 ], "texture": "#mesh_atlas" }
    }
},
{
    "__comment": "Voxels",
    "from": [ 14.5, 7.5, 8 ],
    "to": [ 15.5, 7.75, 9 ],
    "faces": {
        "down":  { "uv": [ 2, 5.25, 3, 6.25 ], "texture": "#mesh_atlas" },
        "up":    { "uv": [ 2, 5.25, 3, 4.25 ], "texture": "#mesh_atlas" },
        "north": { "uv": [ 14, 11.25, 13, 11.5 ], "texture": "#mesh_atlas" },
        "south": { "uv": [ 14, 11.25, 15, 11.5 ], "texture": "#mesh_atlas" },
        "west":  { "uv": [ 15, 11.25, 16, 11.5 ], "texture": "#mesh_atlas" },
        "east":  { "uv": [ 10, 11, 9, 11.25 ], "texture": "#mesh_atlas" }
    }
},
{
    "__comment": "Voxels",
    "from": [ 15.25, 0, 8 ],
    "to": [ 15.5, 0.25, 9 ],
    "faces": {
        "down":  { "uv": [ 15.25, 14, 15.5, 15 ], "texture": "#mesh_atlas" },
        "up":    { "uv": [ 4, 4.5, 4.25, 3.5 ], "texture": "#mesh_atlas" },
        "north": { "uv": [ 16, 12.25, 15.75, 12.5 ], "texture": "#mesh_atlas" },
        "south": { "uv": [ 15.75, 12, 16, 12.25 ], "texture": "#mesh_atlas" },
        "west":  { "uv": [ 10, 11, 11, 11.25 ], "texture": "#mesh_atlas" },
        "east":  { "uv": [ 12, 11, 11, 11.25 ], "texture": "#mesh_atlas" }
    }
},
{
    "__comment": "Voxels",
    "from": [ 15.25, 5, 4.75 ],
    "to": [ 15.5, 5.5, 5 ],
    "faces": {
        "down":  { "uv": [ 14.5, 11, 14.75, 11.25 ], "texture": "#mesh_atlas" },
        "up":    { "uv": [ 14.25, 11.25, 14.5, 11 ], "texture": "#mesh_atlas" },
        "north": { "uv": [ 5, 5.5, 4.75, 6 ], "texture": "#mesh_atlas" },
        "south": { "uv": [ 4.75, 5, 5, 5.5 ], "texture": "#mesh_atlas" },
        "west":  { "uv": [ 4.75, 4.5, 5, 5 ], "texture": "#mesh_atlas" },
        "east":  { "uv": [ 5, 4, 4.75, 4.5 ], "texture": "#mesh_atlas" }
    }
},
{
    "__comment": "Voxels",
    "from": [ 15.25, 5, 12 ],
    "to": [ 15.5, 5.5, 12.25 ],
    "faces": {
        "down":  { "uv": [ 12.25, 11, 12.5, 11.25 ], "texture": "#mesh_atlas" },
        "up":    { "uv": [ 12, 11.25, 12.25, 11 ], "texture": "#mesh_atlas" },
        "north": { "uv": [ 5, 3.5, 4.75, 4 ], "texture": "#mesh_atlas" },
        "south": { "uv": [ 4.75, 3, 5, 3.5 ], "texture": "#mesh_atlas" },
        "west":  { "uv": [ 4.75, 2.5, 5, 3 ], "texture": "#mesh_atlas" },
        "east":  { "uv": [ 5, 2, 4.75, 2.5 ], "texture": "#mesh_atlas" }
    }
},
{
    "__comment": "Voxels",
    "from": [ 15.5, 0.25, 8 ],
    "to": [ 15.75, 0.75, 9 ],
    "faces": {
        "down":  { "uv": [ 15.5, 14, 15.75, 15 ], "texture": "#mesh_atlas" },
        "up":    { "uv": [ 15.75, 15, 16, 14 ], "texture": "#mesh_atlas" },
        "north": { "uv": [ 5, 1, 4.75, 1.5 ], "texture": "#mesh_atlas" },
        "south": { "uv": [ 4.75, 0.5, 5, 1 ], "texture": "#mesh_atlas" },
        "west":  { "uv": [ 3, 6, 4, 6.5 ], "texture": "#mesh_atlas" },
        "east":  { "uv": [ 4, 4.5, 3, 5 ], "texture": "#mesh_atlas" }
    }
},
{
    "__comment": "Voxels",
    "from": [ 15.5, 6.75, 8 ],
    "to": [ 15.75, 7.5, 9 ],
    "faces": {
        "down":  { "uv": [ 4.5, 4.5, 4.75, 5.5 ], "texture": "#mesh_atlas" },
        "up":    { "uv": [ 4, 3.5, 4.25, 2.5 ], "texture": "#mesh_atlas" },
        "north": { "uv": [ 3.5, 0, 3.25, 0.75 ], "texture": "#mesh_atlas" },
        "south": { "uv": [ 3, 0, 3.25, 0.75 ], "texture": "#mesh_atlas" },
        "west":  { "uv": [ 2, 0, 3, 0.75 ], "texture": "#mesh_atlas" },
        "east":  { "uv": [ 2, 0, 1, 0.75 ], "texture": "#mesh_atlas" }
    }
},
{
    "__comment": "Voxels",
    "from": [ 15.75, 0.75, 8 ],
    "to": [ 16, 2, 9 ],
    "faces": {
        "down":  { "uv": [ 4, 1.5, 4.25, 2.5 ], "texture": "#mesh_atlas" },
        "up":    { "uv": [ 4, 1.5, 4.25, 0.5 ], "texture": "#mesh_atlas" },
        "north": { "uv": [ 3.5, 0.75, 3.25, 2 ], "texture": "#mesh_atlas" },
        "south": { "uv": [ 3.5, 0.75, 3.75, 2 ], "texture": "#mesh_atlas" },
        "west":  { "uv": [ 2, 8.25, 3, 9.5 ], "texture": "#mesh_atlas" },
        "east":  { "uv": [ 2, 3.25, 1, 4.5 ], "texture": "#mesh_atlas" }
    }
},
{
    "__comment": "Voxels",
    "from": [ 15.75, 5.5, 8 ],
    "to": [ 16, 6.75, 9 ],
    "faces": {
        "down":  { "uv": [ 4.25, 6.5, 4.5, 7.5 ], "texture": "#mesh_atlas" },
        "up":    { "uv": [ 4.25, 6.5, 4.5, 5.5 ], "texture": "#mesh_atlas" },
        "north": { "uv": [ 4.25, 8.25, 4, 9.5 ], "texture": "#mesh_atlas" },
        "south": { "uv": [ 4, 4.5, 4.25, 5.75 ], "texture": "#mesh_atlas" },
        "west":  { "uv": [ 1, 4.5, 2, 5.75 ], "texture": "#mesh_atlas" },
        "east":  { "uv": [ 2, 7, 1, 8.25 ], "texture": "#mesh_atlas" }
    }
},
{
    "__comment": "Voxels",
    "from": [ 16, 2, 8 ],
    "to": [ 16.25, 5.5, 9 ],
    "faces": {
        "down":  { "uv": [ 4.25, 0.5, 4.5, 1.5 ], "texture": "#mesh_atlas" },
        "up":    { "uv": [ 4.5, 9.5, 4.75, 8.5 ], "texture": "#mesh_atlas" },
        "north": { "uv": [ 3, 0.75, 2.75, 4.25 ], "texture": "#mesh_atlas" },
        "south": { "uv": [ 2.5, 0.75, 2.75, 4.25 ], "texture": "#mesh_atlas" },
        "west":  { "uv": [ 0, 0, 1, 3.5 ], "texture": "#mesh_atlas" },
        "east":  { "uv": [ 1, 3.5, 0, 7 ], "texture": "#mesh_atlas" }
    }
},
{
    "__comment": "Voxels*",
    "from": [ 1.5, 7.75, 8 ],
    "to": [ 14.5, 8, 9 ],
    "faces": {
        "down":  { "uv": [ 0, 14, 13, 15 ], "texture": "#mesh_atlas" },
        "up":    { "uv": [ 0, 16, 13, 15 ], "texture": "#mesh_atlas" },
        "north": { "uv": [ 14, 13.5, 1, 13.75 ], "texture": "#mesh_atlas" },
        "south": { "uv": [ 1, 13.75, 14, 14 ], "texture": "#mesh_atlas" },
        "west":  { "uv": [ 14.25, 11.5, 15.25, 11.75 ], "texture": "#mesh_atlas" },
        "east":  { "uv": [ 14.25, 11.5, 13.25, 11.75 ], "texture": "#mesh_atlas" }
    }
}
]
}