{
	"__comment": "Разработано специально для Hard-Days.SU  ::  If you steal our models - you PIDOR!",
"ambientocclusion": false,
"textures": {
    "particle": "blocks/rail_activator_powered",
    "texture": "blocks/rail_activator_powered",
    "quartz_block_top": "blocks/quartz_block_top"
},
"elements": [ 
{
    "__comment": "Panel",
    "from": [ 0, -1, -0.5 ],
    "to": [ 16, 0.5, 22.13 ],
    "rotation": { "origin": [ 0, 0.5, -0.5 ], "axis": "x", "angle": -45 },
    "faces": {
        "down":  { "uv": [ 0, 16, 16, 0 ], "texture": "#quartz_block_top" },
        "up":    { "uv": [ 0, 0, 16, 16 ], "texture": "#texture" },
        "north": { "uv": [ 16, 0, 0, 0.5 ], "texture": "#texture" },
        "south": { "uv": [ 0, 16, 16, 15.5 ], "texture": "#texture" },
        "west":  { "uv": [ 0, 0, 0.5, 16 ], "rotation": 270, "texture": "#texture" },
        "east":  { "uv": [ 16, 0, 15.5, 16 ], "rotation": 90, "texture": "#texture" }
    }
}
]
}