{
	"__comment": "Разработано специально для Hard-Days.SU  ::  If you steal our models - you PIDOR!",
"ambientocclusion": false,
"textures": {
    "particle": "blocks/bed_feet_top",
    "top": "blocks/bed_feet_top",
    "end": "blocks/bed_feet_end",
    "side": "blocks/bed_feet_side",
    "bottom": "blocks/planks_big_oak"
},
"elements": [ 
{
    "from": [ 0, 3, 0 ],
    "to": [ 16, 4.5, 16 ],
    "faces": {
        "down":  { "uv": [ 0, 16, 16, 0 ], "texture": "#bottom" },
        "up":    { "uv": [ 0, 0, 16, 16 ], "texture": "#top" },
        "north": { "uv": [ 0, 11.5, 16, 13 ], "texture": "#end" },
        "west":  { "uv": [ 0, 11.5, 16, 13 ], "texture": "#side" },
        "east":  { "uv": [ 16, 11.5, 0, 13 ], "texture": "#side" }
    }
},
{
    "from": [ 0.5, 4.5, 0.5 ],
    "to": [ 15.5, 5, 16 ],
    "faces": {
        "down":  { "uv": [ 0.5, 16, 15.5, 0.5 ], "texture": "#bottom" },
        "up":    { "uv": [ 0.5, 0.5, 15.5, 16 ], "texture": "#top" },
        "north": { "uv": [ 0.5, 11, 15.5, 11.5 ], "texture": "#end" },
        "west":  { "uv": [ 0.5, 11, 16, 11.5 ], "texture": "#side" },
        "east":  { "uv": [ 0, 11, 15.5, 11.5 ], "texture": "#side" }
    }
},
{
    "from": [ 0, 5, 0 ],
    "to": [ 16, 9, 16 ],
    "faces": {
        "down":  { "uv": [ 0, 16, 16, 0 ], "texture": "#top" },
        "up":    { "uv": [ 0, 0, 16, 16 ], "texture": "#top" },
        "north": { "uv": [ 0, 7, 16, 11 ], "texture": "#end" },
        "west":  { "uv": [ 0, 7, 16, 11 ], "texture": "#side" },
        "east":  { "uv": [ 16, 7, 0, 11 ], "texture": "#side" }
    }
},
{
    "from": [ 12, 2.5, 0 ],
    "to": [ 16, 3, 4 ],
    "faces": {
        "down":  { "uv": [ 0, 4, 4, 0 ], "rotation": 270, "texture": "#bottom" },
        "up":    { "uv": [ 0, 0, 4, 4 ], "rotation": 90, "texture": "#up" },
        "north": { "uv": [ 0, 13, 4, 13.5 ], "texture": "#side" },
        "south": { "uv": [ 0, 13, 4, 13.5 ], "texture": "#side" },
        "west":  { "uv": [ 0, 13, 4, 13.5 ], "texture": "#end" },
        "east":  { "uv": [ 4, 13, 0, 13.5 ], "texture": "#end" }
    }
},
{
    "from": [ 12.5, 2, 0 ],
    "to": [ 16, 2.5, 3.5 ],
    "faces": {
        "down":  { "uv": [ 0, 3.5, 3.5, 0 ], "rotation": 270, "texture": "#bottom" },
        "up":    { "uv": [ 0, 0, 3.5, 3.5 ], "rotation": 90, "texture": "#up" },
        "north": { "uv": [ 0, 13.5, 3.5, 14 ], "texture": "#side" },
        "south": { "uv": [ 0, 13.5, 3.5, 14 ], "texture": "#side" },
        "west":  { "uv": [ 0, 13.5, 3.5, 14 ], "texture": "#end" },
        "east":  { "uv": [ 12.5, 13.5, 16, 14 ], "texture": "#end" }
    }
},
{
    "from": [ 13, 0, 0 ],
    "to": [ 16, 2, 3 ],
    "faces": {
        "down":  { "uv": [ 0, 3, 3, 0 ], "rotation": 270, "texture": "#bottom" },
        "up":    { "uv": [ 0, 0, 3, 3 ], "rotation": 90, "texture": "#up" },
        "north": { "uv": [ 0, 14, 3, 16 ], "texture": "#side" },
        "south": { "uv": [ 0, 14, 3, 16 ], "texture": "#side" },
        "west":  { "uv": [ 0, 14, 3, 16 ], "texture": "#end" },
        "east":  { "uv": [ 13, 14, 16, 16 ], "texture": "#end" }
    }
},
{
    "from": [ 0, 2.5, 0 ],
    "to": [ 4, 3, 4 ],
    "faces": {
        "down":  { "uv": [ 0, 4, 4, 0 ], "texture": "#bottom" },
        "up":    { "uv": [ 0, 0, 4, 4 ], "texture": "#up" },
        "north": { "uv": [ 12, 13, 16, 13.5 ], "texture": "#end" },
        "south": { "uv": [ 0, 13, 4, 13.5 ], "texture": "#end" },
        "west":  { "uv": [ 0, 13, 4, 13.5 ], "texture": "#side" },
        "east":  { "uv": [ 0, 13, 4, 13.5 ], "texture": "#side" }
    }
},
{
    "from": [ 0, 2, 0 ],
    "to": [ 3.5, 3, 3.5 ],
    "faces": {
        "down":  { "uv": [ 0, 3.5, 3.5, 0 ], "texture": "#bottom" },
        "up":    { "uv": [ 0, 0, 3.5, 3.5 ], "texture": "#up" },
        "north": { "uv": [ 12.5, 13, 16, 14 ], "texture": "#end" },
        "south": { "uv": [ 0, 13, 3.5, 14 ], "texture": "#end" },
        "west":  { "uv": [ 0, 13, 3.5, 14 ], "texture": "#side" },
        "east":  { "uv": [ 0, 13, 3.5, 14 ], "texture": "#side" }
    }
},
{
    "from": [ 0, 0, 0 ],
    "to": [ 3, 3, 3 ],
    "faces": {
        "down":  { "uv": [ 0, 3, 3, 0 ], "texture": "#bottom" },
        "up":    { "uv": [ 0, 0, 3, 3 ], "texture": "#up" },
        "north": { "uv": [ 13, 13, 16, 16 ], "texture": "#end" },
        "south": { "uv": [ 0, 13, 3, 16 ], "texture": "#end" },
        "west":  { "uv": [ 0, 13, 3, 16 ], "texture": "#side" },
        "east":  { "uv": [ 0, 13, 3, 16 ], "texture": "#side" }
    }
}
]
}