{
	"__comment": "Разработано специально для Hard-Days.SU  ::  If you steal our models - you PIDOR!",
"ambientocclusion": false,
"textures": {
    "particle": "blocks/bed_feet_top",
    "top": "blocks/bed_head_top",
    "end": "blocks/bed_head_end",
    "side": "blocks/bed_head_side",
    "bottom": "blocks/planks_big_oak"
},
"elements": [ 
{
    "from": [ 13, 0, 13 ],
    "to": [ 16, 2, 16 ],
    "faces": {
        "down":  { "uv": [ 0, 3, 3, 0 ], "rotation": 180, "texture": "#bottom" },
        "up":    { "uv": [ 0, 0, 3, 3 ], "rotation": 180, "texture": "#up" },
        "north": { "uv": [ 13, 14, 16, 16 ], "texture": "#end" },
        "south": { "uv": [ 13, 14, 16, 16 ], "texture": "#end" },
        "west":  { "uv": [ 13, 14, 16, 16 ], "texture": "#side" },
        "east":  { "uv": [ 16, 14, 13, 16 ], "texture": "#side" }
    }
},
{
    "from": [ 12.5, 2, 12.5 ],
    "to": [ 16, 2.5, 16 ],
    "faces": {
        "down":  { "uv": [ 0, 3.5, 3.5, 0 ], "rotation": 180, "texture": "#bottom" },
        "up":    { "uv": [ 0, 0, 3.5, 3.5 ], "rotation": 180, "texture": "#up" },
        "north": { "uv": [ 12.5, 13.5, 16, 14 ], "texture": "#end" },
        "south": { "uv": [ 12.5, 13.5, 16, 14 ], "texture": "#end" },
        "west":  { "uv": [ 12.5, 13.5, 16, 14 ], "texture": "#side" },
        "east":  { "uv": [ 16, 13.5, 12.5, 14 ], "texture": "#side" }
    }
},
{
    "from": [ 12, 2.5, 12 ],
    "to": [ 16, 3, 16 ],
    "faces": {
        "down":  { "uv": [ 0, 4, 4, 0 ], "rotation": 180, "texture": "#bottom" },
        "up":    { "uv": [ 0, 0, 4, 4 ], "rotation": 180, "texture": "#up" },
        "north": { "uv": [ 12, 13, 16, 13.5 ], "texture": "#end" },
        "south": { "uv": [ 12, 13, 16, 13.5 ], "texture": "#end" },
        "west":  { "uv": [ 12, 13, 16, 13.5 ], "texture": "#side" },
        "east":  { "uv": [ 16, 13, 12, 13.5 ], "texture": "#side" }
    }
},
{
    "from": [ 0, 0, 13 ],
    "to": [ 3, 2, 16 ],
    "faces": {
        "down":  { "uv": [ 0, 16, 3, 13 ], "texture": "#bottom" },
        "up":    { "uv": [ 0, 13, 3, 16 ], "texture": "#up" },
        "north": { "uv": [ 13, 14, 16, 16 ], "texture": "#end" },
        "south": { "uv": [ 0, 14, 3, 16 ], "texture": "#end" },
        "west":  { "uv": [ 13, 14, 16, 16 ], "texture": "#end" },
        "east":  { "uv": [ 16, 14, 13, 16 ], "texture": "#end" }
    }
},
{
    "from": [ 0, 2, 12.5 ],
    "to": [ 3.5, 2.5, 16 ],
    "faces": {
        "down":  { "uv": [ 0, 3.5, 3.5, 0 ], "rotation": 90, "texture": "#bottom" },
        "up":    { "uv": [ 3, 5.5, 6.5, 9 ], "rotation": 270, "texture": "#up" },
        "north": { "uv": [ 0, 13.5, 3.5, 14 ], "texture": "#end" },
        "south": { "uv": [ 0, 13.5, 3.5, 14 ], "texture": "#end" },
        "west":  { "uv": [ 12.5, 13.5, 16, 14 ], "texture": "#side" },
        "east":  { "uv": [ 16, 13.5, 12.5, 14 ], "texture": "#side" }
    }
},
{
    "from": [ 0, 2.5, 12 ],
    "to": [ 4, 3, 16 ],
    "faces": {
        "down":  { "uv": [ 0, 4, 4, 0 ], "rotation": 90, "texture": "#bottom" },
        "up":    { "uv": [ 5.5, 9, 9.5, 13 ], "rotation": 270, "texture": "#up" },
        "north": { "uv": [ 0, 13, 4, 13.5 ], "texture": "#end" },
        "south": { "uv": [ 0, 13, 4, 13.5 ], "texture": "#end" },
        "west":  { "uv": [ 12, 13, 16, 13.5 ], "texture": "#side" },
        "east":  { "uv": [ 16, 13, 12, 13.5 ], "texture": "#side" }
    }
},
{
    "from": [ 0, 5, 0 ],
    "to": [ 16, 9, 6 ],
    "faces": {
        "down":  { "uv": [ 0, 16, 6, 0 ], "texture": "#top" },
        "up":    { "uv": [ 0, 0, 6, 16 ], "rotation": 90, "texture": "#top" },
        "south": { "uv": [ 0, 0, 5.5, 16 ], "rotation": 90, "texture": "#top" },
        "west":  { "uv": [ 0, 7, 6, 11 ], "texture": "#side" },
        "east":  { "uv": [ 0, 7, 6, 11 ], "texture": "#side" }
    }
},
{
    "from": [ 0.5, 4.5, 0 ],
    "to": [ 15.5, 5, 15.5 ],
    "faces": {
        "south": { "uv": [ 0.5, 11, 15.5, 11.5 ], "texture": "#end" },
        "west":  { "uv": [ 0, 11, 15.5, 11.5 ], "texture": "#side" },
        "east":  { "uv": [ 0.5, 11, 16, 11.5 ], "texture": "#side" }
    }
},
{
    "from": [ 0, 3, 0 ],
    "to": [ 16, 4.5, 16 ],
    "faces": {
        "down":  { "uv": [ 0, 16, 16, 0 ], "rotation": 180, "texture": "#bottom" },
        "up":    { "uv": [ 0, 0, 16, 16 ], "rotation": 180, "texture": "#bottom" },
        "south": { "uv": [ 0, 11.5, 16, 13 ], "texture": "#end" },
        "west":  { "uv": [ 0, 11.5, 16, 13 ], "texture": "#side" },
        "east":  { "uv": [ 16, 11.5, 0, 13 ], "texture": "#side" }
    }
},
{
    "from": [ 0.5, 5, 6 ],
    "to": [ 15.5, 8.5, 15.5 ],
    "faces": {
        "down":  { "uv": [ 0, 6, 16, 0 ], "texture": "#top" },
        "up":    { "uv": [ 6, 0, 16, 16 ], "rotation": 90, "texture": "#top" },
        "south": { "uv": [ 0, 7, 16, 11 ], "texture": "#end" },
        "west":  { "uv": [ 6, 7, 16, 11 ], "texture": "#side" },
        "east":  { "uv": [ 6, 7, 16, 11 ], "texture": "#side" }
    }
},
{
    "from": [ 1.5, 8.5, 6 ],
    "to": [ 15.5, 9, 6.5 ],
    "faces": {
        "down":  { "uv": [ 0, 6, 16, 0 ], "texture": "#top" },
        "up":    { "uv": [ 6, 0.5, 6.5, 15 ], "rotation": 90, "texture": "#top" },
        "south": { "uv": [ 0, 0, 0.5, 16 ], "rotation": 90, "texture": "#top" },
        "west":  { "uv": [ 4, 7, 4.5, 7.5 ], "texture": "#side" },
        "east":  { "uv": [ 1.5, 7, 2, 7.5 ], "texture": "#side" }
    }
},
{
    "from": [ 3, 8.5, 6.5 ],
    "to": [ 5, 9, 7 ],
    "faces": {
        "down":  { "uv": [ 0, 6, 16, 0 ], "texture": "#top" },
        "up":    { "uv": [ 5.5, 7.5, 6, 9.5 ], "rotation": 90, "texture": "#top" },
        "south": { "uv": [ 0.5, 6.5, 1, 8.5 ], "rotation": 90, "texture": "#top" },
        "west":  { "uv": [ 2.5, 7, 3, 7.5 ], "texture": "#side" },
        "east":  { "uv": [ 3.5, 7, 4, 7.5 ], "texture": "#side" }
    }
},
{
    "from": [ 9, 8.5, 6.5 ],
    "to": [ 15, 9, 7 ],
    "faces": {
        "down":  { "uv": [ 0, 6, 16, 0 ], "texture": "#top" },
        "up":    { "uv": [ 0, 9, 0.5, 3 ], "rotation": 90, "texture": "#top" },
        "south": { "uv": [ 0, 0, 0.5, 6 ], "rotation": 90, "texture": "#top" },
        "west":  { "uv": [ 3.5, 7, 4, 7.5 ], "texture": "#side" },
        "east":  { "uv": [ 3, 7, 3.5, 7.5 ], "texture": "#side" }
    }
},
{
    "from": [ 2, 9, 8.5 ],
    "to": [ 14, 9.5, 14.5 ],
    "faces": {
        "down":  { "uv": [ 1.5, 14.5, 14.5, 8 ], "texture": "#top" },
        "up":    { "uv": [ 7.5, 1.5, 15, 15 ], "rotation": 90, "texture": "#top" },
        "north": { "uv": [ 1.5, 7, 14.5, 7.5 ], "texture": "#end" },
        "south": { "uv": [ 1.5, 7, 14.5, 7.5 ], "texture": "#end" },
        "west":  { "uv": [ 8, 7, 14.5, 7.5 ], "texture": "#side" },
        "east":  { "uv": [ 8, 7, 14.5, 7.5 ], "texture": "#side" }
    }
},
{
    "from": [ 1.5, 8.5, 8 ],
    "to": [ 14.5, 9, 15 ],
    "faces": {
        "down":  { "uv": [ 1.5, 14.5, 14.5, 8 ], "texture": "#top" },
        "up":    { "uv": [ 7.5, 1.5, 15, 15 ], "rotation": 90, "texture": "#top" },
        "north": { "uv": [ 1.5, 7, 14.5, 7.5 ], "texture": "#end" },
        "south": { "uv": [ 1.5, 7, 14.5, 7.5 ], "texture": "#end" },
        "west":  { "uv": [ 8, 7, 14.5, 7.5 ], "texture": "#side" },
        "east":  { "uv": [ 8, 7, 14.5, 7.5 ], "texture": "#side" }
    }
}
]
}