{
	"__comment": "Разработано специально для Hard-Days.SU  ::  If you steal our models - you PIDOR!",
"ambientocclusion": false,
"textures": {
    "particle": "blocks/daylight_detector_top",
    "side": "blocks/daylight_detector_side",
    "top": "blocks/daylight_detector_inverted_top",
    "anvil_base": "blocks/hopper_outside"
},
"elements": [ 
{
    "from": [ 0, 0, 0 ],
    "to": [ 16, 6, 16 ],
    "faces": {
        "down":  { "uv": [ 0, 0, 16, 16 ], "texture": "#side", "cullface": "down" },
        "up":    { "uv": [ 0, 0, 16, 16 ], "texture": "#top" },
        "north": { "uv": [ 0, 8, 16, 16 ], "texture": "#side", "cullface": "north" },
        "south": { "uv": [ 0, 8, 16, 16 ], "texture": "#side", "cullface": "south" },
        "west":  { "uv": [ 0, 8, 16, 16 ], "texture": "#side", "cullface": "west" },
        "east":  { "uv": [ 0, 8, 16, 16 ], "texture": "#side", "cullface": "east" }
    }
},
{
    "from": [ 0.5, 6, 0.5 ],
    "to": [ 1.5, 6.5, 1.5 ],
    "faces": {
        "down":  { "uv": [ 15.5, 1.5, 14.5, 0.5 ], "texture": "#side", "cullface": "down" },
        "up":    { "uv": [ 0.5, 0.5, 1.5, 1.5 ], "texture": "#top" },
        "north": { "uv": [ 14.5, 9.5, 15.5, 10 ], "texture": "#anvil_base", "cullface": "north" },
        "south": { "uv": [ 0.5, 9.5, 1.5, 10 ], "texture": "#anvil_base", "cullface": "south" },
        "west":  { "uv": [ 0.5, 9.5, 1.5, 10 ], "texture": "#anvil_base", "cullface": "west" },
        "east":  { "uv": [ 14.5, 9.5, 15.5, 10 ], "texture": "#anvil_base", "cullface": "east" }
    }
},
{
    "from": [ 0.5, 6, 6.5 ],
    "to": [ 1.5, 6.5, 7.5 ],
    "faces": {
        "down":  { "uv": [ 15.5, 7.5, 14.5, 6.5 ], "texture": "#side", "cullface": "down" },
        "up":    { "uv": [ 0.5, 6.5, 1.5, 7.5 ], "texture": "#top" },
        "north": { "uv": [ 14.5, 9.5, 15.5, 10 ], "texture": "#anvil_base", "cullface": "north" },
        "south": { "uv": [ 0.5, 9.5, 1.5, 10 ], "texture": "#anvil_base", "cullface": "south" },
        "west":  { "uv": [ 6.5, 9.5, 7.5, 10 ], "texture": "#anvil_base", "cullface": "west" },
        "east":  { "uv": [ 8.5, 9.5, 9.5, 10 ], "texture": "#anvil_base", "cullface": "east" }
    }
},
{
    "from": [ 0.5, 6, 8.5 ],
    "to": [ 1.5, 6.5, 9.5 ],
    "faces": {
        "down":  { "uv": [ 15.5, 9.5, 14.5, 8.5 ], "texture": "#side", "cullface": "down" },
        "up":    { "uv": [ 0.5, 8.5, 1.5, 9.5 ], "texture": "#top" },
        "north": { "uv": [ 14.5, 9.5, 15.5, 10 ], "texture": "#anvil_base", "cullface": "north" },
        "south": { "uv": [ 0.5, 9.5, 1.5, 10 ], "texture": "#anvil_base", "cullface": "south" },
        "west":  { "uv": [ 8.5, 9.5, 9.5, 10 ], "texture": "#anvil_base", "cullface": "west" },
        "east":  { "uv": [ 6.5, 9.5, 7.5, 10 ], "texture": "#anvil_base", "cullface": "east" }
    }
},
{
    "from": [ 0.5, 6, 14.5 ],
    "to": [ 1.5, 6.5, 15.5 ],
    "faces": {
        "down":  { "uv": [ 15.5, 15.5, 14.5, 14.5 ], "texture": "#side", "cullface": "down" },
        "up":    { "uv": [ 0.5, 14.5, 1.5, 15.5 ], "texture": "#top" },
        "north": { "uv": [ 14.5, 9.5, 15.5, 10 ], "texture": "#anvil_base", "cullface": "north" },
        "south": { "uv": [ 0.5, 9.5, 1.5, 10 ], "texture": "#anvil_base", "cullface": "south" },
        "west":  { "uv": [ 14.5, 9.5, 15.5, 10 ], "texture": "#anvil_base", "cullface": "west" },
        "east":  { "uv": [ 0.5, 9.5, 1.5, 10 ], "texture": "#anvil_base", "cullface": "east" }
    }
},
{
    "from": [ 6.5, 6, 14.5 ],
    "to": [ 7.5, 6.5, 15.5 ],
    "faces": {
        "down":  { "uv": [ 9.5, 15.5, 8.5, 14.5 ], "texture": "#side", "cullface": "down" },
        "up":    { "uv": [ 6.5, 14.5, 7.5, 15.5 ], "texture": "#top" },
        "north": { "uv": [ 8.5, 9.5, 9.5, 10 ], "texture": "#anvil_base", "cullface": "north" },
        "south": { "uv": [ 6.5, 9.5, 7.5, 10 ], "texture": "#anvil_base", "cullface": "south" },
        "west":  { "uv": [ 14.5, 9.5, 15.5, 10 ], "texture": "#anvil_base", "cullface": "west" },
        "east":  { "uv": [ 0.5, 9.5, 1.5, 10 ], "texture": "#anvil_base", "cullface": "east" }
    }
},
{
    "from": [ 6.5, 6, 8.5 ],
    "to": [ 7.5, 6.5, 9.5 ],
    "faces": {
        "down":  { "uv": [ 9.5, 9.5, 8.5, 8.5 ], "texture": "#side", "cullface": "down" },
        "up":    { "uv": [ 6.5, 8.5, 7.5, 9.5 ], "texture": "#top" },
        "north": { "uv": [ 8.5, 9.5, 9.5, 10 ], "texture": "#anvil_base", "cullface": "north" },
        "south": { "uv": [ 6.5, 9.5, 7.5, 10 ], "texture": "#anvil_base", "cullface": "south" },
        "west":  { "uv": [ 8.5, 9.5, 9.5, 10 ], "texture": "#anvil_base", "cullface": "west" },
        "east":  { "uv": [ 6.5, 9.5, 7.5, 10 ], "texture": "#anvil_base", "cullface": "east" }
    }
},
{
    "from": [ 6.5, 6, 6.5 ],
    "to": [ 7.5, 6.5, 7.5 ],
    "faces": {
        "down":  { "uv": [ 9.5, 7.5, 8.5, 6.5 ], "texture": "#side", "cullface": "down" },
        "up":    { "uv": [ 6.5, 6.5, 7.5, 7.5 ], "texture": "#top" },
        "north": { "uv": [ 8.5, 9.5, 9.5, 10 ], "texture": "#anvil_base", "cullface": "north" },
        "south": { "uv": [ 6.5, 9.5, 7.5, 10 ], "texture": "#anvil_base", "cullface": "south" },
        "west":  { "uv": [ 6.5, 9.5, 7.5, 10 ], "texture": "#anvil_base", "cullface": "west" },
        "east":  { "uv": [ 8.5, 9.5, 9.5, 10 ], "texture": "#anvil_base", "cullface": "east" }
    }
},
{
    "from": [ 6.5, 6, 0.5 ],
    "to": [ 7.5, 6.5, 1.5 ],
    "faces": {
        "down":  { "uv": [ 9.5, 1.5, 8.5, 0.5 ], "texture": "#side", "cullface": "down" },
        "up":    { "uv": [ 6.5, 0.5, 7.5, 1.5 ], "texture": "#top" },
        "north": { "uv": [ 8.5, 9.5, 9.5, 10 ], "texture": "#anvil_base", "cullface": "north" },
        "south": { "uv": [ 6.5, 9.5, 7.5, 10 ], "texture": "#anvil_base", "cullface": "south" },
        "west":  { "uv": [ 0.5, 9.5, 1.5, 10 ], "texture": "#anvil_base", "cullface": "west" },
        "east":  { "uv": [ 14.5, 9.5, 15.5, 10 ], "texture": "#anvil_base", "cullface": "east" }
    }
},
{
    "from": [ 8.5, 6, 0.5 ],
    "to": [ 9.5, 6.5, 1.5 ],
    "faces": {
        "down":  { "uv": [ 7.5, 1.5, 6.5, 0.5 ], "texture": "#side", "cullface": "down" },
        "up":    { "uv": [ 8.5, 0.5, 9.5, 1.5 ], "texture": "#top" },
        "north": { "uv": [ 6.5, 9.5, 7.5, 10 ], "texture": "#anvil_base", "cullface": "north" },
        "south": { "uv": [ 8.5, 9.5, 9.5, 10 ], "texture": "#anvil_base", "cullface": "south" },
        "west":  { "uv": [ 0.5, 9.5, 1.5, 10 ], "texture": "#anvil_base", "cullface": "west" },
        "east":  { "uv": [ 14.5, 9.5, 15.5, 10 ], "texture": "#anvil_base", "cullface": "east" }
    }
},
{
    "from": [ 8.5, 6, 6.5 ],
    "to": [ 9.5, 6.5, 7.5 ],
    "faces": {
        "down":  { "uv": [ 7.5, 7.5, 6.5, 6.5 ], "texture": "#side", "cullface": "down" },
        "up":    { "uv": [ 8.5, 6.5, 9.5, 7.5 ], "texture": "#top" },
        "north": { "uv": [ 6.5, 9.5, 7.5, 10 ], "texture": "#anvil_base", "cullface": "north" },
        "south": { "uv": [ 8.5, 9.5, 9.5, 10 ], "texture": "#anvil_base", "cullface": "south" },
        "west":  { "uv": [ 6.5, 9.5, 7.5, 10 ], "texture": "#anvil_base", "cullface": "west" },
        "east":  { "uv": [ 8.5, 9.5, 9.5, 10 ], "texture": "#anvil_base", "cullface": "east" }
    }
},
{
    "from": [ 8.5, 6, 8.5 ],
    "to": [ 9.5, 6.5, 9.5 ],
    "faces": {
        "down":  { "uv": [ 7.5, 9.5, 6.5, 8.5 ], "texture": "#side", "cullface": "down" },
        "up":    { "uv": [ 8.5, 8.5, 9.5, 9.5 ], "texture": "#top" },
        "north": { "uv": [ 6.5, 9.5, 7.5, 10 ], "texture": "#anvil_base", "cullface": "north" },
        "south": { "uv": [ 8.5, 9.5, 9.5, 10 ], "texture": "#anvil_base", "cullface": "south" },
        "west":  { "uv": [ 8.5, 9.5, 9.5, 10 ], "texture": "#anvil_base", "cullface": "west" },
        "east":  { "uv": [ 6.5, 9.5, 7.5, 10 ], "texture": "#anvil_base", "cullface": "east" }
    }
},
{
    "from": [ 14.5, 6, 8.5 ],
    "to": [ 15.5, 6.5, 9.5 ],
    "faces": {
        "down":  { "uv": [ 1.5, 9.5, 0.5, 8.5 ], "texture": "#side", "cullface": "down" },
        "up":    { "uv": [ 14.5, 8.5, 15.5, 9.5 ], "texture": "#top" },
        "north": { "uv": [ 0.5, 9.5, 1.5, 10 ], "texture": "#anvil_base", "cullface": "north" },
        "south": { "uv": [ 14.5, 9.5, 15.5, 10 ], "texture": "#anvil_base", "cullface": "south" },
        "west":  { "uv": [ 8.5, 9.5, 9.5, 10 ], "texture": "#anvil_base", "cullface": "west" },
        "east":  { "uv": [ 6.5, 9.5, 7.5, 10 ], "texture": "#anvil_base", "cullface": "east" }
    }
},
{
    "from": [ 8.5, 6, 14.5 ],
    "to": [ 9.5, 6.5, 15.5 ],
    "faces": {
        "down":  { "uv": [ 7.5, 15.5, 6.5, 14.5 ], "texture": "#side", "cullface": "down" },
        "up":    { "uv": [ 8.5, 14.5, 9.5, 15.5 ], "texture": "#top" },
        "north": { "uv": [ 6.5, 9.5, 7.5, 10 ], "texture": "#anvil_base", "cullface": "north" },
        "south": { "uv": [ 8.5, 9.5, 9.5, 10 ], "texture": "#anvil_base", "cullface": "south" },
        "west":  { "uv": [ 14.5, 9.5, 15.5, 10 ], "texture": "#anvil_base", "cullface": "west" },
        "east":  { "uv": [ 0.5, 9.5, 1.5, 10 ], "texture": "#anvil_base", "cullface": "east" }
    }
},
{
    "from": [ 14.5, 6, 14.5 ],
    "to": [ 15.5, 6.5, 15.5 ],
    "faces": {
        "down":  { "uv": [ 1.5, 15.5, 0.5, 14.5 ], "texture": "#side", "cullface": "down" },
        "up":    { "uv": [ 14.5, 14.5, 15.5, 15.5 ], "texture": "#top" },
        "north": { "uv": [ 0.5, 9.5, 1.5, 10 ], "texture": "#anvil_base", "cullface": "north" },
        "south": { "uv": [ 14.5, 9.5, 15.5, 10 ], "texture": "#anvil_base", "cullface": "south" },
        "west":  { "uv": [ 14.5, 9.5, 15.5, 10 ], "texture": "#anvil_base", "cullface": "west" },
        "east":  { "uv": [ 0.5, 9.5, 1.5, 10 ], "texture": "#anvil_base", "cullface": "east" }
    }
},
{
    "from": [ 14.5, 6, 6.5 ],
    "to": [ 15.5, 6.5, 7.5 ],
    "faces": {
        "down":  { "uv": [ 1.5, 7.5, 0.5, 6.5 ], "texture": "#side", "cullface": "down" },
        "up":    { "uv": [ 14.5, 6.5, 15.5, 7.5 ], "texture": "#top" },
        "north": { "uv": [ 0.5, 9.5, 1.5, 10 ], "texture": "#anvil_base", "cullface": "north" },
        "south": { "uv": [ 14.5, 9.5, 15.5, 10 ], "texture": "#anvil_base", "cullface": "south" },
        "west":  { "uv": [ 6.5, 9.5, 7.5, 10 ], "texture": "#anvil_base", "cullface": "west" },
        "east":  { "uv": [ 8.5, 9.5, 9.5, 10 ], "texture": "#anvil_base", "cullface": "east" }
    }
},
{
    "from": [ 14.5, 6, 0.5 ],
    "to": [ 15.5, 6.5, 1.5 ],
    "faces": {
        "down":  { "uv": [ 1.5, 1.5, 0.5, 0.5 ], "texture": "#side", "cullface": "down" },
        "up":    { "uv": [ 14.5, 0.5, 15.5, 1.5 ], "texture": "#top" },
        "north": { "uv": [ 0.5, 9.5, 1.5, 10 ], "texture": "#anvil_base", "cullface": "north" },
        "south": { "uv": [ 14.5, 9.5, 15.5, 10 ], "texture": "#anvil_base", "cullface": "south" },
        "west":  { "uv": [ 0.5, 9.5, 1.5, 10 ], "texture": "#anvil_base", "cullface": "west" },
        "east":  { "uv": [ 14.5, 9.5, 15.5, 10 ], "texture": "#anvil_base", "cullface": "east" }
    }
},
{
    "from": [ 11.5, 6, 8.5 ],
    "to": [ 12.5, 6.5, 15.5 ],
    "faces": {
        "down":  { "uv": [ 4.5, 15.5, 3.5, 8.5 ], "texture": "#side", "cullface": "down" },
        "up":    { "uv": [ 11.5, 8.5, 12.5, 15.5 ], "texture": "#top" },
        "north": { "uv": [ 3.5, 9.5, 4.5, 10 ], "texture": "#side", "cullface": "north" },
        "south": { "uv": [ 11.5, 9.5, 12.5, 10 ], "texture": "#side", "cullface": "south" },
        "west":  { "uv": [ 8.5, 9.5, 15.5, 10 ], "texture": "#side", "cullface": "west" },
        "east":  { "uv": [ 0.5, 9.5, 7.5, 10 ], "texture": "#side", "cullface": "east" }
    }
},
{
    "from": [ 8.5, 6, 11.5 ],
    "to": [ 15.5, 6.5, 12.5 ],
    "faces": {
        "down":  { "uv": [ 7.5, 12.5, 0.5, 11.5 ], "texture": "#side", "cullface": "down" },
        "up":    { "uv": [ 8.5, 11.5, 15.5, 12.5 ], "texture": "#top" },
        "north": { "uv": [ 0.5, 9.5, 7.5, 10 ], "texture": "#side", "cullface": "north" },
        "south": { "uv": [ 8.5, 9.5, 15.5, 10 ], "texture": "#side", "cullface": "south" },
        "west":  { "uv": [ 11.5, 9.5, 12.5, 10 ], "texture": "#side", "cullface": "west" },
        "east":  { "uv": [ 3.5, 9.5, 4.5, 10 ], "texture": "#side", "cullface": "east" }
    }
},
{
    "from": [ 0.5, 6, 11.5 ],
    "to": [ 7.5, 6.5, 12.5 ],
    "faces": {
        "down":  { "uv": [ 15.5, 12.5, 8.5, 11.5 ], "texture": "#side", "cullface": "down" },
        "up":    { "uv": [ 0.5, 11.5, 7.5, 12.5 ], "texture": "#top" },
        "north": { "uv": [ 8.5, 9.5, 15.5, 10 ], "texture": "#side", "cullface": "north" },
        "south": { "uv": [ 0.5, 9.5, 7.5, 10 ], "texture": "#side", "cullface": "south" },
        "west":  { "uv": [ 11.5, 9.5, 12.5, 10 ], "texture": "#side", "cullface": "west" },
        "east":  { "uv": [ 3.5, 9.5, 4.5, 10 ], "texture": "#side", "cullface": "east" }
    }
},
{
    "from": [ 0.5, 6, 3.5 ],
    "to": [ 7.5, 6.5, 4.5 ],
    "faces": {
        "down":  { "uv": [ 15.5, 4.5, 8.5, 3.5 ], "texture": "#side", "cullface": "down" },
        "up":    { "uv": [ 0.5, 3.5, 7.5, 4.5 ], "texture": "#top" },
        "north": { "uv": [ 8.5, 9.5, 15.5, 10 ], "texture": "#side", "cullface": "north" },
        "south": { "uv": [ 0.5, 9.5, 7.5, 10 ], "texture": "#side", "cullface": "south" },
        "west":  { "uv": [ 3.5, 9.5, 4.5, 10 ], "texture": "#side", "cullface": "west" },
        "east":  { "uv": [ 11.5, 9.5, 12.5, 10 ], "texture": "#side", "cullface": "east" }
    }
},
{
    "from": [ 8.5, 6, 3.5 ],
    "to": [ 15.5, 6.5, 4.5 ],
    "faces": {
        "down":  { "uv": [ 7.5, 4.5, 0.5, 3.5 ], "texture": "#side", "cullface": "down" },
        "up":    { "uv": [ 8.5, 3.5, 15.5, 4.5 ], "texture": "#top" },
        "north": { "uv": [ 0.5, 9.5, 7.5, 10 ], "texture": "#side", "cullface": "north" },
        "south": { "uv": [ 8.5, 9.5, 15.5, 10 ], "texture": "#side", "cullface": "south" },
        "west":  { "uv": [ 3.5, 9.5, 4.5, 10 ], "texture": "#side", "cullface": "west" },
        "east":  { "uv": [ 11.5, 9.5, 12.5, 10 ], "texture": "#side", "cullface": "east" }
    }
},
{
    "from": [ 3.5, 6, 0.5 ],
    "to": [ 4.5, 6.5, 7.5 ],
    "faces": {
        "down":  { "uv": [ 12.5, 7.5, 11.5, 0.5 ], "texture": "#side", "cullface": "down" },
        "up":    { "uv": [ 3.5, 0.5, 4.5, 7.5 ], "texture": "#top" },
        "north": { "uv": [ 11.5, 9.5, 12.5, 10 ], "texture": "#side", "cullface": "north" },
        "south": { "uv": [ 3.5, 9.5, 4.5, 10 ], "texture": "#side", "cullface": "south" },
        "west":  { "uv": [ 0.5, 9.5, 7.5, 10 ], "texture": "#side", "cullface": "west" },
        "east":  { "uv": [ 8.5, 9.5, 15.5, 10 ], "texture": "#side", "cullface": "east" }
    }
},
{
    "from": [ 3.5, 6, 8.5 ],
    "to": [ 4.5, 6.5, 15.5 ],
    "faces": {
        "down":  { "uv": [ 12.5, 15.5, 11.5, 8.5 ], "texture": "#side", "cullface": "down" },
        "up":    { "uv": [ 11.5, 0.5, 12.5, 7.5 ], "texture": "#top" },
        "north": { "uv": [ 11.5, 9.5, 12.5, 10 ], "texture": "#side", "cullface": "north" },
        "south": { "uv": [ 3.5, 9.5, 4.5, 10 ], "texture": "#side", "cullface": "south" },
        "west":  { "uv": [ 8.5, 9.5, 15.5, 10 ], "texture": "#side", "cullface": "west" },
        "east":  { "uv": [ 0.5, 9.5, 7.5, 10 ], "texture": "#side", "cullface": "east" }
    }
},
{
    "from": [ 11.5, 6, 0.5 ],
    "to": [ 12.5, 6.5, 7.5 ],
    "faces": {
        "down":  { "uv": [ 4.5, 7.5, 3.5, 0.5 ], "texture": "#side", "cullface": "down" },
        "up":    { "uv": [ 11.5, 0.5, 12.5, 7.5 ], "texture": "#top" },
        "north": { "uv": [ 3.5, 9.5, 4.5, 10 ], "texture": "#side", "cullface": "north" },
        "south": { "uv": [ 11.5, 9.5, 12.5, 10 ], "texture": "#side", "cullface": "south" },
        "west":  { "uv": [ 0.5, 9.5, 7.5, 10 ], "texture": "#side", "cullface": "west" },
        "east":  { "uv": [ 8.5, 9.5, 15.5, 10 ], "texture": "#side", "cullface": "east" }
    }
}
]
}