{
	"__comment": "Разработано специально для Hard-Days.SU  ::  If you steal our models - you PIDOR!",
"ambientocclusion": false,
"textures": {
    "particle": "blocks/rail_golden",
    "texture": "blocks/rail_detector"
},
"elements": [ 
{
    "__comment": "Cross",
    "from": [ 0, 2.5, 2.25 ],
    "to": [ 7, 3.5, 5.75 ],
    "rotation": { "origin": [ 0, 3.5, 2.25 ], "axis": "x", "angle": -45 },
    "faces": {
        "down":  { "uv": [ 0, 7, 7, 3.5 ], "texture": "#texture" },
        "up":    { "uv": [ 0, 3.5, 7, 6.75 ], "texture": "#texture" },
        "north": { "uv": [ 7, 3.5, 0, 4 ], "texture": "#texture" },
        "south": { "uv": [ 0, 6.75, 7, 6.25 ], "texture": "#texture" },
        "west":  { "uv": [ 0, 3.5, 0.5, 7 ], "rotation": 270, "texture": "#texture" }
    }
},
{
    "__comment": "Cross",
    "from": [ 0, 10.25, 10 ],
    "to": [ 7, 11.25, 13.5 ],
    "rotation": { "origin": [ 0, 11.25, 10 ], "axis": "x", "angle": -45 },
    "faces": {
        "down":  { "uv": [ 0, 14.5, 7, 11 ], "texture": "#texture" },
        "up":    { "uv": [ 0, 11, 7, 14.5 ], "texture": "#texture" },
        "north": { "uv": [ 7, 11, 0, 11.75 ], "texture": "#texture" },
        "south": { "uv": [ 0, 14.5, 7, 14 ], "texture": "#texture" },
        "west":  { "uv": [ 0, 11, 0.5, 14.5 ], "rotation": 270, "texture": "#texture" }
    }
},
{
    "__comment": "Cross",
    "from": [ 9, 2.5, 2.25 ],
    "to": [ 16, 3.5, 5.75 ],
    "rotation": { "origin": [ 9, 3.5, 2.25 ], "axis": "x", "angle": -45 },
    "faces": {
        "down":  { "uv": [ 9, 7, 16, 3.5 ], "texture": "#texture" },
        "up":    { "uv": [ 9, 3.5, 16, 7 ], "texture": "#texture" },
        "north": { "uv": [ 16, 3.5, 9, 4 ], "texture": "#texture" },
        "south": { "uv": [ 9, 7, 16, 6.5 ], "texture": "#texture" },
        "east":  { "uv": [ 16, 3.5, 15.5, 7 ], "rotation": 90, "texture": "#texture" }
    }
},
{
    "__comment": "Cross",
    "from": [ 9, 10.25, 10 ],
    "to": [ 16, 11.25, 13.5 ],
    "rotation": { "origin": [ 9, 11.25, 10 ], "axis": "x", "angle": -45 },
    "faces": {
        "down":  { "uv": [ 9, 14.5, 16, 11 ], "texture": "#texture" },
        "up":    { "uv": [ 9, 11, 16, 14.5 ], "texture": "#texture" },
        "north": { "uv": [ 16, 11, 9, 11.5 ], "texture": "#texture" },
        "south": { "uv": [ 9, 14.5, 16, 14 ], "texture": "#texture" },
        "east":  { "uv": [ 16, 11, 15.5, 14.5 ], "rotation": 90, "texture": "#texture" }
    }
},
{
    "__comment": "Rail",
    "from": [ 7, -0.426, -0.925 ],
    "to": [ 9, 1.074, 22.325 ],
    "rotation": { "origin": [ 7, 1.074, -0.925 ], "axis": "x", "angle": -45 },
    "faces": {
        "down":  { "uv": [ 9, 16, 7, 0 ], "texture": "#texture" },
        "up":    { "uv": [ 7, 0, 9, 16 ], "texture": "#texture" },
        "north": { "uv": [ 7, 14.5, 9, 16 ], "texture": "#texture" },
        "south": { "uv": [ 7, 14.5, 9, 16 ], "texture": "#texture" },
        "west":  { "uv": [ 0, 9, 16, 10.5 ], "texture": "#texture" },
        "east":  { "uv": [ 0, 9, 16, 10.5 ], "texture": "#texture" }
    }
}
]
}