{
	"__comment": "Разработано специально для Hard-Days.SU  ::  If you steal our models - you PIDOR!",
"ambientocclusion": false,
"textures": {
    "particle": "blocks/rail_golden",
    "texture": "blocks/rail_golden"
},
"elements": [ 
{
    "__comment": "Rail",
    "from": [ 0, 0, 3.5 ],
    "to": [ 16, 1, 7 ],
    "faces": {
        "down":  { "uv": [ 0, 7, 16, 3.5 ], "texture": "#texture" },
        "up":    { "uv": [ 0, 3.5, 16, 7 ], "texture": "#texture" },
        "north": { "uv": [ 16, 3.5, 0, 4 ], "texture": "#texture" },
        "south": { "uv": [ 0, 7, 16, 6.5 ], "texture": "#texture" },
        "west":  { "uv": [ 0, 3.5, 0.5, 7 ], "rotation": 270, "texture": "#texture" },
        "east":  { "uv": [ 16, 3.5, 15.5, 7 ], "rotation": 90, "texture": "#texture" }
    }
},
{
    "__comment": "Rail",
    "from": [ 0, 0, 11 ],
    "to": [ 16, 1, 14.5 ],
    "faces": {
        "down":  { "uv": [ 0, 14.5, 16, 11 ], "texture": "#texture" },
        "up":    { "uv": [ 0, 11, 16, 14.5 ], "texture": "#texture" },
        "north": { "uv": [ 16, 11, 0, 11.5 ], "texture": "#texture" },
        "south": { "uv": [ 0, 14.5, 16, 14 ], "texture": "#texture" },
        "west":  { "uv": [ 0, 11, 0.5, 14.5 ], "rotation": 270, "texture": "#texture" },
        "east":  { "uv": [ 16, 11, 15.5, 14.5 ], "rotation": 90, "texture": "#texture" }
    }
}
]
}