{
	"__comment": "Разработано специально для Hard-Days.SU  ::  If you steal our models - you PIDOR!",
"textures": {
    "particle": "blocks/p_side",
    "p_top": "blocks/p_top",
    "p_face": "blocks/p_face",
    "p_side": "blocks/p_side"
},
"elements": [ 
{
    "__comment": "Pumpkin",
    "from": [ 0, 0, 0 ],
    "to": [ 16, 16, 16 ],
    "faces": {
        "down":  { "uv": [ 16, 16, 0, 0 ], "texture": "#p_top" },
        "up":    { "uv": [ 0, 0, 16, 16 ], "texture": "#p_top" },
        "north": { "uv": [ 0, 0, 16, 16 ], "texture": "#p_face" },
        "south": { "uv": [ 0, 0, 16, 16 ], "texture": "#p_side" },
        "west":  { "uv": [ 0, 0, 16, 16 ], "texture": "#p_side" },
        "east":  { "uv": [ 0, 0, 16, 16 ], "texture": "#p_side" }
    }
}
],
"display": {
    "thirdperson_righthand": {
        "rotation": [ 75, 45, 0 ],
        "translation": [ 0, 2.5, 0 ],
        "scale": [ 0.375, 0.375, 0.375 ]
    },
    "ground": {
        "rotation": [ 0, 0, 0 ],
        "translation": [ 0, 3, 0 ],
        "scale": [ 0.25, 0.25, 0.25 ]
    },
    "fixed": {
        "rotation": [ 0, 0, 0 ],
        "translation": [ 0, 0, 0 ],
        "scale": [ 0.5, 0.5, 0.5 ]
    },
    "firstperson_righthand": {
        "rotation": [ 0, 45, 0 ],
        "translation": [ 0, 0, 0 ],
        "scale": [ 0.4, 0.4, 0.4 ]
    },
    "firstperson_lefthand": {
        "rotation": [ 0, 225, 0 ],
        "translation": [ 0, 0, 0 ],
        "scale": [ 0.4, 0.4, 0.4 ]
    },
    "gui": {
        "rotation": [ 30, 225, 0 ],
        "translation": [ 0, 0, 0 ],
        "scale": [ 0.625, 0.625, 0.625 ]
    }
}
}