{
	"__comment": "Designed by Corporalblober with Cubik Studio - https://cubik.studio",
	"textures": {
		"particle": "loot_crates/duffle_bag_navy_blue",
		"texture": "loot_crates/duffle_bag_navy_blue2",
		"texture1": "loot_crates/duffle_bag_black"
	},
	"elements": [
		{
			"__comment": "Cube1",
			"from": [ 0.5, 0.25, 5 ],
			"to": [ 15.5, 7.5, 12 ],
			"faces": {
				"down": { "uv": [ 0.5, 4, 15.5, 11 ], "texture": "#texture" },
				"up": { "uv": [ 0.5, 5, 15.5, 12 ], "texture": "#texture" },
				"north": { "uv": [ 0.5, 8.5, 15.5, 15.75 ], "texture": "#texture" },
				"south": { "uv": [ 0.5, 8.5, 15.5, 15.75 ], "texture": "#texture" },
				"west": { "uv": [ 5, 8.5, 12, 15.75 ], "texture": "#texture" },
				"east": { "uv": [ 4, 8.5, 11, 15.75 ], "texture": "#texture" }
			}
		},
		{
			"__comment": "Cube2",
			"from": [ 0.75, 0, 4.75 ],
			"to": [ 15.25, 7.25, 12.25 ],
			"faces": {
				"down": { "uv": [ 0.75, 3.75, 15.25, 11.25 ], "texture": "#texture" },
				"up": { "uv": [ 0.75, 4.75, 15.25, 12.25 ], "texture": "#texture" },
				"north": { "uv": [ 0.75, 8.75, 15.25, 16 ], "texture": "#texture" },
				"south": { "uv": [ 0.75, 8.75, 15.25, 16 ], "texture": "#texture" },
				"west": { "uv": [ 4.75, 8.75, 12.25, 16 ], "texture": "#texture" },
				"east": { "uv": [ 3.75, 8.75, 11.25, 16 ], "texture": "#texture" }
			}
		},
		{
			"__comment": "Cube3",
			"from": [ 0.25, 0.75, 5.5 ],
			"to": [ 15.75, 6.75, 11.5 ],
			"faces": {
				"down": { "uv": [ 0.25, 4.5, 15.75, 10.5 ], "texture": "#texture" },
				"up": { "uv": [ 0.25, 5.5, 15.75, 11.5 ], "texture": "#texture" },
				"north": { "uv": [ 0.25, 9.25, 15.75, 15.25 ], "texture": "#texture" },
				"south": { "uv": [ 0.25, 9.25, 15.75, 15.25 ], "texture": "#texture" },
				"west": { "uv": [ 5.5, 9.25, 11.5, 15.25 ], "texture": "#texture" },
				"east": { "uv": [ 4.5, 9.25, 10.5, 15.25 ], "texture": "#texture" }
			}
		},
		{
			"__comment": "Cube4",
			"from": [ 0, 2, 6.75 ],
			"to": [ 16, 5.5, 10.25 ],
			"faces": {
				"down": { "uv": [ 0, 5.75, 16, 9.25 ], "texture": "#texture" },
				"up": { "uv": [ 0, 6.75, 16, 10.25 ], "texture": "#texture" },
				"north": { "uv": [ 0, 10.5, 16, 14 ], "texture": "#texture" },
				"south": { "uv": [ 0, 10.5, 16, 14 ], "texture": "#texture" },
				"west": { "uv": [ 6.75, 10.5, 10.25, 14 ], "texture": "#texture" },
				"east": { "uv": [ 5.75, 10.5, 9.25, 14 ], "texture": "#texture" }
			}
		},
		{
			"__comment": "Cube5",
			"from": [ 1.75, 0.75, 4.5 ],
			"to": [ 14.25, 6.5, 12.5 ],
			"faces": {
				"down": { "uv": [ 1.75, 3.5, 14.25, 11.5 ], "texture": "#texture" },
				"up": { "uv": [ 1.75, 4.5, 14.25, 12.5 ], "texture": "#texture" },
				"north": { "uv": [ 1.75, 9.5, 14.25, 15.25 ], "texture": "#texture" },
				"south": { "uv": [ 1.75, 9.5, 14.25, 15.25 ], "texture": "#texture" },
				"west": { "uv": [ 4.5, 9.5, 12.5, 15.25 ], "texture": "#texture" },
				"east": { "uv": [ 3.5, 9.5, 11.5, 15.25 ], "texture": "#texture" }
			}
		},
		{
			"__comment": "Cube7",
			"from": [ 1.5, 7.5, 5.75 ],
			"to": [ 14.5, 7.75, 11.25 ],
			"faces": {
				"down": { "uv": [ 1.5, 4.75, 14.5, 10.25 ], "texture": "#texture" },
				"up": { "uv": [ 1.5, 5.75, 14.5, 11.25 ], "texture": "#texture" },
				"north": { "uv": [ 1.5, 8.25, 14.5, 8.5 ], "texture": "#texture" },
				"south": { "uv": [ 1.5, 8.25, 14.5, 8.5 ], "texture": "#texture" },
				"west": { "uv": [ 5.75, 8.25, 11.25, 8.5 ], "texture": "#texture" },
				"east": { "uv": [ 4.75, 8.25, 10.25, 8.5 ], "texture": "#texture" }
			}
		},
		{
			"__comment": "Cube8",
			"from": [ 3.5, 7.75, 7 ],
			"to": [ 12.5, 8, 10 ],
			"faces": {
				"down": { "uv": [ 3.5, 6, 12.5, 9 ], "texture": "#texture" },
				"up": { "uv": [ 3.5, 7, 12.5, 10 ], "texture": "#texture" },
				"north": { "uv": [ 3.5, 8, 12.5, 8.25 ], "texture": "#texture" },
				"south": { "uv": [ 3.5, 8, 12.5, 8.25 ], "texture": "#texture" },
				"west": { "uv": [ 7, 8, 10, 8.25 ], "texture": "#texture" },
				"east": { "uv": [ 6, 8, 9, 8.25 ], "texture": "#texture" }
			}
		},
		{
			"__comment": "Cube6",
			"from": [ 4, 2, 4.25 ],
			"to": [ 12, 5.25, 12.75 ],
			"faces": {
				"down": { "uv": [ 0, 7.5, 8, 16 ], "texture": "#texture" },
				"up": { "uv": [ 0, 7.5, 8, 16 ], "texture": "#texture" },
				"north": { "uv": [ 0, 0, 8, 3.25 ], "texture": "#texture" },
				"south": { "uv": [ 0, 0, 8, 3.25 ], "texture": "#texture" },
				"west": { "uv": [ 0, 12.75, 8.5, 16 ], "texture": "#texture" },
				"east": { "uv": [ 7.5, 12.75, 16, 16 ], "texture": "#texture" }
			}
		},
		{
			"__comment": "Cube10",
			"from": [ 4.5, 8.5, 7.5 ],
			"to": [ 11, 9.25, 9.5 ],
			"faces": {
				"down": { "uv": [ 4.5, 6.5, 11, 8.5 ], "texture": "#texture1" },
				"up": { "uv": [ 4.5, 7.5, 11, 9.5 ], "texture": "#texture1" },
				"north": { "uv": [ 5, 6.75, 11.5, 7.5 ], "texture": "#texture1" },
				"south": { "uv": [ 4.5, 6.75, 11, 7.5 ], "texture": "#texture1" },
				"west": { "uv": [ 7.5, 6.75, 9.5, 7.5 ], "texture": "#texture1" },
				"east": { "uv": [ 6.5, 6.75, 8.5, 7.5 ], "texture": "#texture1" }
			}
		},
		{
			"__comment": "Cube11",
			"from": [ 4, 8.25, 7 ],
			"to": [ 5, 8.75, 8 ],
			"faces": {
				"down": { "uv": [ 4, 8, 5, 9 ], "texture": "#texture1" },
				"up": { "uv": [ 4, 7, 5, 8 ], "texture": "#texture1" },
				"north": { "uv": [ 11, 7.25, 12, 7.75 ], "texture": "#texture1" },
				"south": { "uv": [ 4, 7.25, 5, 7.75 ], "texture": "#texture1" },
				"west": { "uv": [ 7, 7.25, 8, 7.75 ], "texture": "#texture1" },
				"east": { "uv": [ 8, 7.25, 9, 7.75 ], "texture": "#texture1" }
			}
		},
		{
			"__comment": "Cube11",
			"from": [ 3.5, 8, 6.75 ],
			"to": [ 4.5, 8.5, 7.75 ],
			"faces": {
				"down": { "uv": [ 4, 6, 5, 7 ], "texture": "#texture1" },
				"up": { "uv": [ 4, 9, 5, 10 ], "texture": "#texture1" },
				"north": { "uv": [ 11, 7.25, 12, 7.75 ], "texture": "#texture1" },
				"south": { "uv": [ 4, 7.25, 5, 7.75 ], "texture": "#texture1" },
				"west": { "uv": [ 9, 7.25, 10, 7.75 ], "texture": "#texture1" },
				"east": { "uv": [ 6, 7.25, 7, 7.75 ], "texture": "#texture1" }
			}
		},
		{
			"__comment": "Cube11",
			"from": [ 11.5, 7.75, 6.5 ],
			"to": [ 12.5, 8.25, 7.5 ],
			"faces": {
				"down": { "uv": [ 4, 6, 5, 7 ], "texture": "#texture1" },
				"up": { "uv": [ 4, 9, 5, 10 ], "texture": "#texture1" },
				"north": { "uv": [ 11, 7.25, 12, 7.75 ], "texture": "#texture1" },
				"south": { "uv": [ 4, 7.25, 5, 7.75 ], "texture": "#texture1" },
				"west": { "uv": [ 9, 7.25, 10, 7.75 ], "texture": "#texture1" },
				"east": { "uv": [ 6, 7.25, 7, 7.75 ], "texture": "#texture1" }
			}
		},
		{
			"__comment": "Cube11",
			"from": [ 2.5, 7.5, 6.5 ],
			"to": [ 3.5, 8, 7.5 ],
			"faces": {
				"down": { "uv": [ 4, 6, 5, 7 ], "texture": "#texture1" },
				"up": { "uv": [ 4, 9, 5, 10 ], "texture": "#texture1" },
				"north": { "uv": [ 11, 7.25, 12, 7.75 ], "texture": "#texture1" },
				"south": { "uv": [ 4, 7.25, 5, 7.75 ], "texture": "#texture1" },
				"west": { "uv": [ 9, 7.25, 10, 7.75 ], "texture": "#texture1" },
				"east": { "uv": [ 6, 7.25, 7, 7.75 ], "texture": "#texture1" }
			}
		},
		{
			"__comment": "Cube11",
			"from": [ 10.5, 8.25, 7 ],
			"to": [ 11.5, 8.75, 8 ],
			"faces": {
				"down": { "uv": [ 10.5, 8, 11.5, 9 ], "texture": "#texture1" },
				"up": { "uv": [ 10.5, 7, 11.5, 8 ], "texture": "#texture1" },
				"north": { "uv": [ 4.5, 7.25, 5.5, 7.75 ], "texture": "#texture1" },
				"south": { "uv": [ 10.5, 7.25, 11.5, 7.75 ], "texture": "#texture1" },
				"west": { "uv": [ 7, 7.25, 8, 7.75 ], "texture": "#texture1" },
				"east": { "uv": [ 8, 7.25, 9, 7.75 ], "texture": "#texture1" }
			}
		},
		{
			"__comment": "Cube11",
			"from": [ 11, 8, 6.75 ],
			"to": [ 12, 8.5, 7.75 ],
			"faces": {
				"down": { "uv": [ 4, 6, 5, 7 ], "texture": "#texture1" },
				"up": { "uv": [ 4, 9, 5, 10 ], "texture": "#texture1" },
				"north": { "uv": [ 11, 7.25, 12, 7.75 ], "texture": "#texture1" },
				"south": { "uv": [ 4, 7.25, 5, 7.75 ], "texture": "#texture1" },
				"west": { "uv": [ 9, 7.25, 10, 7.75 ], "texture": "#texture1" },
				"east": { "uv": [ 6, 7.25, 7, 7.75 ], "texture": "#texture1" }
			}
		},
		{
			"__comment": "Cube11",
			"from": [ 3, 7.75, 9.5 ],
			"to": [ 4, 8.25, 10.5 ],
			"faces": {
				"down": { "uv": [ 4, 6, 5, 7 ], "texture": "#texture1" },
				"up": { "uv": [ 4, 9, 5, 10 ], "texture": "#texture1" },
				"north": { "uv": [ 11, 7.25, 12, 7.75 ], "texture": "#texture1" },
				"south": { "uv": [ 4, 7.25, 5, 7.75 ], "texture": "#texture1" },
				"west": { "uv": [ 9, 7.25, 10, 7.75 ], "texture": "#texture1" },
				"east": { "uv": [ 6, 7.25, 7, 7.75 ], "texture": "#texture1" }
			}
		},
		{
			"__comment": "Cube11",
			"from": [ 2.5, 7.5, 9.5 ],
			"to": [ 3.5, 8, 10.5 ],
			"faces": {
				"down": { "uv": [ 4, 6, 5, 7 ], "texture": "#texture1" },
				"up": { "uv": [ 4, 9, 5, 10 ], "texture": "#texture1" },
				"north": { "uv": [ 11, 7.25, 12, 7.75 ], "texture": "#texture1" },
				"south": { "uv": [ 4, 7.25, 5, 7.75 ], "texture": "#texture1" },
				"west": { "uv": [ 9, 7.25, 10, 7.75 ], "texture": "#texture1" },
				"east": { "uv": [ 6, 7.25, 7, 7.75 ], "texture": "#texture1" }
			}
		},
		{
			"__comment": "Cube11",
			"from": [ 4, 8.25, 9 ],
			"to": [ 5, 8.75, 10 ],
			"faces": {
				"down": { "uv": [ 4, 6, 5, 7 ], "texture": "#texture1" },
				"up": { "uv": [ 4, 9, 5, 10 ], "texture": "#texture1" },
				"north": { "uv": [ 11, 7.25, 12, 7.75 ], "texture": "#texture1" },
				"south": { "uv": [ 4, 7.25, 5, 7.75 ], "texture": "#texture1" },
				"west": { "uv": [ 9, 7.25, 10, 7.75 ], "texture": "#texture1" },
				"east": { "uv": [ 6, 7.25, 7, 7.75 ], "texture": "#texture1" }
			}
		},
		{
			"__comment": "Cube11",
			"from": [ 3.5, 8, 9.25 ],
			"to": [ 4.5, 8.5, 10.25 ],
			"faces": {
				"down": { "uv": [ 4, 6, 5, 7 ], "texture": "#texture1" },
				"up": { "uv": [ 4, 9, 5, 10 ], "texture": "#texture1" },
				"north": { "uv": [ 11, 7.25, 12, 7.75 ], "texture": "#texture1" },
				"south": { "uv": [ 4, 7.25, 5, 7.75 ], "texture": "#texture1" },
				"west": { "uv": [ 9, 7.25, 10, 7.75 ], "texture": "#texture1" },
				"east": { "uv": [ 6, 7.25, 7, 7.75 ], "texture": "#texture1" }
			}
		},
		{
			"__comment": "Cube11",
			"from": [ 3, 7.75, 6.5 ],
			"to": [ 4, 8.25, 7.5 ],
			"faces": {
				"down": { "uv": [ 4, 6, 5, 7 ], "texture": "#texture1" },
				"up": { "uv": [ 4, 9, 5, 10 ], "texture": "#texture1" },
				"north": { "uv": [ 11, 7.25, 12, 7.75 ], "texture": "#texture1" },
				"south": { "uv": [ 4, 7.25, 5, 7.75 ], "texture": "#texture1" },
				"west": { "uv": [ 9, 7.25, 10, 7.75 ], "texture": "#texture1" },
				"east": { "uv": [ 6, 7.25, 7, 7.75 ], "texture": "#texture1" }
			}
		},
		{
			"__comment": "Cube11",
			"from": [ 12, 7.5, 9.5 ],
			"to": [ 13, 8, 10.5 ],
			"faces": {
				"down": { "uv": [ 4, 6, 5, 7 ], "texture": "#texture1" },
				"up": { "uv": [ 4, 9, 5, 10 ], "texture": "#texture1" },
				"north": { "uv": [ 11, 7.25, 12, 7.75 ], "texture": "#texture1" },
				"south": { "uv": [ 4, 7.25, 5, 7.75 ], "texture": "#texture1" },
				"west": { "uv": [ 9, 7.25, 10, 7.75 ], "texture": "#texture1" },
				"east": { "uv": [ 6, 7.25, 7, 7.75 ], "texture": "#texture1" }
			}
		},
		{
			"__comment": "Cube11",
			"from": [ 10.5, 8.25, 9 ],
			"to": [ 11.5, 8.75, 10 ],
			"faces": {
				"down": { "uv": [ 10.5, 6, 11.5, 7 ], "texture": "#texture1" },
				"up": { "uv": [ 10.5, 9, 11.5, 10 ], "texture": "#texture1" },
				"north": { "uv": [ 4.5, 7.25, 5.5, 7.75 ], "texture": "#texture1" },
				"south": { "uv": [ 10.5, 7.25, 11.5, 7.75 ], "texture": "#texture1" },
				"west": { "uv": [ 9, 7.25, 10, 7.75 ], "texture": "#texture1" },
				"east": { "uv": [ 6, 7.25, 7, 7.75 ], "texture": "#texture1" }
			}
		},
		{
			"__comment": "Cube11",
			"from": [ 11, 8, 9.25 ],
			"to": [ 12, 8.5, 10.25 ],
			"faces": {
				"down": { "uv": [ 4, 6, 5, 7 ], "texture": "#texture1" },
				"up": { "uv": [ 4, 9, 5, 10 ], "texture": "#texture1" },
				"north": { "uv": [ 11, 7.25, 12, 7.75 ], "texture": "#texture1" },
				"south": { "uv": [ 4, 7.25, 5, 7.75 ], "texture": "#texture1" },
				"west": { "uv": [ 9, 7.25, 10, 7.75 ], "texture": "#texture1" },
				"east": { "uv": [ 6, 7.25, 7, 7.75 ], "texture": "#texture1" }
			}
		},
		{
			"__comment": "Cube11",
			"from": [ 11.5, 7.75, 9.5 ],
			"to": [ 12.5, 8.25, 10.5 ],
			"faces": {
				"down": { "uv": [ 4, 6, 5, 7 ], "texture": "#texture1" },
				"up": { "uv": [ 4, 9, 5, 10 ], "texture": "#texture1" },
				"north": { "uv": [ 11, 7.25, 12, 7.75 ], "texture": "#texture1" },
				"south": { "uv": [ 4, 7.25, 5, 7.75 ], "texture": "#texture1" },
				"west": { "uv": [ 9, 7.25, 10, 7.75 ], "texture": "#texture1" },
				"east": { "uv": [ 6, 7.25, 7, 7.75 ], "texture": "#texture1" }
			}
		},
		{
			"__comment": "Cube11",
			"from": [ 12, 7.5, 6.5 ],
			"to": [ 13, 8, 7.5 ],
			"faces": {
				"down": { "uv": [ 4, 6, 5, 7 ], "texture": "#texture1" },
				"up": { "uv": [ 4, 9, 5, 10 ], "texture": "#texture1" },
				"north": { "uv": [ 11, 7.25, 12, 7.75 ], "texture": "#texture1" },
				"south": { "uv": [ 4, 7.25, 5, 7.75 ], "texture": "#texture1" },
				"west": { "uv": [ 9, 7.25, 10, 7.75 ], "texture": "#texture1" },
				"east": { "uv": [ 6, 7.25, 7, 7.75 ], "texture": "#texture1" }
			}
		}
	],
	"display": {
		"thirdperson_righthand": {
			"rotation":  [ -30, -90, -90 ],
			"translation":  [ 0.6956, -2.086, 0 ]
		},
		"thirdperson_lefthand": {
			"rotation":  [ -30, -90, -90 ],
			"translation":  [ 0.6956, -2.086, 0 ]
		},
		"firstperson_righthand": {
			"rotation":  [ 0, -70, -10 ],
			"translation":  [ 0, 2, -1.5 ]
		},
		"firstperson_lefthand": {
			"rotation":  [ 0, -70, -10 ],
			"translation":  [ 0, 2, -1.5 ]
		},
		"gui": {
			"translation":  [ 0, 2.7826, 0 ]
		},
		"fixed": {
			"translation":  [ 0, 3.4782, 0 ]
		}
	}
}