{
  "note.m9_shoot": {
    "sounds": [
         "note/m9_shoot"         
    ]
  },
  
  "note.revolver_shoot": {
    "sounds": [
         "note/revolver_shoot"         
    ]
  },
  
  "note.desert_eagle_shoot": {
    "sounds": [
         "note/desert_eagle_shoot"         
    ]
  },
  
  "note.double_barrel_shotgun_shoot": {
    "sounds": [
         "note/double_barrel_shotgun_shoot"         
    ]
  },
  
  "note.remington_shoot": {
    "sounds": [
         "note/remington_shoot"         
    ]
  },
  
  "note.mossberg_shoot": {
    "sounds": [
         "note/mossberg_shoot"         
    ]
  },
  
  "note.spas_shoot": {
    "sounds": [
         "note/spas_shoot"         
    ]
  },
  
  "note.mp5_shoot": {
    "sounds": [
         "note/mp5_shoot"         
    ]
  },
  
  "note.ump45_shoot": {
    "sounds": [
         "note/ump45_shoot"         
    ]
  },
  
  "note.uzi_shoot": {
    "sounds": [
         "note/uzi_shoot"         
    ]
  },
  
  "note.m4_shoot": {
    "sounds": [
         "note/m4_shoot"         
    ]
  },
  
  "note.g36_shoot": {
    "sounds": [
         "note/g36_shoot"         
    ]
  },
  
  "note.ak47_shoot": {
    "sounds": [
         "note/ak47_shoot"         
    ]
  },
  
  "note.r700_shoot": {
    "sounds": [
         "note/r700_shoot"         
    ]
  },
  
  "note.winchester_shoot": {
    "sounds": [
         "note/winchester_shoot"         
    ]
  },
  
  "note.m14_shoot": {
    "sounds": [
         "note/m14_shoot"         
    ]
  },
  
  "note.barrett_shoot": {
    "sounds": [
         "note/barrett_shoot"         
    ]
  },
  
  "note.aug_shoot": {
    "sounds": [
         "note/aug_shoot"         
    ]
  },
  
  "note.m60_shoot": {
    "sounds": [
         "note/m60_shoot"         
    ]
  },
  
  "note.crossbow_shoot": {
    "sounds": [
         "note/crossbow_shoot"         
    ]
  },
  
  "note.rpg_shoot": {
    "sounds": [
         "note/rpg_shoot"         
    ]
  },
  
  "note.gatling_gun_shoot": {
    "sounds": [
         "note/gatling_gun_shoot"         
    ]
  },
    
  "note.pistol_reload": {
    "sounds": [
         "note/pistol_reload"         
    ]
  },
  
  "note.shotgun_reload": {
    "sounds": [
         "note/shotgun_reload"         
    ]
  },
  
  "note.assault_rifle_reload": {
    "sounds": [
         "note/assault_rifle_reload"         
    ]
  },
  
  "note.sniper_reload": {
    "sounds": [
         "note/sniper_reload"         
    ]
  },
  
  "note.lmg_reload": {
    "sounds": [
         "note/lmg_reload"         
    ]
  },
  
  "note.shotgun_pump": {
    "sounds": [
         "note/shotgun_pump"         
    ]
  },
  
  "note.click": {
    "sounds": [
         "note/click"            
    ]
  }
}
