{
	"__comment": "Разработано специально для Hard-Days.SU  ::  If you steal our models - you PIDOR!",
"ambientocclusion": false,
"textures": {
    "texture": "blocks/wool_colored_light_black",
    "bottom": "blocks/wool_colored_darkish_black",
    "metal": "blocks/hopper_outside",
    "wool_colored_red": "blocks/redstone_block"
},
"elements": [ 
{
    "__comment": "Battery Top",
    "from": [ 0, 8, 3 ],
    "to": [ 0.5, 12, 13 ],
    "faces": {
        "down":  { "uv": [ 16, 13, 15.5, 3 ], "texture": "#texture" },
        "up":    { "uv": [ 0, 3, 0.5, 13 ], "texture": "#texture" },
        "north": { "uv": [ 15.5, 4, 16, 8 ], "texture": "#texture" },
        "south": { "uv": [ 0, 4, 0.5, 8 ], "texture": "#texture" },
        "west":  { "uv": [ 3, 4, 13, 8 ], "texture": "#texture" },
        "east":  { "uv": [ 3, 4, 13, 8 ], "texture": "#texture" }
    }
},
{
    "__comment": "Battery Top",
    "from": [ 0.5, 12, 3.5 ],
    "to": [ 15.5, 13.5, 10 ],
    "faces": {
        "up":    { "uv": [ 0.5, 3.5, 15.5, 10 ], "texture": "#texture" },
        "north": { "uv": [ 0.5, 2.5, 15.5, 4 ], "texture": "#texture" },
        "south": { "uv": [ 0.5, 2.5, 15.5, 4 ], "texture": "#texture" },
        "west":  { "uv": [ 3.5, 2.5, 10, 4 ], "texture": "#texture" },
        "east":  { "uv": [ 6, 2.5, 12.5, 4 ], "texture": "#texture" }
    }
},
{
    "__comment": "Battery Top",
    "from": [ 0.5, 10, 3 ],
    "to": [ 15.5, 12, 13 ],
    "faces": {
        "down":  { "uv": [ 15.5, 13, 0.5, 3 ], "texture": "#texture" },
        "up":    { "uv": [ 0.5, 3, 15.5, 13 ], "texture": "#texture" },
        "north": { "uv": [ 0.5, 4, 15.5, 6 ], "texture": "#texture" },
        "south": { "uv": [ 0.5, 4, 15.5, 6 ], "texture": "#texture" }
    }
},
{
    "__comment": "Battery Top",
    "from": [ 3, 12, 10 ],
    "to": [ 3.5, 13.5, 12.5 ],
    "faces": {
        "up":    { "uv": [ 3, 10, 3.5, 12.5 ], "texture": "#texture" },
        "south": { "uv": [ 3, 2.5, 3.5, 4 ], "texture": "#texture" },
        "west":  { "uv": [ 10, 2.5, 12.5, 4 ], "texture": "#texture" },
        "east":  { "uv": [ 3.5, 2.5, 6, 4 ], "texture": "#texture" }
    }
},
{
    "__comment": "Battery Top",
    "from": [ 3.5, 12, 10 ],
    "to": [ 12.5, 12.5, 12.5 ],
    "faces": {
        "up":    { "uv": [ 3.5, 10, 12.5, 12.5 ], "texture": "#texture" },
        "south": { "uv": [ 3.5, 3.5, 12.5, 4 ], "texture": "#texture" }
    }
},
{
    "__comment": "Battery Top",
    "from": [ 12.5, 12, 10 ],
    "to": [ 13, 13.5, 12.5 ],
    "faces": {
        "up":    { "uv": [ 12.5, 10, 13, 12.5 ], "texture": "#texture" },
        "south": { "uv": [ 12.5, 2.5, 13, 4 ], "texture": "#texture" },
        "west":  { "uv": [ 10, 2.5, 12.5, 4 ], "texture": "#texture" },
        "east":  { "uv": [ 3.5, 2.5, 6, 4 ], "texture": "#texture" }
    }
},
{
    "__comment": "Battery Top",
    "from": [ 15.5, 8, 3 ],
    "to": [ 16, 12, 13 ],
    "faces": {
        "down":  { "uv": [ 0.5, 13, 0, 3 ], "texture": "#texture" },
        "up":    { "uv": [ 15.5, 3, 16, 13 ], "texture": "#texture" },
        "north": { "uv": [ 0, 4, 0.5, 8 ], "texture": "#texture" },
        "south": { "uv": [ 15.5, 4, 16, 8 ], "texture": "#texture" },
        "west":  { "uv": [ 3, 4, 13, 8 ], "texture": "#texture" },
        "east":  { "uv": [ 3, 4, 13, 8 ], "texture": "#texture" }
    }
},
{
    "__comment": "Battery Bottom",
    "from": [ 0.5, 8, 3.5 ],
    "to": [ 15.5, 10, 12.5 ],
    "faces": {
        "north": { "uv": [ 0.5, 6, 15.5, 8 ], "texture": "#bottom" },
        "south": { "uv": [ 0.5, 6, 15.5, 8 ], "texture": "#bottom" }
    }
},
{
    "__comment": "Battery Bottom",
    "from": [ 0, 2, 3.5 ],
    "to": [ 16, 8, 12.5 ],
    "faces": {
        "down":  { "uv": [ 16, 12.5, 0, 3.5 ], "texture": "#bottom" },
        "up":    { "uv": [ 0, 3.5, 16, 12.5 ], "texture": "#bottom" },
        "north": { "uv": [ 0, 8, 16, 14 ], "texture": "#bottom" },
        "south": { "uv": [ 0, 8, 16, 14 ], "texture": "#bottom" },
        "west":  { "uv": [ 3.5, 8, 12.5, 14 ], "texture": "#bottom" },
        "east":  { "uv": [ 3.5, 8, 12.5, 14 ], "texture": "#bottom" }
    }
},
{
    "__comment": "Left Metal",
    "from": [ 0.5, 12, 10.5 ],
    "to": [ 2.5, 13.5, 12.5 ],
    "faces": {
        "up":    { "uv": [ 0.5, 10.5, 2.5, 12.5 ], "texture": "#metal" },
        "north": { "uv": [ 13.5, 2.5, 15.5, 4 ], "texture": "#metal" },
        "south": { "uv": [ 0.5, 2.5, 2.5, 4 ], "texture": "#metal" },
        "west":  { "uv": [ 10.5, 2.5, 12.5, 4 ], "texture": "#metal" },
        "east":  { "uv": [ 3.5, 2.5, 5.5, 4 ], "texture": "#metal" }
    }
},
{
    "__comment": "Left Metal",
    "from": [ 1, 13.5, 11 ],
    "to": [ 2, 14, 12 ],
    "faces": {
        "up":    { "uv": [ 1, 11, 2, 12 ], "texture": "#wool_colored_red" },
        "north": { "uv": [ 14, 2, 15, 2.5 ], "texture": "#wool_colored_red" },
        "south": { "uv": [ 1, 2, 2, 2.5 ], "texture": "#wool_colored_red" },
        "west":  { "uv": [ 11, 2, 12, 2.5 ], "texture": "#wool_colored_red" },
        "east":  { "uv": [ 4, 2, 5, 2.5 ], "texture": "#wool_colored_red" }
    }
},
{
    "__comment": "Right Metal",
    "from": [ 13.5, 12, 10.5 ],
    "to": [ 15.5, 13.5, 12.5 ],
    "faces": {
        "up":    { "uv": [ 13.5, 10.5, 15.5, 12.5 ], "texture": "#metal" },
        "north": { "uv": [ 0.5, 2.5, 2.5, 4 ], "texture": "#metal" },
        "south": { "uv": [ 13.5, 2.5, 15.5, 4 ], "texture": "#metal" },
        "west":  { "uv": [ 10.5, 2.5, 12.5, 4 ], "texture": "#metal" },
        "east":  { "uv": [ 3.5, 2.5, 5.5, 4 ], "texture": "#metal" }
    }
},
{
    "__comment": "Right Metal",
    "from": [ 14, 13.5, 11 ],
    "to": [ 15, 14, 12 ],
    "faces": {
        "up":    { "uv": [ 14, 11, 15, 12 ], "texture": "#bottom" },
        "north": { "uv": [ 1, 2, 2, 2.5 ], "texture": "#bottom" },
        "south": { "uv": [ 14, 2, 15, 2.5 ], "texture": "#bottom" },
        "west":  { "uv": [ 11, 2, 12, 2.5 ], "texture": "#bottom" },
        "east":  { "uv": [ 4, 2, 5, 2.5 ], "texture": "#bottom" }
    }
},
{
    "__comment": "Handle",
    "from": [ 2.5, 13.5, 5.5 ],
    "to": [ 3, 15, 8 ],
    "faces": {
        "up":    { "uv": [ 2.5, 5.5, 3, 8 ], "texture": "#bottom" },
        "north": { "uv": [ 13, 1, 13.5, 2.5 ], "texture": "#bottom" },
        "south": { "uv": [ 2.5, 1, 3, 2.5 ], "texture": "#bottom" },
        "west":  { "uv": [ 5.5, 1, 8, 2.5 ], "texture": "#bottom" },
        "east":  { "uv": [ 8, 1, 10.5, 2.5 ], "texture": "#bottom" }
    }
},
{
    "__comment": "Handle",
    "from": [ 3, 14.5, 5.5 ],
    "to": [ 13, 15, 8 ],
    "faces": {
        "down":  { "uv": [ 13, 8, 3, 5.5 ], "texture": "#bottom" },
        "up":    { "uv": [ 3, 5.5, 13, 8 ], "texture": "#bottom" },
        "north": { "uv": [ 3, 1, 13, 1.5 ], "texture": "#bottom" },
        "south": { "uv": [ 3, 1, 13, 1.5 ], "texture": "#bottom" }
    }
},
{
    "__comment": "Handle",
    "from": [ 13, 13.5, 5.5 ],
    "to": [ 13.5, 15, 8 ],
    "faces": {
        "up":    { "uv": [ 13, 5.5, 13.5, 8 ], "texture": "#bottom" },
        "north": { "uv": [ 2.5, 1, 3, 2.5 ], "texture": "#bottom" },
        "south": { "uv": [ 13, 1, 13.5, 2.5 ], "texture": "#bottom" },
        "west":  { "uv": [ 5.5, 1, 8, 2.5 ], "texture": "#bottom" },
        "east":  { "uv": [ 8, 1, 10.5, 2.5 ], "texture": "#bottom" }
    }
}
],
"display": {
    "thirdperson_righthand": {
        "rotation": [ 90, 90, -20 ],
        "translation": [ 0.76, -3.21, -1.7 ],
        "scale": [ 0.5, 0.5, 0.5 ]
    },
    "thirdperson_lefthand": {
        "rotation": [ 90, 90, -20 ],
        "translation": [ 0.76, -3.21, -1.7 ],
        "scale": [ 0.5, 0.5, 0.5 ]
    },
    "head": {
        "rotation": [ 0, 180, 0 ],
        "translation": [ 0, 6.6, 0 ],
        "scale": [ 1, 1, 1 ]
    },
    "ground": {
        "rotation": [ 0, 0, 0 ],
        "translation": [ 0, 1, 0 ],
        "scale": [ 0.5, 0.5, 0.5 ]
    },
    "fixed": {
        "rotation": [ 0, 147, 0 ],
        "translation": [ 0, -8.88, -16.82 ],
        "scale": [ 1.7, 1.7, 1.7 ]
    },
    "firstperson_righthand": {
        "rotation": [ 0, -90, 0 ],
        "translation": [ 0, 0, 1 ],
        "scale": [ 0.5, 0.5, 0.5 ]
    },
    "firstperson_lefthand": {
        "rotation": [ 0, -90, 0 ],
        "translation": [ 0, 0, 1 ],
        "scale": [ -0.5, 0.5, 0.5 ]
    },
    "gui": {
        "rotation": [ 30, -45, 0 ],
        "translation": [ 0, 0, 0 ],
        "scale": [ 0.7, 0.7, 0.7 ]
    }
}
}