{
	"__comment": "Разработано специально для Hard-Days.SU  ::  If you steal our models - you PIDOR!",
"ambientocclusion": false,
"textures": {
    "metal": "blocks/iron_block",
    "black": "blocks/wool_colored_black"
},
"elements": [ 
{
    "__comment": "Key",
    "from": [ 7.6, 6, 7.875 ],
    "to": [ 8.4, 7, 8.125 ],
    "faces": {
        "down":  { "uv": [ 8.4, 8.125, 7.6, 7.875 ], "texture": "#metal" },
        "north": { "uv": [ 7.6, 9, 8.4, 10 ], "texture": "#metal" },
        "south": { "uv": [ 7.6, 9, 8.4, 10 ], "texture": "#metal" },
        "west":  { "uv": [ 7.875, 9, 8.125, 10 ], "texture": "#metal" },
        "east":  { "uv": [ 7.875, 9, 8.125, 10 ], "texture": "#metal" }
    }
},
{
    "__comment": "Key",
    "from": [ 7.9, 3, 7.875 ],
    "to": [ 8.1, 6, 8.125 ],
    "faces": {
        "down":  { "uv": [ 8.1, 8.125, 7.9, 7.875 ], "texture": "#metal" },
        "north": { "uv": [ 7.9, 10, 8.1, 13 ], "texture": "#metal" },
        "south": { "uv": [ 7.9, 10, 8.1, 13 ], "texture": "#metal" },
        "west":  { "uv": [ 7.875, 10, 8.125, 13 ], "texture": "#metal" },
        "east":  { "uv": [ 7.875, 10, 8.125, 13 ], "texture": "#metal" }
    }
},
{
    "__comment": "Key",
    "from": [ 7.6, 4, 7.925 ],
    "to": [ 7.9, 6, 8.025 ],
    "faces": {
        "down":  { "uv": [ 8.4, 8.025, 8.1, 7.925 ], "texture": "#metal" },
        "up":    { "uv": [ 7.6, 7.925, 7.9, 8.025 ], "texture": "#metal" },
        "north": { "uv": [ 8.1, 10, 8.4, 12 ], "texture": "#metal" },
        "south": { "uv": [ 7.6, 10, 7.9, 12 ], "texture": "#metal" },
        "west":  { "uv": [ 7.925, 10, 8.025, 12 ], "texture": "#metal" },
        "east":  { "uv": [ 7.975, 10, 8.075, 12 ], "texture": "#metal" }
    }
},
{
    "__comment": "Key",
    "from": [ 7.75, 3.25, 7.925 ],
    "to": [ 7.9, 4, 8.025 ],
    "faces": {
        "down":  { "uv": [ 8.25, 8.025, 8.1, 7.925 ], "texture": "#metal" },
        "up":    { "uv": [ 7.75, 7.925, 7.9, 8.025 ], "texture": "#metal" },
        "north": { "uv": [ 8.1, 12, 8.25, 12.75 ], "texture": "#metal" },
        "south": { "uv": [ 7.75, 12, 7.9, 12.75 ], "texture": "#metal" },
        "west":  { "uv": [ 7.925, 12, 8.025, 12.75 ], "texture": "#metal" },
        "east":  { "uv": [ 7.975, 12, 8.075, 12.75 ], "texture": "#metal" }
    }
},
{
    "__comment": "Key",
    "from": [ 8.1, 4, 7.925 ],
    "to": [ 8.4, 6, 8.025 ],
    "faces": {
        "down":  { "uv": [ 7.9, 8.025, 7.6, 7.925 ], "texture": "#metal" },
        "up":    { "uv": [ 8.1, 7.925, 8.4, 8.025 ], "texture": "#metal" },
        "north": { "uv": [ 7.6, 10, 7.9, 12 ], "texture": "#metal" },
        "south": { "uv": [ 8.1, 10, 8.4, 12 ], "texture": "#metal" },
        "west":  { "uv": [ 7.925, 10, 8.025, 12 ], "texture": "#metal" },
        "east":  { "uv": [ 7.975, 10, 8.075, 12 ], "texture": "#metal" }
    }
},
{
    "__comment": "Key",
    "from": [ 8.1, 3.25, 7.925 ],
    "to": [ 8.25, 4, 8.025 ],
    "faces": {
        "down":  { "uv": [ 7.9, 8.025, 7.75, 7.925 ], "texture": "#metal" },
        "up":    { "uv": [ 8.1, 7.925, 8.25, 8.025 ], "texture": "#metal" },
        "north": { "uv": [ 7.75, 12, 7.9, 12.75 ], "texture": "#metal" },
        "south": { "uv": [ 8.1, 12, 8.25, 12.75 ], "texture": "#metal" },
        "west":  { "uv": [ 7.925, 12, 8.025, 12.75 ], "texture": "#metal" },
        "east":  { "uv": [ 7.975, 12, 8.075, 12.75 ], "texture": "#metal" }
    }
},
{
    "__comment": "Key Top",
    "from": [ 7.25, 7, 7.5 ],
    "to": [ 8.75, 7.25, 8.5 ],
    "faces": {
        "down":  { "uv": [ 8.75, 8.5, 7.25, 7.5 ], "texture": "#black" },
        "north": { "uv": [ 7.25, 8.75, 8.75, 9 ], "texture": "#black" },
        "south": { "uv": [ 7.25, 8.75, 8.75, 9 ], "texture": "#black" },
        "west":  { "uv": [ 7.5, 8.75, 8.5, 9 ], "texture": "#black" },
        "east":  { "uv": [ 7.5, 8.75, 8.5, 9 ], "texture": "#black" }
    }
},
{
    "__comment": "Key Top",
    "from": [ 6.75, 7.25, 7.5 ],
    "to": [ 9.25, 7.5, 8.5 ],
    "faces": {
        "down":  { "uv": [ 9.25, 8.5, 6.75, 7.5 ], "texture": "#black" },
        "north": { "uv": [ 6.75, 8.5, 9.25, 8.75 ], "texture": "#black" },
        "south": { "uv": [ 6.75, 8.5, 9.25, 8.75 ], "texture": "#black" },
        "west":  { "uv": [ 7.5, 8.5, 8.5, 8.75 ], "texture": "#black" },
        "east":  { "uv": [ 7.5, 8.5, 8.5, 8.75 ], "texture": "#black" }
    }
},
{
    "__comment": "Key Top",
    "from": [ 6.5, 7.5, 7.5 ],
    "to": [ 9.5, 9.5, 8.5 ],
    "faces": {
        "down":  { "uv": [ 9.5, 8.5, 6.5, 7.5 ], "texture": "#black" },
        "up":    { "uv": [ 6.5, 7.5, 9.5, 8.5 ], "texture": "#black" },
        "north": { "uv": [ 6.5, 6.5, 9.5, 8.5 ], "texture": "#black" },
        "south": { "uv": [ 6.5, 6.5, 9.5, 8.5 ], "texture": "#black" },
        "west":  { "uv": [ 7.5, 6.5, 8.5, 8.5 ], "texture": "#black" },
        "east":  { "uv": [ 7.5, 6.5, 8.5, 8.5 ], "texture": "#black" }
    }
},
{
    "__comment": "Key Top",
    "from": [ 6.25, 8, 7.5 ],
    "to": [ 6.5, 10, 8.5 ],
    "faces": {
        "down":  { "uv": [ 9.75, 8.5, 9.5, 7.5 ], "texture": "#black" },
        "up":    { "uv": [ 6.25, 7.5, 6.5, 8.5 ], "texture": "#black" },
        "north": { "uv": [ 9.5, 6, 9.75, 8 ], "texture": "#black" },
        "south": { "uv": [ 6.25, 6, 6.5, 8 ], "texture": "#black" },
        "west":  { "uv": [ 7.5, 6, 8.5, 8 ], "texture": "#black" },
        "east":  { "uv": [ 7.5, 6, 8.5, 8 ], "texture": "#black" }
    }
},
{
    "__comment": "Key Top",
    "from": [ 9.5, 8, 7.5 ],
    "to": [ 9.75, 10, 8.5 ],
    "faces": {
        "down":  { "uv": [ 6.5, 8.5, 6.25, 7.5 ], "texture": "#black" },
        "up":    { "uv": [ 9.5, 7.5, 9.75, 8.5 ], "texture": "#black" },
        "north": { "uv": [ 6.25, 6, 6.5, 8 ], "texture": "#black" },
        "south": { "uv": [ 9.5, 6, 9.75, 8 ], "texture": "#black" },
        "west":  { "uv": [ 7.5, 6, 8.5, 8 ], "texture": "#black" },
        "east":  { "uv": [ 7.5, 6, 8.5, 8 ], "texture": "#black" }
    }
},
{
    "__comment": "Key Top",
    "from": [ 6.5, 10, 7.5 ],
    "to": [ 9.5, 10.5, 8.5 ],
    "faces": {
        "down":  { "uv": [ 9.5, 8.5, 6.5, 7.5 ], "texture": "#black" },
        "up":    { "uv": [ 6.5, 7.5, 9.5, 8.5 ], "texture": "#black" },
        "north": { "uv": [ 6.5, 5.5, 9.5, 6 ], "texture": "#black" },
        "south": { "uv": [ 6.5, 5.5, 9.5, 6 ], "texture": "#black" },
        "west":  { "uv": [ 7.5, 5.5, 8.5, 6 ], "texture": "#black" },
        "east":  { "uv": [ 7.5, 5.5, 8.5, 6 ], "texture": "#black" }
    }
},
{
    "__comment": "Key Top",
    "from": [ 6.5, 9.5, 7.5 ],
    "to": [ 7, 10, 8.5 ],
    "faces": {
        "north": { "uv": [ 9, 6, 9.5, 6.5 ], "texture": "#black" },
        "south": { "uv": [ 6.5, 6, 7, 6.5 ], "texture": "#black" },
        "east":  { "uv": [ 7.5, 6, 8.5, 6.5 ], "texture": "#black" }
    }
},
{
    "__comment": "Key Top",
    "from": [ 9, 9.5, 7.5 ],
    "to": [ 9.5, 10, 8.5 ],
    "faces": {
        "north": { "uv": [ 6.5, 6, 7, 6.5 ], "texture": "#black" },
        "south": { "uv": [ 9, 6, 9.5, 6.5 ], "texture": "#black" },
        "west":  { "uv": [ 7.5, 6, 8.5, 6.5 ], "texture": "#black" }
    }
}
],
"display": {
    "thirdperson_righthand": {
        "rotation": [ 0, 90, 90 ],
        "translation": [ 0, -2.25, -1.32 ],
        "scale": [ 0.6, 0.6, 0.6 ]
    },
    "thirdperson_lefthand": {
        "rotation": [ 0, 90, 90 ],
        "translation": [ 0, -2.25, -1.32 ],
        "scale": [ 0.6, 0.6, 0.6 ]
    },
    "ground": {
        "rotation": [ 90, 0, 0 ],
        "translation": [ 0, 0, 2 ],
        "scale": [ 0.65, 0.65, 0.65 ]
    },
    "firstperson_righthand": {
        "rotation": [ 0, 88, 85 ],
        "translation": [ 0, 0.57, 0 ],
        "scale": [ 1, 1, 1 ]
    },
    "firstperson_lefthand": {
        "rotation": [ 0, 88, 85 ],
        "translation": [ 0, 0.57, 0 ],
        "scale": [ 1, 1, 1 ]
    },
    "gui": {
        "rotation": [ 26, -17, -118 ],
        "translation": [ 1.32, -0.19, 0 ],
        "scale": [ 2, 2, 2 ]
    }
}
}