{
	"__comment": "Разработано специально для Hard-Days.SU  ::  If you steal our models - you PIDOR!",
"ambientocclusion": false,
"textures": {
    "inner": "blocks/wool_colored_black",
    "treads": "blocks/tire",
    "treads2": "blocks/tire_2",
    "tire_outer": "blocks/tire_outer",
    "treads3": "blocks/tire_3"
},
"elements": [ 
{
    "__comment": "Tire",
    "from": [ 5, 14, 6 ],
    "to": [ 11, 16, 10 ],
    "faces": {
        "down":  { "uv": [ 11, 10, 5, 6 ], "texture": "#inner" },
        "up":    { "uv": [ 5, 6, 11, 10 ], "texture": "#treads2" },
        "north": { "uv": [ 5, 0, 11, 2 ], "texture": "#tire_outer" },
        "south": { "uv": [ 5, 0, 11, 2 ], "texture": "#tire_outer" },
        "west":  { "uv": [ 6, 0, 10, 2 ], "texture": "#treads" },
        "east":  { "uv": [ 6, 0, 10, 2 ], "texture": "#treads3" }
    }
},
{
    "__comment": "Tire",
    "from": [ 3, 13, 6 ],
    "to": [ 5, 15, 10 ],
    "faces": {
        "down":  { "uv": [ 13, 10, 11, 6 ], "texture": "#inner" },
        "up":    { "uv": [ 3, 6, 5, 10 ], "texture": "#treads2" },
        "north": { "uv": [ 11, 1, 13, 3 ], "texture": "#tire_outer" },
        "south": { "uv": [ 3, 1, 5, 3 ], "texture": "#tire_outer" },
        "west":  { "uv": [ 6, 1, 10, 3 ], "texture": "#treads" },
        "east":  { "uv": [ 6, 1, 10, 3 ], "texture": "#inner" }
    }
},
{
    "__comment": "Tire",
    "from": [ 2, 13, 6 ],
    "to": [ 3, 14, 10 ],
    "faces": {
        "up":    { "uv": [ 2, 6, 3, 10 ], "texture": "#treads2" },
        "north": { "uv": [ 13, 2, 14, 3 ], "texture": "#tire_outer" },
        "south": { "uv": [ 2, 2, 3, 3 ], "texture": "#tire_outer" },
        "west":  { "uv": [ 6, 2, 10, 3 ], "texture": "#treads" }
    }
},
{
    "__comment": "Tire",
    "from": [ 1, 11, 6 ],
    "to": [ 3, 13, 10 ],
    "faces": {
        "down":  { "uv": [ 15, 10, 13, 6 ], "texture": "#inner" },
        "up":    { "uv": [ 1, 6, 3, 10 ], "texture": "#treads2" },
        "north": { "uv": [ 13, 3, 15, 5 ], "texture": "#tire_outer" },
        "south": { "uv": [ 1, 3, 3, 5 ], "texture": "#tire_outer" },
        "west":  { "uv": [ 6, 3, 10, 5 ], "texture": "#treads" },
        "east":  { "uv": [ 6, 3, 10, 5 ], "texture": "#inner" }
    }
},
{
    "__comment": "Tire",
    "from": [ 0, 5, 6 ],
    "to": [ 2, 11, 10 ],
    "faces": {
        "down":  { "uv": [ 16, 10, 14, 6 ], "texture": "#treads2" },
        "up":    { "uv": [ 0, 6, 2, 10 ], "texture": "#treads2" },
        "north": { "uv": [ 14, 5, 16, 11 ], "texture": "#tire_outer" },
        "south": { "uv": [ 0, 5, 2, 11 ], "texture": "#tire_outer" },
        "west":  { "uv": [ 6, 5, 10, 11 ], "texture": "#treads" },
        "east":  { "uv": [ 6, 5, 10, 11 ], "texture": "#inner" }
    }
},
{
    "__comment": "Tire",
    "from": [ 1, 3, 6 ],
    "to": [ 3, 5, 10 ],
    "faces": {
        "down":  { "uv": [ 15, 10, 13, 6 ], "texture": "#treads2" },
        "up":    { "uv": [ 1, 6, 3, 10 ], "texture": "#inner" },
        "north": { "uv": [ 13, 11, 15, 13 ], "texture": "#tire_outer" },
        "south": { "uv": [ 1, 11, 3, 13 ], "texture": "#tire_outer" },
        "west":  { "uv": [ 6, 11, 10, 13 ], "texture": "#treads" },
        "east":  { "uv": [ 6, 11, 10, 13 ], "texture": "#inner" }
    }
},
{
    "__comment": "Tire",
    "from": [ 2, 2, 6 ],
    "to": [ 3, 3, 10 ],
    "faces": {
        "down":  { "uv": [ 14, 10, 13, 6 ], "texture": "#treads2" },
        "north": { "uv": [ 13, 13, 14, 14 ], "texture": "#tire_outer" },
        "south": { "uv": [ 2, 13, 3, 14 ], "texture": "#tire_outer" },
        "west":  { "uv": [ 6, 13, 10, 14 ], "texture": "#treads" }
    }
},
{
    "__comment": "Tire",
    "from": [ 3, 1, 6 ],
    "to": [ 5, 3, 10 ],
    "faces": {
        "down":  { "uv": [ 13, 10, 11, 6 ], "texture": "#treads2" },
        "up":    { "uv": [ 3, 6, 5, 10 ], "texture": "#inner" },
        "north": { "uv": [ 11, 13, 13, 15 ], "texture": "#tire_outer" },
        "south": { "uv": [ 3, 13, 5, 15 ], "texture": "#tire_outer" },
        "west":  { "uv": [ 6, 13, 10, 15 ], "texture": "#treads" },
        "east":  { "uv": [ 6, 13, 10, 15 ], "texture": "#inner" }
    }
},
{
    "__comment": "Tire",
    "from": [ 5, 0, 6 ],
    "to": [ 11, 2, 10 ],
    "faces": {
        "down":  { "uv": [ 11, 10, 5, 6 ], "texture": "#treads2" },
        "up":    { "uv": [ 5, 6, 11, 10 ], "texture": "#inner" },
        "north": { "uv": [ 5, 14, 11, 16 ], "texture": "#tire_outer" },
        "south": { "uv": [ 5, 14, 11, 16 ], "texture": "#tire_outer" },
        "west":  { "uv": [ 6, 14, 10, 16 ], "texture": "#treads" },
        "east":  { "uv": [ 6, 14, 10, 16 ], "texture": "#treads3" }
    }
},
{
    "__comment": "Tire",
    "from": [ 11, 13, 6 ],
    "to": [ 13, 15, 10 ],
    "faces": {
        "down":  { "uv": [ 5, 10, 3, 6 ], "texture": "#inner" },
        "up":    { "uv": [ 11, 6, 13, 10 ], "texture": "#treads2" },
        "north": { "uv": [ 3, 1, 5, 3 ], "texture": "#tire_outer" },
        "south": { "uv": [ 11, 1, 13, 3 ], "texture": "#tire_outer" },
        "west":  { "uv": [ 6, 1, 10, 3 ], "texture": "#inner" },
        "east":  { "uv": [ 6, 1, 10, 3 ], "texture": "#treads3" }
    }
},
{
    "__comment": "Tire",
    "from": [ 13, 13, 6 ],
    "to": [ 14, 14, 10 ],
    "faces": {
        "up":    { "uv": [ 13, 6, 14, 10 ], "texture": "#treads2" },
        "north": { "uv": [ 2, 2, 3, 3 ], "texture": "#tire_outer" },
        "south": { "uv": [ 13, 2, 14, 3 ], "texture": "#tire_outer" },
        "east":  { "uv": [ 6, 2, 10, 3 ], "texture": "#treads3" }
    }
},
{
    "__comment": "Tire",
    "from": [ 13, 11, 6 ],
    "to": [ 15, 13, 10 ],
    "faces": {
        "down":  { "uv": [ 3, 10, 1, 6 ], "texture": "#inner" },
        "up":    { "uv": [ 13, 6, 15, 10 ], "texture": "#treads2" },
        "north": { "uv": [ 1, 3, 3, 5 ], "texture": "#tire_outer" },
        "south": { "uv": [ 13, 3, 15, 5 ], "texture": "#tire_outer" },
        "west":  { "uv": [ 6, 3, 10, 5 ], "texture": "#inner" },
        "east":  { "uv": [ 6, 3, 10, 5 ], "texture": "#treads3" }
    }
},
{
    "__comment": "Tire",
    "from": [ 14, 5, 6 ],
    "to": [ 16, 11, 10 ],
    "faces": {
        "down":  { "uv": [ 2, 10, 0, 6 ], "texture": "#treads2" },
        "up":    { "uv": [ 14, 6, 16, 10 ], "texture": "#treads2" },
        "north": { "uv": [ 0, 5, 2, 11 ], "texture": "#tire_outer" },
        "south": { "uv": [ 14, 5, 16, 11 ], "texture": "#tire_outer" },
        "west":  { "uv": [ 6, 5, 10, 11 ], "texture": "#inner" },
        "east":  { "uv": [ 6, 5, 10, 11 ], "texture": "#treads3" }
    }
},
{
    "__comment": "Tire",
    "from": [ 13, 3, 6 ],
    "to": [ 15, 5, 10 ],
    "faces": {
        "down":  { "uv": [ 3, 10, 1, 6 ], "texture": "#treads2" },
        "up":    { "uv": [ 13, 6, 15, 10 ], "texture": "#inner" },
        "north": { "uv": [ 1, 11, 3, 13 ], "texture": "#tire_outer" },
        "south": { "uv": [ 13, 11, 15, 13 ], "texture": "#tire_outer" },
        "west":  { "uv": [ 6, 11, 10, 13 ], "texture": "#inner" },
        "east":  { "uv": [ 6, 11, 10, 13 ], "texture": "#treads3" }
    }
},
{
    "__comment": "Tire",
    "from": [ 13, 2, 6 ],
    "to": [ 14, 3, 10 ],
    "faces": {
        "down":  { "uv": [ 3, 10, 2, 6 ], "texture": "#treads2" },
        "north": { "uv": [ 2, 13, 3, 14 ], "texture": "#tire_outer" },
        "south": { "uv": [ 13, 13, 14, 14 ], "texture": "#tire_outer" },
        "east":  { "uv": [ 6, 13, 10, 14 ], "texture": "#treads3" }
    }
},
{
    "__comment": "Tire",
    "from": [ 11, 1, 6 ],
    "to": [ 13, 3, 10 ],
    "faces": {
        "down":  { "uv": [ 5, 10, 3, 6 ], "texture": "#treads2" },
        "up":    { "uv": [ 11, 6, 13, 10 ], "texture": "#inner" },
        "north": { "uv": [ 3, 13, 5, 15 ], "texture": "#tire_outer" },
        "south": { "uv": [ 11, 13, 13, 15 ], "texture": "#tire_outer" },
        "west":  { "uv": [ 6, 13, 10, 15 ], "texture": "#inner" },
        "east":  { "uv": [ 6, 13, 10, 15 ], "texture": "#treads3" }
    }
},
{
    "__comment": "Tire",
    "from": [ 3, 12, 6 ],
    "to": [ 4, 13, 10 ],
    "faces": {
        "down":  { "uv": [ 13, 10, 12, 6 ], "texture": "#inner" },
        "east":  { "uv": [ 6, 3, 10, 4 ], "texture": "#inner" }
    }
},
{
    "__comment": "Tire",
    "from": [ 12, 12, 6 ],
    "to": [ 13, 13, 10 ],
    "faces": {
        "down":  { "uv": [ 4, 10, 3, 6 ], "texture": "#inner" },
        "west":  { "uv": [ 6, 3, 10, 4 ], "texture": "#inner" }
    }
},
{
    "__comment": "Tire",
    "from": [ 3, 3, 6 ],
    "to": [ 4, 4, 10 ],
    "faces": {
        "up":    { "uv": [ 3, 6, 4, 10 ], "texture": "#inner" },
        "east":  { "uv": [ 6, 12, 10, 13 ], "texture": "#inner" }
    }
},
{
    "__comment": "Tire",
    "from": [ 12, 3, 6 ],
    "to": [ 13, 4, 10 ],
    "faces": {
        "up":    { "uv": [ 12, 6, 13, 10 ], "texture": "#inner" },
        "west":  { "uv": [ 6, 12, 10, 13 ], "texture": "#inner" }
    }
},
{
    "__comment": "Tire Outer 1",
    "from": [ 2, 11, 10 ],
    "to": [ 4, 13, 11 ],
    "faces": {
        "down":  { "uv": [ 14, 11, 12, 10 ], "texture": "#tire_outer" },
        "up":    { "uv": [ 2, 10, 4, 11 ], "texture": "#treads2" },
        "north": { "uv": [ 12, 3, 14, 5 ], "texture": "#inner" },
        "south": { "uv": [ 2, 3, 4, 5 ], "texture": "#tire_outer" },
        "west":  { "uv": [ 10, 3, 11, 5 ], "texture": "#treads3" },
        "east":  { "uv": [ 5, 3, 6, 5 ], "texture": "#tire_outer" }
    }
},
{
    "__comment": "Tire Outer 1",
    "from": [ 3, 13, 10 ],
    "to": [ 5, 14, 11 ],
    "faces": {
        "down":  { "uv": [ 13, 11, 11, 10 ], "texture": "#treads" },
        "up":    { "uv": [ 3, 10, 5, 11 ], "texture": "#treads2" },
        "south": { "uv": [ 3, 2, 5, 3 ], "texture": "#tire_outer" },
        "west":  { "uv": [ 10, 2, 11, 3 ], "texture": "#treads3" }
    }
},
{
    "__comment": "Tire Outer 1",
    "from": [ 5, 13, 10 ],
    "to": [ 11, 15, 11 ],
    "faces": {
        "down":  { "uv": [ 11, 11, 5, 10 ], "texture": "#tire_outer" },
        "up":    { "uv": [ 5, 10, 11, 11 ], "texture": "#treads2" },
        "north": { "uv": [ 5, 1, 11, 3 ], "texture": "#inner" },
        "south": { "uv": [ 5, 1, 11, 3 ], "texture": "#tire_outer" },
        "west":  { "uv": [ 10, 1, 11, 3 ], "texture": "#treads3" },
        "east":  { "uv": [ 5, 1, 6, 3 ], "texture": "#treads" }
    }
},
{
    "__comment": "Tire Outer 1",
    "from": [ 4, 12, 10 ],
    "to": [ 5, 13, 11 ],
    "faces": {
        "down":  { "uv": [ 12, 11, 11, 10 ], "texture": "#tire_outer" },
        "north": { "uv": [ 11, 3, 12, 4 ], "texture": "#inner" },
        "south": { "uv": [ 4, 3, 5, 4 ], "texture": "#tire_outer" },
        "east":  { "uv": [ 5, 3, 6, 4 ], "texture": "#tire_outer" }
    }
},
{
    "__comment": "Tire Outer 1",
    "from": [ 1, 5, 10 ],
    "to": [ 3, 11, 11 ],
    "faces": {
        "down":  { "uv": [ 15, 11, 13, 10 ], "texture": "#treads2" },
        "up":    { "uv": [ 1, 10, 3, 11 ], "texture": "#treads2" },
        "north": { "uv": [ 13, 5, 15, 11 ], "texture": "#inner" },
        "south": { "uv": [ 1, 5, 3, 11 ], "texture": "#tire_outer" },
        "west":  { "uv": [ 10, 5, 11, 11 ], "texture": "#treads" },
        "east":  { "uv": [ 5, 5, 6, 11 ], "texture": "#tire_outer" }
    }
},
{
    "__comment": "Tire Outer 1",
    "from": [ 2, 3, 10 ],
    "to": [ 4, 5, 11 ],
    "faces": {
        "down":  { "uv": [ 14, 11, 12, 10 ], "texture": "#treads2" },
        "up":    { "uv": [ 2, 10, 4, 11 ], "texture": "#tire_outer" },
        "north": { "uv": [ 12, 11, 14, 13 ], "texture": "#inner" },
        "south": { "uv": [ 2, 11, 4, 13 ], "texture": "#tire_outer" },
        "west":  { "uv": [ 10, 11, 11, 13 ], "texture": "#treads" },
        "east":  { "uv": [ 5, 11, 6, 13 ], "texture": "#tire_outer" }
    }
},
{
    "__comment": "Tire Outer 1",
    "from": [ 3, 2, 10 ],
    "to": [ 5, 3, 11 ],
    "faces": {
        "down":  { "uv": [ 13, 11, 11, 10 ], "texture": "#treads2" },
        "up":    { "uv": [ 3, 10, 5, 11 ], "texture": "#treads" },
        "south": { "uv": [ 3, 13, 5, 14 ], "texture": "#tire_outer" },
        "west":  { "uv": [ 10, 13, 11, 14 ], "texture": "#treads" }
    }
},
{
    "__comment": "Tire Outer 1",
    "from": [ 5, 1, 10 ],
    "to": [ 11, 3, 11 ],
    "faces": {
        "down":  { "uv": [ 11, 11, 5, 10 ], "texture": "#treads2" },
        "up":    { "uv": [ 5, 10, 11, 11 ], "texture": "#tire_outer" },
        "north": { "uv": [ 5, 13, 11, 15 ], "texture": "#inner" },
        "south": { "uv": [ 5, 13, 11, 15 ], "texture": "#tire_outer" },
        "west":  { "uv": [ 10, 13, 11, 15 ], "texture": "#treads" },
        "east":  { "uv": [ 5, 13, 6, 15 ], "texture": "#treads" }
    }
},
{
    "__comment": "Tire Outer 1",
    "from": [ 4, 3, 10 ],
    "to": [ 5, 4, 11 ],
    "faces": {
        "up":    { "uv": [ 4, 10, 5, 11 ], "texture": "#tire_outer" },
        "north": { "uv": [ 11, 12, 12, 13 ], "texture": "#inner" },
        "south": { "uv": [ 4, 12, 5, 13 ], "texture": "#tire_outer" },
        "east":  { "uv": [ 5, 12, 6, 13 ], "texture": "#tire_outer" }
    }
},
{
    "__comment": "Tire Outer 1",
    "from": [ 12, 11, 10 ],
    "to": [ 14, 13, 11 ],
    "faces": {
        "down":  { "uv": [ 4, 11, 2, 10 ], "texture": "#tire_outer" },
        "up":    { "uv": [ 12, 10, 14, 11 ], "texture": "#treads2" },
        "north": { "uv": [ 2, 3, 4, 5 ], "texture": "#inner" },
        "south": { "uv": [ 12, 3, 14, 5 ], "texture": "#tire_outer" },
        "west":  { "uv": [ 10, 3, 11, 5 ], "texture": "#tire_outer" },
        "east":  { "uv": [ 5, 3, 6, 5 ], "texture": "#treads" }
    }
},
{
    "__comment": "Tire Outer 1",
    "from": [ 11, 13, 10 ],
    "to": [ 13, 14, 11 ],
    "faces": {
        "down":  { "uv": [ 5, 11, 3, 10 ], "texture": "#treads" },
        "up":    { "uv": [ 11, 10, 13, 11 ], "texture": "#treads2" },
        "south": { "uv": [ 11, 2, 13, 3 ], "texture": "#tire_outer" },
        "east":  { "uv": [ 5, 2, 6, 3 ], "texture": "#treads" }
    }
},
{
    "__comment": "Tire Outer 1",
    "from": [ 11, 12, 10 ],
    "to": [ 12, 13, 11 ],
    "faces": {
        "down":  { "uv": [ 5, 11, 4, 10 ], "texture": "#tire_outer" },
        "north": { "uv": [ 4, 3, 5, 4 ], "texture": "#inner" },
        "south": { "uv": [ 11, 3, 12, 4 ], "texture": "#tire_outer" },
        "west":  { "uv": [ 10, 3, 11, 4 ], "texture": "#tire_outer" }
    }
},
{
    "__comment": "Tire Outer 1",
    "from": [ 13, 5, 10 ],
    "to": [ 15, 11, 11 ],
    "faces": {
        "down":  { "uv": [ 3, 11, 1, 10 ], "texture": "#treads2" },
        "up":    { "uv": [ 13, 10, 15, 11 ], "texture": "#treads2" },
        "north": { "uv": [ 1, 5, 3, 11 ], "texture": "#inner" },
        "south": { "uv": [ 13, 5, 15, 11 ], "texture": "#tire_outer" },
        "west":  { "uv": [ 10, 5, 11, 11 ], "texture": "#tire_outer" },
        "east":  { "uv": [ 5, 5, 6, 11 ], "texture": "#treads" }
    }
},
{
    "__comment": "Tire Outer 1",
    "from": [ 12, 3, 10 ],
    "to": [ 14, 5, 11 ],
    "faces": {
        "down":  { "uv": [ 4, 11, 2, 10 ], "texture": "#treads2" },
        "up":    { "uv": [ 12, 10, 14, 11 ], "texture": "#tire_outer" },
        "north": { "uv": [ 2, 11, 4, 13 ], "texture": "#inner" },
        "south": { "uv": [ 12, 11, 14, 13 ], "texture": "#tire_outer" },
        "west":  { "uv": [ 10, 11, 11, 13 ], "texture": "#tire_outer" },
        "east":  { "uv": [ 5, 11, 6, 13 ], "texture": "#treads" }
    }
},
{
    "__comment": "Tire Outer 1",
    "from": [ 11, 2, 10 ],
    "to": [ 13, 3, 11 ],
    "faces": {
        "down":  { "uv": [ 5, 11, 3, 10 ], "texture": "#treads2" },
        "up":    { "uv": [ 11, 10, 13, 11 ], "texture": "#tire_outer" },
        "south": { "uv": [ 11, 13, 13, 14 ], "texture": "#tire_outer" },
        "east":  { "uv": [ 5, 13, 6, 14 ], "texture": "#treads" }
    }
},
{
    "__comment": "Tire Outer 1",
    "from": [ 11, 3, 10 ],
    "to": [ 12, 4, 11 ],
    "faces": {
        "up":    { "uv": [ 11, 10, 12, 11 ], "texture": "#tire_outer" },
        "north": { "uv": [ 4, 12, 5, 13 ], "texture": "#inner" },
        "south": { "uv": [ 11, 12, 12, 13 ], "texture": "#tire_outer" },
        "west":  { "uv": [ 10, 12, 11, 13 ], "texture": "#tire_outer" }
    }
},
{
    "__comment": "Tire Outer 2",
    "from": [ 2, 11, 5 ],
    "to": [ 4, 13, 6 ],
    "faces": {
        "down":  { "uv": [ 14, 6, 12, 5 ], "texture": "#tire_outer" },
        "up":    { "uv": [ 2, 5, 4, 6 ], "texture": "#treads2" },
        "north": { "uv": [ 12, 3, 14, 5 ], "texture": "#tire_outer" },
        "south": { "uv": [ 2, 3, 4, 5 ], "texture": "#inner" },
        "west":  { "uv": [ 5, 3, 6, 5 ], "texture": "#treads3" },
        "east":  { "uv": [ 10, 3, 11, 5 ], "texture": "#tire_outer" }
    }
},
{
    "__comment": "Tire Outer 2",
    "from": [ 3, 13, 5 ],
    "to": [ 5, 14, 6 ],
    "faces": {
        "down":  { "uv": [ 13, 6, 11, 5 ], "texture": "#treads" },
        "up":    { "uv": [ 3, 5, 5, 6 ], "texture": "#treads2" },
        "north": { "uv": [ 11, 2, 13, 3 ], "texture": "#tire_outer" },
        "west":  { "uv": [ 5, 2, 6, 3 ], "texture": "#treads3" }
    }
},
{
    "__comment": "Tire Outer 2",
    "from": [ 5, 13, 5 ],
    "to": [ 11, 15, 6 ],
    "faces": {
        "down":  { "uv": [ 11, 6, 5, 5 ], "texture": "#tire_outer" },
        "up":    { "uv": [ 5, 5, 11, 6 ], "texture": "#treads2" },
        "north": { "uv": [ 5, 1, 11, 3 ], "texture": "#tire_outer" },
        "south": { "uv": [ 5, 1, 11, 3 ], "texture": "#inner" },
        "west":  { "uv": [ 5, 1, 6, 3 ], "texture": "#treads3" },
        "east":  { "uv": [ 10, 1, 11, 3 ], "texture": "#treads" }
    }
},
{
    "__comment": "Tire Outer 2",
    "from": [ 4, 12, 5 ],
    "to": [ 5, 13, 6 ],
    "faces": {
        "down":  { "uv": [ 12, 6, 11, 5 ], "texture": "#tire_outer" },
        "north": { "uv": [ 11, 3, 12, 4 ], "texture": "#tire_outer" },
        "south": { "uv": [ 4, 3, 5, 4 ], "texture": "#inner" },
        "east":  { "uv": [ 10, 3, 11, 4 ], "texture": "#tire_outer" }
    }
},
{
    "__comment": "Tire Outer 2",
    "from": [ 1, 5, 5 ],
    "to": [ 3, 11, 6 ],
    "faces": {
        "down":  { "uv": [ 15, 6, 13, 5 ], "texture": "#treads2" },
        "up":    { "uv": [ 1, 5, 3, 6 ], "texture": "#treads2" },
        "north": { "uv": [ 13, 5, 15, 11 ], "texture": "#tire_outer" },
        "south": { "uv": [ 1, 5, 3, 11 ], "texture": "#inner" },
        "west":  { "uv": [ 5, 5, 6, 11 ], "texture": "#treads" },
        "east":  { "uv": [ 10, 5, 11, 11 ], "texture": "#tire_outer" }
    }
},
{
    "__comment": "Tire Outer 2",
    "from": [ 2, 3, 5 ],
    "to": [ 4, 5, 6 ],
    "faces": {
        "down":  { "uv": [ 14, 6, 12, 5 ], "texture": "#treads2" },
        "up":    { "uv": [ 2, 5, 4, 6 ], "texture": "#tire_outer" },
        "north": { "uv": [ 12, 11, 14, 13 ], "texture": "#tire_outer" },
        "south": { "uv": [ 2, 11, 4, 13 ], "texture": "#inner" },
        "west":  { "uv": [ 5, 11, 6, 13 ], "texture": "#treads" },
        "east":  { "uv": [ 10, 11, 11, 13 ], "texture": "#tire_outer" }
    }
},
{
    "__comment": "Tire Outer 2",
    "from": [ 3, 2, 5 ],
    "to": [ 5, 3, 6 ],
    "faces": {
        "down":  { "uv": [ 13, 6, 11, 5 ], "texture": "#treads2" },
        "up":    { "uv": [ 3, 5, 5, 6 ], "texture": "#treads" },
        "north": { "uv": [ 11, 13, 13, 14 ], "texture": "#tire_outer" },
        "west":  { "uv": [ 5, 13, 6, 14 ], "texture": "#treads" }
    }
},
{
    "__comment": "Tire Outer 2",
    "from": [ 5, 1, 5 ],
    "to": [ 11, 3, 6 ],
    "faces": {
        "down":  { "uv": [ 11, 6, 5, 5 ], "texture": "#treads2" },
        "up":    { "uv": [ 5, 5, 11, 6 ], "texture": "#tire_outer" },
        "north": { "uv": [ 5, 13, 11, 15 ], "texture": "#tire_outer" },
        "south": { "uv": [ 5, 13, 11, 15 ], "texture": "#inner" },
        "west":  { "uv": [ 5, 13, 6, 15 ], "texture": "#treads" },
        "east":  { "uv": [ 10, 13, 11, 15 ], "texture": "#treads" }
    }
},
{
    "__comment": "Tire Outer 2",
    "from": [ 4, 3, 5 ],
    "to": [ 5, 4, 6 ],
    "faces": {
        "up":    { "uv": [ 4, 5, 5, 6 ], "texture": "#tire_outer" },
        "north": { "uv": [ 11, 12, 12, 13 ], "texture": "#tire_outer" },
        "south": { "uv": [ 4, 12, 5, 13 ], "texture": "#inner" },
        "east":  { "uv": [ 10, 12, 11, 13 ], "texture": "#tire_outer" }
    }
},
{
    "__comment": "Tire Outer 2",
    "from": [ 12, 11, 5 ],
    "to": [ 14, 13, 6 ],
    "faces": {
        "down":  { "uv": [ 4, 6, 2, 5 ], "texture": "#tire_outer" },
        "up":    { "uv": [ 12, 5, 14, 6 ], "texture": "#treads2" },
        "north": { "uv": [ 2, 3, 4, 5 ], "texture": "#tire_outer" },
        "south": { "uv": [ 12, 3, 14, 5 ], "texture": "#inner" },
        "west":  { "uv": [ 5, 3, 6, 5 ], "texture": "#tire_outer" },
        "east":  { "uv": [ 10, 3, 11, 5 ], "texture": "#treads" }
    }
},
{
    "__comment": "Tire Outer 2",
    "from": [ 11, 13, 5 ],
    "to": [ 13, 14, 6 ],
    "faces": {
        "down":  { "uv": [ 5, 6, 3, 5 ], "texture": "#treads" },
        "up":    { "uv": [ 11, 5, 13, 6 ], "texture": "#treads2" },
        "north": { "uv": [ 3, 2, 5, 3 ], "texture": "#tire_outer" },
        "east":  { "uv": [ 10, 2, 11, 3 ], "texture": "#treads" }
    }
},
{
    "__comment": "Tire Outer 2",
    "from": [ 11, 12, 5 ],
    "to": [ 12, 13, 6 ],
    "faces": {
        "down":  { "uv": [ 5, 6, 4, 5 ], "texture": "#tire_outer" },
        "north": { "uv": [ 4, 3, 5, 4 ], "texture": "#tire_outer" },
        "south": { "uv": [ 11, 3, 12, 4 ], "texture": "#inner" },
        "west":  { "uv": [ 5, 3, 6, 4 ], "texture": "#tire_outer" }
    }
},
{
    "__comment": "Tire Outer 2",
    "from": [ 13, 5, 5 ],
    "to": [ 15, 11, 6 ],
    "faces": {
        "down":  { "uv": [ 3, 6, 1, 5 ], "texture": "#treads2" },
        "up":    { "uv": [ 13, 5, 15, 6 ], "texture": "#treads2" },
        "north": { "uv": [ 1, 5, 3, 11 ], "texture": "#tire_outer" },
        "south": { "uv": [ 13, 5, 15, 11 ], "texture": "#inner" },
        "west":  { "uv": [ 5, 5, 6, 11 ], "texture": "#tire_outer" },
        "east":  { "uv": [ 10, 5, 11, 11 ], "texture": "#treads" }
    }
},
{
    "__comment": "Tire Outer 2",
    "from": [ 12, 3, 5 ],
    "to": [ 14, 5, 6 ],
    "faces": {
        "down":  { "uv": [ 4, 6, 2, 5 ], "texture": "#treads2" },
        "up":    { "uv": [ 12, 5, 14, 6 ], "texture": "#tire_outer" },
        "north": { "uv": [ 2, 11, 4, 13 ], "texture": "#tire_outer" },
        "south": { "uv": [ 12, 11, 14, 13 ], "texture": "#inner" },
        "west":  { "uv": [ 5, 11, 6, 13 ], "texture": "#tire_outer" },
        "east":  { "uv": [ 10, 11, 11, 13 ], "texture": "#treads" }
    }
},
{
    "__comment": "Tire Outer 2",
    "from": [ 11, 2, 5 ],
    "to": [ 13, 3, 6 ],
    "faces": {
        "down":  { "uv": [ 5, 6, 3, 5 ], "texture": "#treads2" },
        "up":    { "uv": [ 11, 5, 13, 6 ], "texture": "#tire_outer" },
        "north": { "uv": [ 3, 13, 5, 14 ], "texture": "#tire_outer" },
        "east":  { "uv": [ 10, 13, 11, 14 ], "texture": "#treads" }
    }
},
{
    "__comment": "Tire Outer 2",
    "from": [ 11, 3, 5 ],
    "to": [ 12, 4, 6 ],
    "faces": {
        "up":    { "uv": [ 11, 5, 12, 6 ], "texture": "#tire_outer" },
        "north": { "uv": [ 4, 12, 5, 13 ], "texture": "#tire_outer" },
        "south": { "uv": [ 11, 12, 12, 13 ], "texture": "#inner" },
        "west":  { "uv": [ 5, 12, 6, 13 ], "texture": "#tire_outer" }
    }
}
],
"display": {
    "thirdperson_righthand": {
        "rotation": [ 0, 90, 0 ],
        "translation": [ 0, -2, -1.32 ],
        "scale": [ 0.6, 0.6, 0.6 ]
    },
    "thirdperson_lefthand": {
        "rotation": [ 0, -90, 0 ],
        "translation": [ 0, -2, -1.32 ],
        "scale": [ 0.6, 0.6, 0.6 ]
    },
    "ground": {
        "rotation": [ 90, 0, 0 ],
        "translation": [ 0, 0, 0 ],
        "scale": [ 1, 1, 1 ]
    },
    "firstperson_righthand": {
        "rotation": [ 0, 68, 0 ],
        "translation": [ 0.94, 0.19, 0 ],
        "scale": [ 0.4, 0.4, 0.4 ]
    },
    "firstperson_lefthand": {
        "rotation": [ 0, 68, 0 ],
        "translation": [ 0.94, 0.19, 0 ],
        "scale": [ 0.4, 0.4, 0.4 ]
    },
    "gui": {
        "rotation": [ 30, -45, 0 ],
        "translation": [ 0, 0, 0 ],
        "scale": [ 0.85, 0.85, 0.85 ]
    }
}
}